iso_code,continent,location,date,total_cases,new_cases,total_deaths,new_deaths
OWID_ASI,,Asia,2020-01-05,1.0,1.0,,0.0
OWID_ASI,,Asia,2020-01-06,1.0,0.0,,0.0
OWID_ASI,,Asia,2020-01-07,1.0,0.0,,0.0
OWID_ASI,,Asia,2020-01-08,1.0,0.0,,0.0
OWID_ASI,,Asia,2020-01-09,1.0,0.0,,0.0
OWID_ASI,,Asia,2020-01-10,1.0,0.0,,0.0
OWID_ASI,,Asia,2020-01-11,1.0,0.0,,0.0
OWID_ASI,,Asia,2020-01-12,45.0,44.0,1.0,1.0
OWID_ASI,,Asia,2020-01-13,45.0,0.0,1.0,0.0
OWID_ASI,,Asia,2020-01-14,45.0,0.0,1.0,0.0
OWID_ASI,,Asia,2020-01-15,45.0,0.0,1.0,0.0
OWID_ASI,,Asia,2020-01-16,45.0,0.0,1.0,0.0
OWID_ASI,,Asia,2020-01-17,45.0,0.0,1.0,0.0
OWID_ASI,,Asia,2020-01-18,45.0,0.0,1.0,0.0
OWID_ASI,,Asia,2020-01-19,133.0,88.0,3.0,2.0
OWID_ASI,,Asia,2020-01-20,133.0,0.0,3.0,0.0
OWID_ASI,,Asia,2020-01-21,133.0,0.0,3.0,0.0
OWID_ASI,,Asia,2020-01-22,133.0,0.0,3.0,0.0
OWID_ASI,,Asia,2020-01-23,133.0,0.0,3.0,0.0
OWID_ASI,,Asia,2020-01-24,133.0,0.0,3.0,0.0
OWID_ASI,,Asia,2020-01-25,133.0,0.0,3.0,0.0
OWID_ASI,,Asia,2020-01-26,2011.0,1879.0,56.0,53.0
OWID_ASI,,Asia,2020-01-27,2011.0,0.0,56.0,0.0
OWID_ASI,,Asia,2020-01-28,2011.0,0.0,56.0,0.0
OWID_ASI,,Asia,2020-01-29,2011.0,0.0,56.0,0.0
OWID_ASI,,Asia,2020-01-30,2011.0,0.0,56.0,0.0
OWID_ASI,,Asia,2020-01-31,2011.0,0.0,56.0,0.0
OWID_ASI,,Asia,2020-02-01,2011.0,0.0,56.0,0.0
OWID_ASI,,Asia,2020-02-02,14515.0,12504.0,362.0,306.0
OWID_ASI,,Asia,2020-02-03,14515.0,0.0,362.0,0.0
OWID_ASI,,Asia,2020-02-04,14515.0,0.0,362.0,0.0
OWID_ASI,,Asia,2020-02-05,14515.0,0.0,362.0,0.0
OWID_ASI,,Asia,2020-02-06,14515.0,0.0,362.0,0.0
OWID_ASI,,Asia,2020-02-07,14515.0,0.0,362.0,0.0
OWID_ASI,,Asia,2020-02-08,14515.0,0.0,362.0,0.0
OWID_ASI,,Asia,2020-02-09,37429.0,22914.0,906.0,544.0
OWID_ASI,,Asia,2020-02-10,37429.0,0.0,906.0,0.0
OWID_ASI,,Asia,2020-02-11,37429.0,0.0,906.0,0.0
OWID_ASI,,Asia,2020-02-12,37429.0,0.0,906.0,0.0
OWID_ASI,,Asia,2020-02-13,37429.0,0.0,906.0,0.0
OWID_ASI,,Asia,2020-02-14,37429.0,0.0,906.0,0.0
OWID_ASI,,Asia,2020-02-15,37429.0,0.0,906.0,0.0
OWID_ASI,,Asia,2020-02-16,68852.0,31423.0,1769.0,863.0
OWID_ASI,,Asia,2020-02-17,68852.0,0.0,1769.0,0.0
OWID_ASI,,Asia,2020-02-18,68852.0,0.0,1769.0,0.0
OWID_ASI,,Asia,2020-02-19,68852.0,0.0,1769.0,0.0
OWID_ASI,,Asia,2020-02-20,68852.0,0.0,1769.0,0.0
OWID_ASI,,Asia,2020-02-21,68852.0,0.0,1769.0,0.0
OWID_ASI,,Asia,2020-02-22,68852.0,0.0,1769.0,0.0
OWID_ASI,,Asia,2020-02-23,77969.0,9117.0,2456.0,687.0
OWID_ASI,,Asia,2020-02-24,77969.0,0.0,2456.0,0.0
OWID_ASI,,Asia,2020-02-25,77969.0,0.0,2456.0,0.0
OWID_ASI,,Asia,2020-02-26,77969.0,0.0,2456.0,0.0
OWID_ASI,,Asia,2020-02-27,77969.0,0.0,2456.0,0.0
OWID_ASI,,Asia,2020-02-28,77969.0,0.0,2456.0,0.0
OWID_ASI,,Asia,2020-02-29,77969.0,0.0,2456.0,0.0
OWID_ASI,,Asia,2020-03-01,84692.0,6723.0,2941.0,485.0
OWID_ASI,,Asia,2020-03-02,84692.0,0.0,2941.0,0.0
OWID_ASI,,Asia,2020-03-03,84692.0,0.0,2941.0,0.0
OWID_ASI,,Asia,2020-03-04,84692.0,0.0,2941.0,0.0
OWID_ASI,,Asia,2020-03-05,84692.0,0.0,2941.0,0.0
OWID_ASI,,Asia,2020-03-06,84692.0,0.0,2941.0,0.0
OWID_ASI,,Asia,2020-03-07,84692.0,0.0,2941.0,0.0
OWID_ASI,,Asia,2020-03-08,95025.0,10333.0,3306.0,365.0
OWID_ASI,,Asia,2020-03-09,95025.0,0.0,3306.0,0.0
OWID_ASI,,Asia,2020-03-10,95025.0,0.0,3306.0,0.0
OWID_ASI,,Asia,2020-03-11,95025.0,0.0,3306.0,0.0
OWID_ASI,,Asia,2020-03-12,95025.0,0.0,3306.0,0.0
OWID_ASI,,Asia,2020-03-13,95025.0,0.0,3306.0,0.0
OWID_ASI,,Asia,2020-03-14,95025.0,0.0,3306.0,0.0
OWID_ASI,,Asia,2020-03-15,105152.0,10127.0,3942.0,636.0
OWID_ASI,,Asia,2020-03-16,105152.0,0.0,3942.0,0.0
OWID_ASI,,Asia,2020-03-17,105152.0,0.0,3942.0,0.0
OWID_ASI,,Asia,2020-03-18,105152.0,0.0,3942.0,0.0
OWID_ASI,,Asia,2020-03-19,105152.0,0.0,3942.0,0.0
OWID_ASI,,Asia,2020-03-20,105152.0,0.0,3942.0,0.0
OWID_ASI,,Asia,2020-03-21,105152.0,0.0,3942.0,0.0
OWID_ASI,,Asia,2020-03-22,120800.0,15648.0,5111.0,1169.0
OWID_ASI,,Asia,2020-03-23,120800.0,0.0,5111.0,0.0
OWID_ASI,,Asia,2020-03-24,120800.0,0.0,5111.0,0.0
OWID_ASI,,Asia,2020-03-25,120800.0,0.0,5111.0,0.0
OWID_ASI,,Asia,2020-03-26,120800.0,0.0,5111.0,0.0
OWID_ASI,,Asia,2020-03-27,120800.0,0.0,5111.0,0.0
OWID_ASI,,Asia,2020-03-28,120800.0,0.0,5111.0,0.0
OWID_ASI,,Asia,2020-03-29,155459.0,34660.0,6477.0,1366.0
OWID_ASI,,Asia,2020-03-30,155459.0,0.0,6477.0,0.0
OWID_ASI,,Asia,2020-03-31,155459.0,0.0,6477.0,0.0
OWID_ASI,,Asia,2020-04-01,155459.0,0.0,6477.0,0.0
OWID_ASI,,Asia,2020-04-02,155459.0,0.0,6477.0,0.0
OWID_ASI,,Asia,2020-04-03,155459.0,0.0,6477.0,0.0
OWID_ASI,,Asia,2020-04-04,155459.0,0.0,6477.0,0.0
OWID_ASI,,Asia,2020-04-05,213779.0,58320.0,8300.0,1823.0
OWID_ASI,,Asia,2020-04-06,213779.0,0.0,8300.0,0.0
OWID_ASI,,Asia,2020-04-07,213779.0,0.0,8300.0,0.0
OWID_ASI,,Asia,2020-04-08,213779.0,0.0,8300.0,0.0
OWID_ASI,,Asia,2020-04-09,213779.0,0.0,8300.0,0.0
OWID_ASI,,Asia,2020-04-10,213779.0,0.0,8300.0,0.0
OWID_ASI,,Asia,2020-04-11,213779.0,0.0,8300.0,0.0
OWID_ASI,,Asia,2020-04-12,285955.0,72176.0,10587.0,2287.0
OWID_ASI,,Asia,2020-04-13,285955.0,0.0,10587.0,0.0
OWID_ASI,,Asia,2020-04-14,285955.0,0.0,10587.0,0.0
OWID_ASI,,Asia,2020-04-15,285955.0,0.0,10587.0,0.0
OWID_ASI,,Asia,2020-04-16,285955.0,0.0,10587.0,0.0
OWID_ASI,,Asia,2020-04-17,285955.0,0.0,10587.0,0.0
OWID_ASI,,Asia,2020-04-18,285955.0,0.0,10587.0,0.0
OWID_ASI,,Asia,2020-04-19,367696.0,81741.0,14353.0,3766.0
OWID_ASI,,Asia,2020-04-20,367696.0,0.0,14353.0,0.0
OWID_ASI,,Asia,2020-04-21,367696.0,0.0,14353.0,0.0
OWID_ASI,,Asia,2020-04-22,367696.0,0.0,14353.0,0.0
OWID_ASI,,Asia,2020-04-23,367696.0,0.0,14353.0,0.0
OWID_ASI,,Asia,2020-04-24,367696.0,0.0,14353.0,0.0
OWID_ASI,,Asia,2020-04-25,367696.0,0.0,14353.0,0.0
OWID_ASI,,Asia,2020-04-26,457367.0,89671.0,16922.0,2569.0
OWID_ASI,,Asia,2020-04-27,457367.0,0.0,16922.0,0.0
OWID_ASI,,Asia,2020-04-28,457367.0,0.0,16922.0,0.0
OWID_ASI,,Asia,2020-04-29,457367.0,0.0,16922.0,0.0
OWID_ASI,,Asia,2020-04-30,457367.0,0.0,16922.0,0.0
OWID_ASI,,Asia,2020-05-01,457367.0,0.0,16922.0,0.0
OWID_ASI,,Asia,2020-05-02,457367.0,0.0,16922.0,0.0
OWID_ASI,,Asia,2020-05-03,541983.0,84616.0,19289.0,2367.0
OWID_ASI,,Asia,2020-05-04,541983.0,0.0,19289.0,0.0
OWID_ASI,,Asia,2020-05-05,541983.0,0.0,19289.0,0.0
OWID_ASI,,Asia,2020-05-06,541983.0,0.0,19289.0,0.0
OWID_ASI,,Asia,2020-05-07,541983.0,0.0,19289.0,0.0
OWID_ASI,,Asia,2020-05-08,541983.0,0.0,19289.0,0.0
OWID_ASI,,Asia,2020-05-09,541983.0,0.0,19289.0,0.0
OWID_ASI,,Asia,2020-05-10,645582.0,103599.0,21814.0,2525.0
OWID_ASI,,Asia,2020-05-11,645582.0,0.0,21814.0,0.0
OWID_ASI,,Asia,2020-05-12,645582.0,0.0,21814.0,0.0
OWID_ASI,,Asia,2020-05-13,645582.0,0.0,21814.0,0.0
OWID_ASI,,Asia,2020-05-14,645582.0,0.0,21814.0,0.0
OWID_ASI,,Asia,2020-05-15,645582.0,0.0,21814.0,0.0
OWID_ASI,,Asia,2020-05-16,645582.0,0.0,21814.0,0.0
OWID_ASI,,Asia,2020-05-17,773917.0,128335.0,24324.0,2510.0
OWID_ASI,,Asia,2020-05-18,773917.0,0.0,24324.0,0.0
OWID_ASI,,Asia,2020-05-19,773917.0,0.0,24324.0,0.0
OWID_ASI,,Asia,2020-05-20,773917.0,0.0,24324.0,0.0
OWID_ASI,,Asia,2020-05-21,773917.0,0.0,24324.0,0.0
OWID_ASI,,Asia,2020-05-22,773917.0,0.0,24324.0,0.0
OWID_ASI,,Asia,2020-05-23,773917.0,0.0,24324.0,0.0
OWID_ASI,,Asia,2020-05-24,934131.0,160214.0,27086.0,2762.0
OWID_ASI,,Asia,2020-05-25,934131.0,0.0,27086.0,0.0
OWID_ASI,,Asia,2020-05-26,934131.0,0.0,27086.0,0.0
OWID_ASI,,Asia,2020-05-27,934131.0,0.0,27086.0,0.0
OWID_ASI,,Asia,2020-05-28,934131.0,0.0,27086.0,0.0
OWID_ASI,,Asia,2020-05-29,934131.0,0.0,27086.0,0.0
OWID_ASI,,Asia,2020-05-30,934131.0,0.0,27086.0,0.0
OWID_ASI,,Asia,2020-05-31,1105733.0,171602.0,30234.0,3148.0
OWID_ASI,,Asia,2020-06-01,1105733.0,0.0,30234.0,0.0
OWID_ASI,,Asia,2020-06-02,1105733.0,0.0,30234.0,0.0
OWID_ASI,,Asia,2020-06-03,1105733.0,0.0,30234.0,0.0
OWID_ASI,,Asia,2020-06-04,1105733.0,0.0,30234.0,0.0
OWID_ASI,,Asia,2020-06-05,1105733.0,0.0,30234.0,0.0
OWID_ASI,,Asia,2020-06-06,1105733.0,0.0,30234.0,0.0
OWID_ASI,,Asia,2020-06-07,1323798.0,218065.0,34404.0,4170.0
OWID_ASI,,Asia,2020-06-08,1323798.0,0.0,34404.0,0.0
OWID_ASI,,Asia,2020-06-09,1323798.0,0.0,34404.0,0.0
OWID_ASI,,Asia,2020-06-10,1323798.0,0.0,34404.0,0.0
OWID_ASI,,Asia,2020-06-11,1323798.0,0.0,34404.0,0.0
OWID_ASI,,Asia,2020-06-12,1323798.0,0.0,34404.0,0.0
OWID_ASI,,Asia,2020-06-13,1323798.0,0.0,34404.0,0.0
OWID_ASI,,Asia,2020-06-14,1574569.0,250771.0,39499.0,5095.0
OWID_ASI,,Asia,2020-06-15,1574569.0,0.0,39499.0,0.0
OWID_ASI,,Asia,2020-06-16,1574569.0,0.0,39499.0,0.0
OWID_ASI,,Asia,2020-06-17,1574569.0,0.0,39499.0,0.0
OWID_ASI,,Asia,2020-06-18,1574569.0,0.0,39499.0,0.0
OWID_ASI,,Asia,2020-06-19,1574569.0,0.0,39499.0,0.0
OWID_ASI,,Asia,2020-06-20,1574569.0,0.0,39499.0,0.0
OWID_ASI,,Asia,2020-06-21,1855193.0,280624.0,47272.0,7773.0
OWID_ASI,,Asia,2020-06-22,1855193.0,0.0,47272.0,0.0
OWID_ASI,,Asia,2020-06-23,1855193.0,0.0,47272.0,0.0
OWID_ASI,,Asia,2020-06-24,1855193.0,0.0,47272.0,0.0
OWID_ASI,,Asia,2020-06-25,1855193.0,0.0,47272.0,0.0
OWID_ASI,,Asia,2020-06-26,1855193.0,0.0,47272.0,0.0
OWID_ASI,,Asia,2020-06-27,1855193.0,0.0,47272.0,0.0
OWID_ASI,,Asia,2020-06-28,2164532.0,309339.0,53876.0,6604.0
OWID_ASI,,Asia,2020-06-29,2164532.0,0.0,53876.0,0.0
OWID_ASI,,Asia,2020-06-30,2164532.0,0.0,53876.0,0.0
OWID_ASI,,Asia,2020-07-01,2164532.0,0.0,53876.0,0.0
OWID_ASI,,Asia,2020-07-02,2164532.0,0.0,53876.0,0.0
OWID_ASI,,Asia,2020-07-03,2164532.0,0.0,53876.0,0.0
OWID_ASI,,Asia,2020-07-04,2164532.0,0.0,53876.0,0.0
OWID_ASI,,Asia,2020-07-05,2515390.0,350858.0,61134.0,7258.0
OWID_ASI,,Asia,2020-07-06,2515390.0,0.0,61134.0,0.0
OWID_ASI,,Asia,2020-07-07,2515390.0,0.0,61134.0,0.0
OWID_ASI,,Asia,2020-07-08,2515390.0,0.0,61134.0,0.0
OWID_ASI,,Asia,2020-07-09,2515390.0,0.0,61134.0,0.0
OWID_ASI,,Asia,2020-07-10,2515390.0,0.0,61134.0,0.0
OWID_ASI,,Asia,2020-07-11,2515390.0,0.0,61134.0,0.0
OWID_ASI,,Asia,2020-07-12,2886528.0,371138.0,68844.0,7710.0
OWID_ASI,,Asia,2020-07-13,2886528.0,0.0,68844.0,0.0
OWID_ASI,,Asia,2020-07-14,2886528.0,0.0,68844.0,0.0
OWID_ASI,,Asia,2020-07-15,2886528.0,0.0,68844.0,0.0
OWID_ASI,,Asia,2020-07-16,2886528.0,0.0,68844.0,0.0
OWID_ASI,,Asia,2020-07-17,2886528.0,0.0,68844.0,0.0
OWID_ASI,,Asia,2020-07-18,2886528.0,0.0,68844.0,0.0
OWID_ASI,,Asia,2020-07-19,3296947.0,410419.0,77599.0,8755.0
OWID_ASI,,Asia,2020-07-20,3296947.0,0.0,77599.0,0.0
OWID_ASI,,Asia,2020-07-21,3296947.0,0.0,77599.0,0.0
OWID_ASI,,Asia,2020-07-22,3296947.0,0.0,77599.0,0.0
OWID_ASI,,Asia,2020-07-23,3296947.0,0.0,77599.0,0.0
OWID_ASI,,Asia,2020-07-24,3296947.0,0.0,77599.0,0.0
OWID_ASI,,Asia,2020-07-25,3296947.0,0.0,77599.0,0.0
OWID_ASI,,Asia,2020-07-26,3781572.0,484625.0,87365.0,9766.0
OWID_ASI,,Asia,2020-07-27,3781572.0,0.0,87365.0,0.0
OWID_ASI,,Asia,2020-07-28,3781572.0,0.0,87365.0,0.0
OWID_ASI,,Asia,2020-07-29,3781572.0,0.0,87365.0,0.0
OWID_ASI,,Asia,2020-07-30,3781572.0,0.0,87365.0,0.0
OWID_ASI,,Asia,2020-07-31,3781572.0,0.0,87365.0,0.0
OWID_ASI,,Asia,2020-08-01,3781572.0,0.0,87365.0,0.0
OWID_ASI,,Asia,2020-08-02,4358707.0,577135.0,96651.0,9286.0
OWID_ASI,,Asia,2020-08-03,4358707.0,0.0,96651.0,0.0
OWID_ASI,,Asia,2020-08-04,4358707.0,0.0,96651.0,0.0
OWID_ASI,,Asia,2020-08-05,4358707.0,0.0,96651.0,0.0
OWID_ASI,,Asia,2020-08-06,4358707.0,0.0,96651.0,0.0
OWID_ASI,,Asia,2020-08-07,4358707.0,0.0,96651.0,0.0
OWID_ASI,,Asia,2020-08-08,4358707.0,0.0,96651.0,0.0
OWID_ASI,,Asia,2020-08-09,4990634.0,631927.0,106552.0,9901.0
OWID_ASI,,Asia,2020-08-10,4990634.0,0.0,106552.0,0.0
OWID_ASI,,Asia,2020-08-11,4990634.0,0.0,106552.0,0.0
OWID_ASI,,Asia,2020-08-12,4990634.0,0.0,106552.0,0.0
OWID_ASI,,Asia,2020-08-13,4990634.0,0.0,106552.0,0.0
OWID_ASI,,Asia,2020-08-14,4990634.0,0.0,106552.0,0.0
OWID_ASI,,Asia,2020-08-15,4990634.0,0.0,106552.0,0.0
OWID_ASI,,Asia,2020-08-16,5658981.0,668347.0,117196.0,10644.0
OWID_ASI,,Asia,2020-08-17,5658981.0,0.0,117196.0,0.0
OWID_ASI,,Asia,2020-08-18,5658981.0,0.0,117196.0,0.0
OWID_ASI,,Asia,2020-08-19,5658981.0,0.0,117196.0,0.0
OWID_ASI,,Asia,2020-08-20,5658981.0,0.0,117196.0,0.0
OWID_ASI,,Asia,2020-08-21,5658981.0,0.0,117196.0,0.0
OWID_ASI,,Asia,2020-08-22,5658981.0,0.0,117196.0,0.0
OWID_ASI,,Asia,2020-08-23,6343992.0,685011.0,127822.0,10626.0
OWID_ASI,,Asia,2020-08-24,6343992.0,0.0,127822.0,0.0
OWID_ASI,,Asia,2020-08-25,6343992.0,0.0,127822.0,0.0
OWID_ASI,,Asia,2020-08-26,6343992.0,0.0,127822.0,0.0
OWID_ASI,,Asia,2020-08-27,6343992.0,0.0,127822.0,0.0
OWID_ASI,,Asia,2020-08-28,6343992.0,0.0,127822.0,0.0
OWID_ASI,,Asia,2020-08-29,6343992.0,0.0,127822.0,0.0
OWID_ASI,,Asia,2020-08-30,7067604.0,723612.0,138560.0,10738.0
OWID_ASI,,Asia,2020-08-31,7067604.0,0.0,138560.0,0.0
OWID_ASI,,Asia,2020-09-01,7067604.0,0.0,138560.0,0.0
OWID_ASI,,Asia,2020-09-02,7067604.0,0.0,138560.0,0.0
OWID_ASI,,Asia,2020-09-03,7067604.0,0.0,138560.0,0.0
OWID_ASI,,Asia,2020-09-04,7067604.0,0.0,138560.0,0.0
OWID_ASI,,Asia,2020-09-05,7067604.0,0.0,138560.0,0.0
OWID_ASI,,Asia,2020-09-06,7866400.0,798796.0,149542.0,10982.0
OWID_ASI,,Asia,2020-09-07,7866400.0,0.0,149542.0,0.0
OWID_ASI,,Asia,2020-09-08,7866400.0,0.0,149542.0,0.0
OWID_ASI,,Asia,2020-09-09,7866400.0,0.0,149542.0,0.0
OWID_ASI,,Asia,2020-09-10,7866400.0,0.0,149542.0,0.0
OWID_ASI,,Asia,2020-09-11,7866400.0,0.0,149542.0,0.0
OWID_ASI,,Asia,2020-09-12,7866400.0,0.0,149542.0,0.0
OWID_ASI,,Asia,2020-09-13,8753503.0,887103.0,161606.0,12064.0
OWID_ASI,,Asia,2020-09-14,8753503.0,0.0,161606.0,0.0
OWID_ASI,,Asia,2020-09-15,8753503.0,0.0,161606.0,0.0
OWID_ASI,,Asia,2020-09-16,8753503.0,0.0,161606.0,0.0
OWID_ASI,,Asia,2020-09-17,8753503.0,0.0,161606.0,0.0
OWID_ASI,,Asia,2020-09-18,8753503.0,0.0,161606.0,0.0
OWID_ASI,,Asia,2020-09-19,8753503.0,0.0,161606.0,0.0
OWID_ASI,,Asia,2020-09-20,9667567.0,914064.0,174505.0,12899.0
OWID_ASI,,Asia,2020-09-21,9667567.0,0.0,174505.0,0.0
OWID_ASI,,Asia,2020-09-22,9667567.0,0.0,174505.0,0.0
OWID_ASI,,Asia,2020-09-23,9667567.0,0.0,174505.0,0.0
OWID_ASI,,Asia,2020-09-24,9667567.0,0.0,174505.0,0.0
OWID_ASI,,Asia,2020-09-25,9667567.0,0.0,174505.0,0.0
OWID_ASI,,Asia,2020-09-26,9667567.0,0.0,174505.0,0.0
OWID_ASI,,Asia,2020-09-27,10543608.0,876041.0,186905.0,12400.0
OWID_ASI,,Asia,2020-09-28,10543608.0,0.0,186905.0,0.0
OWID_ASI,,Asia,2020-09-29,10543608.0,0.0,186905.0,0.0
OWID_ASI,,Asia,2020-09-30,10543608.0,0.0,186905.0,0.0
OWID_ASI,,Asia,2020-10-01,10543608.0,0.0,186905.0,0.0
OWID_ASI,,Asia,2020-10-02,10543608.0,0.0,186905.0,0.0
OWID_ASI,,Asia,2020-10-03,10543608.0,0.0,186905.0,0.0
OWID_ASI,,Asia,2020-10-04,11383733.0,840125.0,198976.0,12071.0
OWID_ASI,,Asia,2020-10-05,11383733.0,0.0,198976.0,0.0
OWID_ASI,,Asia,2020-10-06,11383733.0,0.0,198976.0,0.0
OWID_ASI,,Asia,2020-10-07,11383733.0,0.0,198976.0,0.0
OWID_ASI,,Asia,2020-10-08,11383733.0,0.0,198976.0,0.0
OWID_ASI,,Asia,2020-10-09,11383733.0,0.0,198976.0,0.0
OWID_ASI,,Asia,2020-10-10,11383733.0,0.0,198976.0,0.0
OWID_ASI,,Asia,2020-10-11,12182184.0,798451.0,210763.0,11787.0
OWID_ASI,,Asia,2020-10-12,12182184.0,0.0,210763.0,0.0
OWID_ASI,,Asia,2020-10-13,12182184.0,0.0,210763.0,0.0
OWID_ASI,,Asia,2020-10-14,12182184.0,0.0,210763.0,0.0
OWID_ASI,,Asia,2020-10-15,12182184.0,0.0,210763.0,0.0
OWID_ASI,,Asia,2020-10-16,12182184.0,0.0,210763.0,0.0
OWID_ASI,,Asia,2020-10-17,12182184.0,0.0,210763.0,0.0
OWID_ASI,,Asia,2020-10-18,12919391.0,737207.0,221864.0,11101.0
OWID_ASI,,Asia,2020-10-19,12919391.0,0.0,221864.0,0.0
OWID_ASI,,Asia,2020-10-20,12919391.0,0.0,221864.0,0.0
OWID_ASI,,Asia,2020-10-21,12919391.0,0.0,221864.0,0.0
OWID_ASI,,Asia,2020-10-22,12919391.0,0.0,221864.0,0.0
OWID_ASI,,Asia,2020-10-23,12919391.0,0.0,221864.0,0.0
OWID_ASI,,Asia,2020-10-24,12919391.0,0.0,221864.0,0.0
OWID_ASI,,Asia,2020-10-25,13608404.0,689013.0,232392.0,10528.0
OWID_ASI,,Asia,2020-10-26,13608404.0,0.0,232392.0,0.0
OWID_ASI,,Asia,2020-10-27,13608404.0,0.0,232392.0,0.0
OWID_ASI,,Asia,2020-10-28,13608404.0,0.0,232392.0,0.0
OWID_ASI,,Asia,2020-10-29,13608404.0,0.0,232392.0,0.0
OWID_ASI,,Asia,2020-10-30,13608404.0,0.0,232392.0,0.0
OWID_ASI,,Asia,2020-10-31,13608404.0,0.0,232392.0,0.0
OWID_ASI,,Asia,2020-11-01,14256575.0,648171.0,242296.0,9904.0
OWID_ASI,,Asia,2020-11-02,14256575.0,0.0,242296.0,0.0
OWID_ASI,,Asia,2020-11-03,14256575.0,0.0,242296.0,0.0
OWID_ASI,,Asia,2020-11-04,14256575.0,0.0,242296.0,0.0
OWID_ASI,,Asia,2020-11-05,14256575.0,0.0,242296.0,0.0
OWID_ASI,,Asia,2020-11-06,14256575.0,0.0,242296.0,0.0
OWID_ASI,,Asia,2020-11-07,14256575.0,0.0,242296.0,0.0
OWID_ASI,,Asia,2020-11-08,14953045.0,696470.0,253239.0,10943.0
OWID_ASI,,Asia,2020-11-09,14953045.0,0.0,253239.0,0.0
OWID_ASI,,Asia,2020-11-10,14953045.0,0.0,253239.0,0.0
OWID_ASI,,Asia,2020-11-11,14953045.0,0.0,253239.0,0.0
OWID_ASI,,Asia,2020-11-12,14953045.0,0.0,253239.0,0.0
OWID_ASI,,Asia,2020-11-13,14953045.0,0.0,253239.0,0.0
OWID_ASI,,Asia,2020-11-14,14953045.0,0.0,253239.0,0.0
OWID_ASI,,Asia,2020-11-15,15661746.0,708701.0,264209.0,10970.0
OWID_ASI,,Asia,2020-11-16,15661746.0,0.0,264209.0,0.0
OWID_ASI,,Asia,2020-11-17,15661746.0,0.0,264209.0,0.0
OWID_ASI,,Asia,2020-11-18,15661746.0,0.0,264209.0,0.0
OWID_ASI,,Asia,2020-11-19,15661746.0,0.0,264209.0,0.0
OWID_ASI,,Asia,2020-11-20,15661746.0,0.0,264209.0,0.0
OWID_ASI,,Asia,2020-11-21,15661746.0,0.0,264209.0,0.0
OWID_ASI,,Asia,2020-11-22,16386639.0,724893.0,275963.0,11814.0
OWID_ASI,,Asia,2020-11-23,16386639.0,0.0,275963.0,0.0
OWID_ASI,,Asia,2020-11-24,16386639.0,0.0,275963.0,0.0
OWID_ASI,,Asia,2020-11-25,16386639.0,0.0,275963.0,0.0
OWID_ASI,,Asia,2020-11-26,16386639.0,0.0,275963.0,0.0
OWID_ASI,,Asia,2020-11-27,16386639.0,0.0,275963.0,0.0
OWID_ASI,,Asia,2020-11-28,16386639.0,0.0,275963.0,0.0
OWID_ASI,,Asia,2020-11-29,17219080.0,832441.0,288105.0,12142.0
OWID_ASI,,Asia,2020-11-30,17219080.0,0.0,288105.0,0.0
OWID_ASI,,Asia,2020-12-01,17219080.0,0.0,288105.0,0.0
OWID_ASI,,Asia,2020-12-02,17219080.0,0.0,288105.0,0.0
OWID_ASI,,Asia,2020-12-03,17219080.0,0.0,288105.0,0.0
OWID_ASI,,Asia,2020-12-04,17219080.0,0.0,288105.0,0.0
OWID_ASI,,Asia,2020-12-05,17219080.0,0.0,288105.0,0.0
OWID_ASI,,Asia,2020-12-06,18088621.0,869541.0,299767.0,11662.0
OWID_ASI,,Asia,2020-12-07,18088621.0,0.0,299767.0,0.0
OWID_ASI,,Asia,2020-12-08,18088621.0,0.0,299767.0,0.0
OWID_ASI,,Asia,2020-12-09,18088621.0,0.0,299767.0,0.0
OWID_ASI,,Asia,2020-12-10,18088621.0,0.0,299767.0,0.0
OWID_ASI,,Asia,2020-12-11,18088621.0,0.0,299767.0,0.0
OWID_ASI,,Asia,2020-12-12,18088621.0,0.0,299767.0,0.0
OWID_ASI,,Asia,2020-12-13,18887679.0,799058.0,310517.0,10750.0
OWID_ASI,,Asia,2020-12-14,18887679.0,0.0,310517.0,0.0
OWID_ASI,,Asia,2020-12-15,18887679.0,0.0,310517.0,0.0
OWID_ASI,,Asia,2020-12-16,18887679.0,0.0,310517.0,0.0
OWID_ASI,,Asia,2020-12-17,18887679.0,0.0,310517.0,0.0
OWID_ASI,,Asia,2020-12-18,18887679.0,0.0,310517.0,0.0
OWID_ASI,,Asia,2020-12-19,18887679.0,0.0,310517.0,0.0
OWID_ASI,,Asia,2020-12-20,19592823.0,705144.0,320680.0,10163.0
OWID_ASI,,Asia,2020-12-21,19592823.0,0.0,320680.0,0.0
OWID_ASI,,Asia,2020-12-22,19592823.0,0.0,320680.0,0.0
OWID_ASI,,Asia,2020-12-23,19592823.0,0.0,320680.0,0.0
OWID_ASI,,Asia,2020-12-24,19592823.0,0.0,320680.0,0.0
OWID_ASI,,Asia,2020-12-25,19592823.0,0.0,320680.0,0.0
OWID_ASI,,Asia,2020-12-26,19592823.0,0.0,320680.0,0.0
OWID_ASI,,Asia,2020-12-27,20190911.0,598088.0,330452.0,9772.0
OWID_ASI,,Asia,2020-12-28,20190911.0,0.0,330452.0,0.0
OWID_ASI,,Asia,2020-12-29,20190911.0,0.0,330452.0,0.0
OWID_ASI,,Asia,2020-12-30,20190911.0,0.0,330452.0,0.0
OWID_ASI,,Asia,2020-12-31,20190911.0,0.0,330452.0,0.0
OWID_ASI,,Asia,2021-01-01,20190911.0,0.0,330452.0,0.0
OWID_ASI,,Asia,2021-01-02,20190911.0,0.0,330452.0,0.0
OWID_ASI,,Asia,2021-01-03,20735476.0,544565.0,339676.0,9224.0
OWID_ASI,,Asia,2021-01-04,20735476.0,0.0,339676.0,0.0
OWID_ASI,,Asia,2021-01-05,20735476.0,0.0,339676.0,0.0
OWID_ASI,,Asia,2021-01-06,20735476.0,0.0,339676.0,0.0
OWID_ASI,,Asia,2021-01-07,20735476.0,0.0,339676.0,0.0
OWID_ASI,,Asia,2021-01-08,20735476.0,0.0,339676.0,0.0
OWID_ASI,,Asia,2021-01-09,20735476.0,0.0,339676.0,0.0
OWID_ASI,,Asia,2021-01-10,21313416.0,577940.0,347582.0,7906.0
OWID_ASI,,Asia,2021-01-11,21313416.0,0.0,347582.0,0.0
OWID_ASI,,Asia,2021-01-12,21313416.0,0.0,347582.0,0.0
OWID_ASI,,Asia,2021-01-13,21313416.0,0.0,347582.0,0.0
OWID_ASI,,Asia,2021-01-14,21313416.0,0.0,347582.0,0.0
OWID_ASI,,Asia,2021-01-15,21313416.0,0.0,347582.0,0.0
OWID_ASI,,Asia,2021-01-16,21313416.0,0.0,347582.0,0.0
OWID_ASI,,Asia,2021-01-17,21889087.0,575671.0,355785.0,8203.0
OWID_ASI,,Asia,2021-01-18,21889087.0,0.0,355785.0,0.0
OWID_ASI,,Asia,2021-01-19,21889087.0,0.0,355785.0,0.0
OWID_ASI,,Asia,2021-01-20,21889087.0,0.0,355785.0,0.0
OWID_ASI,,Asia,2021-01-21,21889087.0,0.0,355785.0,0.0
OWID_ASI,,Asia,2021-01-22,21889087.0,0.0,355785.0,0.0
OWID_ASI,,Asia,2021-01-23,21889087.0,0.0,355785.0,0.0
OWID_ASI,,Asia,2021-01-24,22410362.0,521275.0,363584.0,7799.0
OWID_ASI,,Asia,2021-01-25,22410362.0,0.0,363584.0,0.0
OWID_ASI,,Asia,2021-01-26,22410362.0,0.0,363584.0,0.0
OWID_ASI,,Asia,2021-01-27,22410362.0,0.0,363584.0,0.0
OWID_ASI,,Asia,2021-01-28,22410362.0,0.0,363584.0,0.0
OWID_ASI,,Asia,2021-01-29,22410362.0,0.0,363584.0,0.0
OWID_ASI,,Asia,2021-01-30,22410362.0,0.0,363584.0,0.0
OWID_ASI,,Asia,2021-01-31,22927132.0,516770.0,371598.0,8014.0
OWID_ASI,,Asia,2021-02-01,22927132.0,0.0,371598.0,0.0
OWID_ASI,,Asia,2021-02-02,22927132.0,0.0,371598.0,0.0
OWID_ASI,,Asia,2021-02-03,22927132.0,0.0,371598.0,0.0
OWID_ASI,,Asia,2021-02-04,22927132.0,0.0,371598.0,0.0
OWID_ASI,,Asia,2021-02-05,22927132.0,0.0,371598.0,0.0
OWID_ASI,,Asia,2021-02-06,22927132.0,0.0,371598.0,0.0
OWID_ASI,,Asia,2021-02-07,23412061.0,484929.0,378466.0,6868.0
OWID_ASI,,Asia,2021-02-08,23412061.0,0.0,378466.0,0.0
OWID_ASI,,Asia,2021-02-09,23412061.0,0.0,378466.0,0.0
OWID_ASI,,Asia,2021-02-10,23412061.0,0.0,378466.0,0.0
OWID_ASI,,Asia,2021-02-11,23412061.0,0.0,378466.0,0.0
OWID_ASI,,Asia,2021-02-12,23412061.0,0.0,378466.0,0.0
OWID_ASI,,Asia,2021-02-13,23412061.0,0.0,378466.0,0.0
OWID_ASI,,Asia,2021-02-14,23866591.0,454530.0,384788.0,6322.0
OWID_ASI,,Asia,2021-02-15,23866591.0,0.0,384788.0,0.0
OWID_ASI,,Asia,2021-02-16,23866591.0,0.0,384788.0,0.0
OWID_ASI,,Asia,2021-02-17,23866591.0,0.0,384788.0,0.0
OWID_ASI,,Asia,2021-02-18,23866591.0,0.0,384788.0,0.0
OWID_ASI,,Asia,2021-02-19,23866591.0,0.0,384788.0,0.0
OWID_ASI,,Asia,2021-02-20,23866591.0,0.0,384788.0,0.0
OWID_ASI,,Asia,2021-02-21,24324574.0,457983.0,390706.0,5918.0
OWID_ASI,,Asia,2021-02-22,24324574.0,0.0,390706.0,0.0
OWID_ASI,,Asia,2021-02-23,24324574.0,0.0,390706.0,0.0
OWID_ASI,,Asia,2021-02-24,24324574.0,0.0,390706.0,0.0
OWID_ASI,,Asia,2021-02-25,24324574.0,0.0,390706.0,0.0
OWID_ASI,,Asia,2021-02-26,24324574.0,0.0,390706.0,0.0
OWID_ASI,,Asia,2021-02-27,24324574.0,0.0,390706.0,0.0
OWID_ASI,,Asia,2021-02-28,24826320.0,501746.0,396699.0,5993.0
OWID_ASI,,Asia,2021-03-01,24826320.0,0.0,396699.0,0.0
OWID_ASI,,Asia,2021-03-02,24826320.0,0.0,396699.0,0.0
OWID_ASI,,Asia,2021-03-03,24826320.0,0.0,396699.0,0.0
OWID_ASI,,Asia,2021-03-04,24826320.0,0.0,396699.0,0.0
OWID_ASI,,Asia,2021-03-05,24826320.0,0.0,396699.0,0.0
OWID_ASI,,Asia,2021-03-06,24826320.0,0.0,396699.0,0.0
OWID_ASI,,Asia,2021-03-07,25361889.0,535569.0,402110.0,5411.0
OWID_ASI,,Asia,2021-03-08,25361889.0,0.0,402110.0,0.0
OWID_ASI,,Asia,2021-03-09,25361889.0,0.0,402110.0,0.0
OWID_ASI,,Asia,2021-03-10,25361889.0,0.0,402110.0,0.0
OWID_ASI,,Asia,2021-03-11,25361889.0,0.0,402110.0,0.0
OWID_ASI,,Asia,2021-03-12,25361889.0,0.0,402110.0,0.0
OWID_ASI,,Asia,2021-03-13,25361889.0,0.0,402110.0,0.0
OWID_ASI,,Asia,2021-03-14,25965709.0,603820.0,407878.0,5768.0
OWID_ASI,,Asia,2021-03-15,25965709.0,0.0,407878.0,0.0
OWID_ASI,,Asia,2021-03-16,25965709.0,0.0,407878.0,0.0
OWID_ASI,,Asia,2021-03-17,25965709.0,0.0,407878.0,0.0
OWID_ASI,,Asia,2021-03-18,25965709.0,0.0,407878.0,0.0
OWID_ASI,,Asia,2021-03-19,25965709.0,0.0,407878.0,0.0
OWID_ASI,,Asia,2021-03-20,25965709.0,0.0,407878.0,0.0
OWID_ASI,,Asia,2021-03-21,26732218.0,766509.0,414193.0,6315.0
OWID_ASI,,Asia,2021-03-22,26732218.0,0.0,414193.0,0.0
OWID_ASI,,Asia,2021-03-23,26732218.0,0.0,414193.0,0.0
OWID_ASI,,Asia,2021-03-24,26732218.0,0.0,414193.0,0.0
OWID_ASI,,Asia,2021-03-25,26732218.0,0.0,414193.0,0.0
OWID_ASI,,Asia,2021-03-26,26732218.0,0.0,414193.0,0.0
OWID_ASI,,Asia,2021-03-27,26732218.0,0.0,414193.0,0.0
OWID_ASI,,Asia,2021-03-28,27726591.0,994373.0,423983.0,9790.0
OWID_ASI,,Asia,2021-03-29,27726591.0,0.0,423983.0,0.0
OWID_ASI,,Asia,2021-03-30,27726591.0,0.0,423983.0,0.0
OWID_ASI,,Asia,2021-03-31,27726591.0,0.0,423983.0,0.0
OWID_ASI,,Asia,2021-04-01,27726591.0,0.0,423983.0,0.0
OWID_ASI,,Asia,2021-04-02,27726591.0,0.0,423983.0,0.0
OWID_ASI,,Asia,2021-04-03,27726591.0,0.0,423983.0,0.0
OWID_ASI,,Asia,2021-04-04,29011884.0,1285293.0,433904.0,9921.0
OWID_ASI,,Asia,2021-04-05,29011884.0,0.0,433904.0,0.0
OWID_ASI,,Asia,2021-04-06,29011884.0,0.0,433904.0,0.0
OWID_ASI,,Asia,2021-04-07,29011884.0,0.0,433904.0,0.0
OWID_ASI,,Asia,2021-04-08,29011884.0,0.0,433904.0,0.0
OWID_ASI,,Asia,2021-04-09,29011884.0,0.0,433904.0,0.0
OWID_ASI,,Asia,2021-04-10,29011884.0,0.0,433904.0,0.0
OWID_ASI,,Asia,2021-04-11,30820430.0,1808546.0,447284.0,13380.0
OWID_ASI,,Asia,2021-04-12,30820430.0,0.0,447284.0,0.0
OWID_ASI,,Asia,2021-04-13,30820430.0,0.0,447284.0,0.0
OWID_ASI,,Asia,2021-04-14,30820430.0,0.0,447284.0,0.0
OWID_ASI,,Asia,2021-04-15,30820430.0,0.0,447284.0,0.0
OWID_ASI,,Asia,2021-04-16,30820430.0,0.0,447284.0,0.0
OWID_ASI,,Asia,2021-04-17,30820430.0,0.0,447284.0,0.0
OWID_ASI,,Asia,2021-04-18,33286301.0,2465871.0,465188.0,17904.0
OWID_ASI,,Asia,2021-04-19,33286301.0,0.0,465188.0,0.0
OWID_ASI,,Asia,2021-04-20,33286301.0,0.0,465188.0,0.0
OWID_ASI,,Asia,2021-04-21,33286301.0,0.0,465188.0,0.0
OWID_ASI,,Asia,2021-04-22,33286301.0,0.0,465188.0,0.0
OWID_ASI,,Asia,2021-04-23,33286301.0,0.0,465188.0,0.0
OWID_ASI,,Asia,2021-04-24,33286301.0,0.0,465188.0,0.0
OWID_ASI,,Asia,2021-04-25,36463419.0,3177118.0,492026.0,26838.0
OWID_ASI,,Asia,2021-04-26,36463419.0,0.0,492026.0,0.0
OWID_ASI,,Asia,2021-04-27,36463419.0,0.0,492026.0,0.0
OWID_ASI,,Asia,2021-04-28,36463419.0,0.0,492026.0,0.0
OWID_ASI,,Asia,2021-04-29,36463419.0,0.0,492026.0,0.0
OWID_ASI,,Asia,2021-04-30,36463419.0,0.0,492026.0,0.0
OWID_ASI,,Asia,2021-05-01,36463419.0,0.0,492026.0,0.0
OWID_ASI,,Asia,2021-05-02,39911690.0,3448271.0,527180.0,35154.0
OWID_ASI,,Asia,2021-05-03,39911690.0,0.0,527180.0,0.0
OWID_ASI,,Asia,2021-05-04,39911690.0,0.0,527180.0,0.0
OWID_ASI,,Asia,2021-05-05,39911690.0,0.0,527180.0,0.0
OWID_ASI,,Asia,2021-05-06,39911690.0,0.0,527180.0,0.0
OWID_ASI,,Asia,2021-05-07,39911690.0,0.0,527180.0,0.0
OWID_ASI,,Asia,2021-05-08,39911690.0,0.0,527180.0,0.0
OWID_ASI,,Asia,2021-05-09,43382429.0,3470739.0,565342.0,38162.0
OWID_ASI,,Asia,2021-05-10,43382429.0,0.0,565342.0,0.0
OWID_ASI,,Asia,2021-05-11,43382429.0,0.0,565342.0,0.0
OWID_ASI,,Asia,2021-05-12,43382429.0,0.0,565342.0,0.0
OWID_ASI,,Asia,2021-05-13,43382429.0,0.0,565342.0,0.0
OWID_ASI,,Asia,2021-05-14,43382429.0,0.0,565342.0,0.0
OWID_ASI,,Asia,2021-05-15,43382429.0,0.0,565342.0,0.0
OWID_ASI,,Asia,2021-05-16,46359687.0,2977258.0,604069.0,38727.0
OWID_ASI,,Asia,2021-05-17,46359687.0,0.0,604069.0,0.0
OWID_ASI,,Asia,2021-05-18,46359687.0,0.0,604069.0,0.0
OWID_ASI,,Asia,2021-05-19,46359687.0,0.0,604069.0,0.0
OWID_ASI,,Asia,2021-05-20,46359687.0,0.0,604069.0,0.0
OWID_ASI,,Asia,2021-05-21,46359687.0,0.0,604069.0,0.0
OWID_ASI,,Asia,2021-05-22,46359687.0,0.0,604069.0,0.0
OWID_ASI,,Asia,2021-05-23,48795335.0,2435648.0,643740.0,39671.0
OWID_ASI,,Asia,2021-05-24,48795335.0,0.0,643740.0,0.0
OWID_ASI,,Asia,2021-05-25,48795335.0,0.0,643740.0,0.0
OWID_ASI,,Asia,2021-05-26,48795335.0,0.0,643740.0,0.0
OWID_ASI,,Asia,2021-05-27,48795335.0,0.0,643740.0,0.0
OWID_ASI,,Asia,2021-05-28,48795335.0,0.0,643740.0,0.0
OWID_ASI,,Asia,2021-05-29,48795335.0,0.0,643740.0,0.0
OWID_ASI,,Asia,2021-05-30,50721441.0,1926106.0,679601.0,35861.0
OWID_ASI,,Asia,2021-05-31,50721441.0,0.0,679601.0,0.0
OWID_ASI,,Asia,2021-06-01,50721441.0,0.0,679601.0,0.0
OWID_ASI,,Asia,2021-06-02,50721441.0,0.0,679601.0,0.0
OWID_ASI,,Asia,2021-06-03,50721441.0,0.0,679601.0,0.0
OWID_ASI,,Asia,2021-06-04,50721441.0,0.0,679601.0,0.0
OWID_ASI,,Asia,2021-06-05,50721441.0,0.0,679601.0,0.0
OWID_ASI,,Asia,2021-06-06,52151976.0,1430535.0,709485.0,29884.0
OWID_ASI,,Asia,2021-06-07,52151976.0,0.0,709485.0,0.0
OWID_ASI,,Asia,2021-06-08,52151976.0,0.0,709485.0,0.0
OWID_ASI,,Asia,2021-06-09,52151976.0,0.0,709485.0,0.0
OWID_ASI,,Asia,2021-06-10,52151976.0,0.0,709485.0,0.0
OWID_ASI,,Asia,2021-06-11,52151976.0,0.0,709485.0,0.0
OWID_ASI,,Asia,2021-06-12,52151976.0,0.0,709485.0,0.0
OWID_ASI,,Asia,2021-06-13,53265138.0,1113162.0,741511.0,32026.0
OWID_ASI,,Asia,2021-06-14,53265138.0,0.0,741511.0,0.0
OWID_ASI,,Asia,2021-06-15,53265138.0,0.0,741511.0,0.0
OWID_ASI,,Asia,2021-06-16,53265138.0,0.0,741511.0,0.0
OWID_ASI,,Asia,2021-06-17,53265138.0,0.0,741511.0,0.0
OWID_ASI,,Asia,2021-06-18,53265138.0,0.0,741511.0,0.0
OWID_ASI,,Asia,2021-06-19,53265138.0,0.0,741511.0,0.0
OWID_ASI,,Asia,2021-06-20,54219493.0,954355.0,766324.0,24813.0
OWID_ASI,,Asia,2021-06-21,54219493.0,0.0,766324.0,0.0
OWID_ASI,,Asia,2021-06-22,54219493.0,0.0,766324.0,0.0
OWID_ASI,,Asia,2021-06-23,54219493.0,0.0,766324.0,0.0
OWID_ASI,,Asia,2021-06-24,54219493.0,0.0,766324.0,0.0
OWID_ASI,,Asia,2021-06-25,54219493.0,0.0,766324.0,0.0
OWID_ASI,,Asia,2021-06-26,54219493.0,0.0,766324.0,0.0
OWID_ASI,,Asia,2021-06-27,55160301.0,940808.0,784348.0,18024.0
OWID_ASI,,Asia,2021-06-28,55160301.0,0.0,784348.0,0.0
OWID_ASI,,Asia,2021-06-29,55160301.0,0.0,784348.0,0.0
OWID_ASI,,Asia,2021-06-30,55160301.0,0.0,784348.0,0.0
OWID_ASI,,Asia,2021-07-01,55160301.0,0.0,784348.0,0.0
OWID_ASI,,Asia,2021-07-02,55160301.0,0.0,784348.0,0.0
OWID_ASI,,Asia,2021-07-03,55160301.0,0.0,784348.0,0.0
OWID_ASI,,Asia,2021-07-04,56175328.0,1015027.0,800919.0,16571.0
OWID_ASI,,Asia,2021-07-05,56175328.0,0.0,800919.0,0.0
OWID_ASI,,Asia,2021-07-06,56175328.0,0.0,800919.0,0.0
OWID_ASI,,Asia,2021-07-07,56175328.0,0.0,800919.0,0.0
OWID_ASI,,Asia,2021-07-08,56175328.0,0.0,800919.0,0.0
OWID_ASI,,Asia,2021-07-09,56175328.0,0.0,800919.0,0.0
OWID_ASI,,Asia,2021-07-10,56175328.0,0.0,800919.0,0.0
OWID_ASI,,Asia,2021-07-11,57357169.0,1181841.0,820784.0,19865.0
OWID_ASI,,Asia,2021-07-12,57357169.0,0.0,820784.0,0.0
OWID_ASI,,Asia,2021-07-13,57357169.0,0.0,820784.0,0.0
OWID_ASI,,Asia,2021-07-14,57357169.0,0.0,820784.0,0.0
OWID_ASI,,Asia,2021-07-15,57357169.0,0.0,820784.0,0.0
OWID_ASI,,Asia,2021-07-16,57357169.0,0.0,820784.0,0.0
OWID_ASI,,Asia,2021-07-17,57357169.0,0.0,820784.0,0.0
OWID_ASI,,Asia,2021-07-18,58762137.0,1404968.0,842833.0,22049.0
OWID_ASI,,Asia,2021-07-19,58762137.0,0.0,842833.0,0.0
OWID_ASI,,Asia,2021-07-20,58762137.0,0.0,842833.0,0.0
OWID_ASI,,Asia,2021-07-21,58762137.0,0.0,842833.0,0.0
OWID_ASI,,Asia,2021-07-22,58762137.0,0.0,842833.0,0.0
OWID_ASI,,Asia,2021-07-23,58762137.0,0.0,842833.0,0.0
OWID_ASI,,Asia,2021-07-24,58762137.0,0.0,842833.0,0.0
OWID_ASI,,Asia,2021-07-25,60205879.0,1443742.0,870107.0,27274.0
OWID_ASI,,Asia,2021-07-26,60205879.0,0.0,870107.0,0.0
OWID_ASI,,Asia,2021-07-27,60205879.0,0.0,870107.0,0.0
OWID_ASI,,Asia,2021-07-28,60205879.0,0.0,870107.0,0.0
OWID_ASI,,Asia,2021-07-29,60205879.0,0.0,870107.0,0.0
OWID_ASI,,Asia,2021-07-30,60205879.0,0.0,870107.0,0.0
OWID_ASI,,Asia,2021-07-31,60205879.0,0.0,870107.0,0.0
OWID_ASI,,Asia,2021-08-01,61975633.0,1769754.0,900246.0,30139.0
OWID_ASI,,Asia,2021-08-02,61975633.0,0.0,900246.0,0.0
OWID_ASI,,Asia,2021-08-03,61975633.0,0.0,900246.0,0.0
OWID_ASI,,Asia,2021-08-04,61975633.0,0.0,900246.0,0.0
OWID_ASI,,Asia,2021-08-05,61975633.0,0.0,900246.0,0.0
OWID_ASI,,Asia,2021-08-06,61975633.0,0.0,900246.0,0.0
OWID_ASI,,Asia,2021-08-07,61975633.0,0.0,900246.0,0.0
OWID_ASI,,Asia,2021-08-08,63847274.0,1871641.0,932376.0,32130.0
OWID_ASI,,Asia,2021-08-09,63847274.0,0.0,932376.0,0.0
OWID_ASI,,Asia,2021-08-10,63847274.0,0.0,932376.0,0.0
OWID_ASI,,Asia,2021-08-11,63847274.0,0.0,932376.0,0.0
OWID_ASI,,Asia,2021-08-12,63847274.0,0.0,932376.0,0.0
OWID_ASI,,Asia,2021-08-13,63847274.0,0.0,932376.0,0.0
OWID_ASI,,Asia,2021-08-14,63847274.0,0.0,932376.0,0.0
OWID_ASI,,Asia,2021-08-15,65730640.0,1883366.0,965096.0,32720.0
OWID_ASI,,Asia,2021-08-16,65730640.0,0.0,965096.0,0.0
OWID_ASI,,Asia,2021-08-17,65730640.0,0.0,965096.0,0.0
OWID_ASI,,Asia,2021-08-18,65730640.0,0.0,965096.0,0.0
OWID_ASI,,Asia,2021-08-19,65730640.0,0.0,965096.0,0.0
OWID_ASI,,Asia,2021-08-20,65730640.0,0.0,965096.0,0.0
OWID_ASI,,Asia,2021-08-21,65730640.0,0.0,965096.0,0.0
OWID_ASI,,Asia,2021-08-22,67528320.0,1797680.0,997147.0,32051.0
OWID_ASI,,Asia,2021-08-23,67528320.0,0.0,997147.0,0.0
OWID_ASI,,Asia,2021-08-24,67528320.0,0.0,997147.0,0.0
OWID_ASI,,Asia,2021-08-25,67528320.0,0.0,997147.0,0.0
OWID_ASI,,Asia,2021-08-26,67528320.0,0.0,997147.0,0.0
OWID_ASI,,Asia,2021-08-27,67528320.0,0.0,997147.0,0.0
OWID_ASI,,Asia,2021-08-28,67528320.0,0.0,997147.0,0.0
OWID_ASI,,Asia,2021-08-29,69342554.0,1814234.0,1027103.0,29956.0
OWID_ASI,,Asia,2021-08-30,69342554.0,0.0,1027103.0,0.0
OWID_ASI,,Asia,2021-08-31,69342554.0,0.0,1027103.0,0.0
OWID_ASI,,Asia,2021-09-01,69342554.0,0.0,1027103.0,0.0
OWID_ASI,,Asia,2021-09-02,69342554.0,0.0,1027103.0,0.0
OWID_ASI,,Asia,2021-09-03,69342554.0,0.0,1027103.0,0.0
OWID_ASI,,Asia,2021-09-04,69342554.0,0.0,1027103.0,0.0
OWID_ASI,,Asia,2021-09-05,71029347.0,1686793.0,1054081.0,26978.0
OWID_ASI,,Asia,2021-09-06,71029347.0,0.0,1054081.0,0.0
OWID_ASI,,Asia,2021-09-07,71029347.0,0.0,1054081.0,0.0
OWID_ASI,,Asia,2021-09-08,71029347.0,0.0,1054081.0,0.0
OWID_ASI,,Asia,2021-09-09,71029347.0,0.0,1054081.0,0.0
OWID_ASI,,Asia,2021-09-10,71029347.0,0.0,1054081.0,0.0
OWID_ASI,,Asia,2021-09-11,71029347.0,0.0,1054081.0,0.0
OWID_ASI,,Asia,2021-09-12,72531046.0,1501699.0,1077898.0,23817.0
OWID_ASI,,Asia,2021-09-13,72531046.0,0.0,1077898.0,0.0
OWID_ASI,,Asia,2021-09-14,72531046.0,0.0,1077898.0,0.0
OWID_ASI,,Asia,2021-09-15,72531046.0,0.0,1077898.0,0.0
OWID_ASI,,Asia,2021-09-16,72531046.0,0.0,1077898.0,0.0
OWID_ASI,,Asia,2021-09-17,72531046.0,0.0,1077898.0,0.0
OWID_ASI,,Asia,2021-09-18,72531046.0,0.0,1077898.0,0.0
OWID_ASI,,Asia,2021-09-19,73862183.0,1331137.0,1098735.0,20837.0
OWID_ASI,,Asia,2021-09-20,73862183.0,0.0,1098735.0,0.0
OWID_ASI,,Asia,2021-09-21,73862183.0,0.0,1098735.0,0.0
OWID_ASI,,Asia,2021-09-22,73862183.0,0.0,1098735.0,0.0
OWID_ASI,,Asia,2021-09-23,73862183.0,0.0,1098735.0,0.0
OWID_ASI,,Asia,2021-09-24,73862183.0,0.0,1098735.0,0.0
OWID_ASI,,Asia,2021-09-25,73862183.0,0.0,1098735.0,0.0
OWID_ASI,,Asia,2021-09-26,75061703.0,1199520.0,1115189.0,16454.0
OWID_ASI,,Asia,2021-09-27,75061703.0,0.0,1115189.0,0.0
OWID_ASI,,Asia,2021-09-28,75061703.0,0.0,1115189.0,0.0
OWID_ASI,,Asia,2021-09-29,75061703.0,0.0,1115189.0,0.0
OWID_ASI,,Asia,2021-09-30,75061703.0,0.0,1115189.0,0.0
OWID_ASI,,Asia,2021-10-01,75061703.0,0.0,1115189.0,0.0
OWID_ASI,,Asia,2021-10-02,75061703.0,0.0,1115189.0,0.0
OWID_ASI,,Asia,2021-10-03,76081520.0,1019817.0,1129136.0,13947.0
OWID_ASI,,Asia,2021-10-04,76081520.0,0.0,1129136.0,0.0
OWID_ASI,,Asia,2021-10-05,76081520.0,0.0,1129136.0,0.0
OWID_ASI,,Asia,2021-10-06,76081520.0,0.0,1129136.0,0.0
OWID_ASI,,Asia,2021-10-07,76081520.0,0.0,1129136.0,0.0
OWID_ASI,,Asia,2021-10-08,76081520.0,0.0,1129136.0,0.0
OWID_ASI,,Asia,2021-10-09,76081520.0,0.0,1129136.0,0.0
OWID_ASI,,Asia,2021-10-10,76987212.0,905692.0,1140409.0,11273.0
OWID_ASI,,Asia,2021-10-11,76987212.0,0.0,1140409.0,0.0
OWID_ASI,,Asia,2021-10-12,76987212.0,0.0,1140409.0,0.0
OWID_ASI,,Asia,2021-10-13,76987212.0,0.0,1140409.0,0.0
OWID_ASI,,Asia,2021-10-14,76987212.0,0.0,1140409.0,0.0
OWID_ASI,,Asia,2021-10-15,76987212.0,0.0,1140409.0,0.0
OWID_ASI,,Asia,2021-10-16,76987212.0,0.0,1140409.0,0.0
OWID_ASI,,Asia,2021-10-17,77830760.0,843548.0,1150755.0,10346.0
OWID_ASI,,Asia,2021-10-18,77830760.0,0.0,1150755.0,0.0
OWID_ASI,,Asia,2021-10-19,77830760.0,0.0,1150755.0,0.0
OWID_ASI,,Asia,2021-10-20,77830760.0,0.0,1150755.0,0.0
OWID_ASI,,Asia,2021-10-21,77830760.0,0.0,1150755.0,0.0
OWID_ASI,,Asia,2021-10-22,77830760.0,0.0,1150755.0,0.0
OWID_ASI,,Asia,2021-10-23,77830760.0,0.0,1150755.0,0.0
OWID_ASI,,Asia,2021-10-24,78606951.0,776191.0,1160888.0,10133.0
OWID_ASI,,Asia,2021-10-25,78606951.0,0.0,1160888.0,0.0
OWID_ASI,,Asia,2021-10-26,78606951.0,0.0,1160888.0,0.0
OWID_ASI,,Asia,2021-10-27,78606951.0,0.0,1160888.0,0.0
OWID_ASI,,Asia,2021-10-28,78606951.0,0.0,1160888.0,0.0
OWID_ASI,,Asia,2021-10-29,78606951.0,0.0,1160888.0,0.0
OWID_ASI,,Asia,2021-10-30,78606951.0,0.0,1160888.0,0.0
OWID_ASI,,Asia,2021-10-31,79352336.0,745385.0,1172832.0,11944.0
OWID_ASI,,Asia,2021-11-01,79352336.0,0.0,1172832.0,0.0
OWID_ASI,,Asia,2021-11-02,79352336.0,0.0,1172832.0,0.0
OWID_ASI,,Asia,2021-11-03,79352336.0,0.0,1172832.0,0.0
OWID_ASI,,Asia,2021-11-04,79352336.0,0.0,1172832.0,0.0
OWID_ASI,,Asia,2021-11-05,79352336.0,0.0,1172832.0,0.0
OWID_ASI,,Asia,2021-11-06,79352336.0,0.0,1172832.0,0.0
OWID_ASI,,Asia,2021-11-07,80054353.0,702017.0,1183082.0,10250.0
OWID_ASI,,Asia,2021-11-08,80054353.0,0.0,1183082.0,0.0
OWID_ASI,,Asia,2021-11-09,80054353.0,0.0,1183082.0,0.0
OWID_ASI,,Asia,2021-11-10,80054353.0,0.0,1183082.0,0.0
OWID_ASI,,Asia,2021-11-11,80054353.0,0.0,1183082.0,0.0
OWID_ASI,,Asia,2021-11-12,80054353.0,0.0,1183082.0,0.0
OWID_ASI,,Asia,2021-11-13,80054353.0,0.0,1183082.0,0.0
OWID_ASI,,Asia,2021-11-14,80717295.0,662942.0,1193154.0,10072.0
OWID_ASI,,Asia,2021-11-15,80717295.0,0.0,1193154.0,0.0
OWID_ASI,,Asia,2021-11-16,80717295.0,0.0,1193154.0,0.0
OWID_ASI,,Asia,2021-11-17,80717295.0,0.0,1193154.0,0.0
OWID_ASI,,Asia,2021-11-18,80717295.0,0.0,1193154.0,0.0
OWID_ASI,,Asia,2021-11-19,80717295.0,0.0,1193154.0,0.0
OWID_ASI,,Asia,2021-11-20,80717295.0,0.0,1193154.0,0.0
OWID_ASI,,Asia,2021-11-21,81338847.0,621552.0,1202927.0,9773.0
OWID_ASI,,Asia,2021-11-22,81338847.0,0.0,1202927.0,0.0
OWID_ASI,,Asia,2021-11-23,81338847.0,0.0,1202927.0,0.0
OWID_ASI,,Asia,2021-11-24,81338847.0,0.0,1202927.0,0.0
OWID_ASI,,Asia,2021-11-25,81338847.0,0.0,1202927.0,0.0
OWID_ASI,,Asia,2021-11-26,81338847.0,0.0,1202927.0,0.0
OWID_ASI,,Asia,2021-11-27,81338847.0,0.0,1202927.0,0.0
OWID_ASI,,Asia,2021-11-28,81987221.0,648374.0,1213274.0,10347.0
OWID_ASI,,Asia,2021-11-29,81987221.0,0.0,1213274.0,0.0
OWID_ASI,,Asia,2021-11-30,81987221.0,0.0,1213274.0,0.0
OWID_ASI,,Asia,2021-12-01,81987221.0,0.0,1213274.0,0.0
OWID_ASI,,Asia,2021-12-02,81987221.0,0.0,1213274.0,0.0
OWID_ASI,,Asia,2021-12-03,81987221.0,0.0,1213274.0,0.0
OWID_ASI,,Asia,2021-12-04,81987221.0,0.0,1213274.0,0.0
OWID_ASI,,Asia,2021-12-05,82582659.0,595438.0,1225166.0,11892.0
OWID_ASI,,Asia,2021-12-06,82582659.0,0.0,1225166.0,0.0
OWID_ASI,,Asia,2021-12-07,82582659.0,0.0,1225166.0,0.0
OWID_ASI,,Asia,2021-12-08,82582659.0,0.0,1225166.0,0.0
OWID_ASI,,Asia,2021-12-09,82582659.0,0.0,1225166.0,0.0
OWID_ASI,,Asia,2021-12-10,82582659.0,0.0,1225166.0,0.0
OWID_ASI,,Asia,2021-12-11,82582659.0,0.0,1225166.0,0.0
OWID_ASI,,Asia,2021-12-12,83150413.0,567754.0,1234305.0,9139.0
OWID_ASI,,Asia,2021-12-13,83150413.0,0.0,1234305.0,0.0
OWID_ASI,,Asia,2021-12-14,83150413.0,0.0,1234305.0,0.0
OWID_ASI,,Asia,2021-12-15,83150413.0,0.0,1234305.0,0.0
OWID_ASI,,Asia,2021-12-16,83150413.0,0.0,1234305.0,0.0
OWID_ASI,,Asia,2021-12-17,83150413.0,0.0,1234305.0,0.0
OWID_ASI,,Asia,2021-12-18,83150413.0,0.0,1234305.0,0.0
OWID_ASI,,Asia,2021-12-19,83693830.0,543417.0,1242628.0,8323.0
OWID_ASI,,Asia,2021-12-20,83693830.0,0.0,1242628.0,0.0
OWID_ASI,,Asia,2021-12-21,83693830.0,0.0,1242628.0,0.0
OWID_ASI,,Asia,2021-12-22,83693830.0,0.0,1242628.0,0.0
OWID_ASI,,Asia,2021-12-23,83693830.0,0.0,1242628.0,0.0
OWID_ASI,,Asia,2021-12-24,83693830.0,0.0,1242628.0,0.0
OWID_ASI,,Asia,2021-12-25,83693830.0,0.0,1242628.0,0.0
OWID_ASI,,Asia,2021-12-26,84190614.0,496784.0,1251074.0,8446.0
OWID_ASI,,Asia,2021-12-27,84190614.0,0.0,1251074.0,0.0
OWID_ASI,,Asia,2021-12-28,84190614.0,0.0,1251074.0,0.0
OWID_ASI,,Asia,2021-12-29,84190614.0,0.0,1251074.0,0.0
OWID_ASI,,Asia,2021-12-30,84190614.0,0.0,1251074.0,0.0
OWID_ASI,,Asia,2021-12-31,84190614.0,0.0,1251074.0,0.0
OWID_ASI,,Asia,2022-01-01,84190614.0,0.0,1251074.0,0.0
OWID_ASI,,Asia,2022-01-02,84883614.0,693000.0,1258700.0,7626.0
OWID_ASI,,Asia,2022-01-03,84883614.0,0.0,1258700.0,0.0
OWID_ASI,,Asia,2022-01-04,84883614.0,0.0,1258700.0,0.0
OWID_ASI,,Asia,2022-01-05,84883614.0,0.0,1258700.0,0.0
OWID_ASI,,Asia,2022-01-06,84883614.0,0.0,1258700.0,0.0
OWID_ASI,,Asia,2022-01-07,84883614.0,0.0,1258700.0,0.0
OWID_ASI,,Asia,2022-01-08,84883614.0,0.0,1258700.0,0.0
OWID_ASI,,Asia,2022-01-09,86630502.0,1746888.0,1265801.0,7101.0
OWID_ASI,,Asia,2022-01-10,86630502.0,0.0,1265801.0,0.0
OWID_ASI,,Asia,2022-01-11,86630502.0,0.0,1265801.0,0.0
OWID_ASI,,Asia,2022-01-12,86630502.0,0.0,1265801.0,0.0
OWID_ASI,,Asia,2022-01-13,86630502.0,0.0,1265801.0,0.0
OWID_ASI,,Asia,2022-01-14,86630502.0,0.0,1265801.0,0.0
OWID_ASI,,Asia,2022-01-15,86630502.0,0.0,1265801.0,0.0
OWID_ASI,,Asia,2022-01-16,90068214.0,3437712.0,1273071.0,7270.0
OWID_ASI,,Asia,2022-01-17,90068214.0,0.0,1273071.0,0.0
OWID_ASI,,Asia,2022-01-18,90068214.0,0.0,1273071.0,0.0
OWID_ASI,,Asia,2022-01-19,90068214.0,0.0,1273071.0,0.0
OWID_ASI,,Asia,2022-01-20,90068214.0,0.0,1273071.0,0.0
OWID_ASI,,Asia,2022-01-21,90068214.0,0.0,1273071.0,0.0
OWID_ASI,,Asia,2022-01-22,90068214.0,0.0,1273071.0,0.0
OWID_ASI,,Asia,2022-01-23,94661875.0,4593661.0,1281320.0,8249.0
OWID_ASI,,Asia,2022-01-24,94661875.0,0.0,1281320.0,0.0
OWID_ASI,,Asia,2022-01-25,94661875.0,0.0,1281320.0,0.0
OWID_ASI,,Asia,2022-01-26,94661875.0,0.0,1281320.0,0.0
OWID_ASI,,Asia,2022-01-27,94661875.0,0.0,1281320.0,0.0
OWID_ASI,,Asia,2022-01-28,94661875.0,0.0,1281320.0,0.0
OWID_ASI,,Asia,2022-01-29,94661875.0,0.0,1281320.0,0.0
OWID_ASI,,Asia,2022-01-30,99515909.0,4854034.0,1291363.0,10043.0
OWID_ASI,,Asia,2022-01-31,99515909.0,0.0,1291363.0,0.0
OWID_ASI,,Asia,2022-02-01,99515909.0,0.0,1291363.0,0.0
OWID_ASI,,Asia,2022-02-02,99515909.0,0.0,1291363.0,0.0
OWID_ASI,,Asia,2022-02-03,99515909.0,0.0,1291363.0,0.0
OWID_ASI,,Asia,2022-02-04,99515909.0,0.0,1291363.0,0.0
OWID_ASI,,Asia,2022-02-05,99515909.0,0.0,1291363.0,0.0
OWID_ASI,,Asia,2022-02-06,104136525.0,4620616.0,1305960.0,14597.0
OWID_ASI,,Asia,2022-02-07,104136525.0,0.0,1305960.0,0.0
OWID_ASI,,Asia,2022-02-08,104136525.0,0.0,1305960.0,0.0
OWID_ASI,,Asia,2022-02-09,104136525.0,0.0,1305960.0,0.0
OWID_ASI,,Asia,2022-02-10,104136525.0,0.0,1305960.0,0.0
OWID_ASI,,Asia,2022-02-11,104136525.0,0.0,1305960.0,0.0
OWID_ASI,,Asia,2022-02-12,104136525.0,0.0,1305960.0,0.0
OWID_ASI,,Asia,2022-02-13,108253494.0,4116969.0,1321258.0,15298.0
OWID_ASI,,Asia,2022-02-14,108253494.0,0.0,1321258.0,0.0
OWID_ASI,,Asia,2022-02-15,108253494.0,0.0,1321258.0,0.0
OWID_ASI,,Asia,2022-02-16,108253494.0,0.0,1321258.0,0.0
OWID_ASI,,Asia,2022-02-17,108253494.0,0.0,1321258.0,0.0
OWID_ASI,,Asia,2022-02-18,108253494.0,0.0,1321258.0,0.0
OWID_ASI,,Asia,2022-02-19,108253494.0,0.0,1321258.0,0.0
OWID_ASI,,Asia,2022-02-20,112191194.0,3937700.0,1334937.0,13679.0
OWID_ASI,,Asia,2022-02-21,112191194.0,0.0,1334937.0,0.0
OWID_ASI,,Asia,2022-02-22,112191194.0,0.0,1334937.0,0.0
OWID_ASI,,Asia,2022-02-23,112191194.0,0.0,1334937.0,0.0
OWID_ASI,,Asia,2022-02-24,112191194.0,0.0,1334937.0,0.0
OWID_ASI,,Asia,2022-02-25,112191194.0,0.0,1334937.0,0.0
OWID_ASI,,Asia,2022-02-26,112191194.0,0.0,1334937.0,0.0
OWID_ASI,,Asia,2022-02-27,116364210.0,4173016.0,1348414.0,13477.0
OWID_ASI,,Asia,2022-02-28,116364210.0,0.0,1348414.0,0.0
OWID_ASI,,Asia,2022-03-01,116364210.0,0.0,1348414.0,0.0
OWID_ASI,,Asia,2022-03-02,116364210.0,0.0,1348414.0,0.0
OWID_ASI,,Asia,2022-03-03,116364210.0,0.0,1348414.0,0.0
OWID_ASI,,Asia,2022-03-04,116364210.0,0.0,1348414.0,0.0
OWID_ASI,,Asia,2022-03-05,116364210.0,0.0,1348414.0,0.0
OWID_ASI,,Asia,2022-03-06,121154345.0,4790135.0,1362311.0,13897.0
OWID_ASI,,Asia,2022-03-07,121154345.0,0.0,1362311.0,0.0
OWID_ASI,,Asia,2022-03-08,121154345.0,0.0,1362311.0,0.0
OWID_ASI,,Asia,2022-03-09,121154345.0,0.0,1362311.0,0.0
OWID_ASI,,Asia,2022-03-10,121154345.0,0.0,1362311.0,0.0
OWID_ASI,,Asia,2022-03-11,121154345.0,0.0,1362311.0,0.0
OWID_ASI,,Asia,2022-03-12,121154345.0,0.0,1362311.0,0.0
OWID_ASI,,Asia,2022-03-13,126625447.0,5471102.0,1375107.0,12796.0
OWID_ASI,,Asia,2022-03-14,126625447.0,0.0,1375107.0,0.0
OWID_ASI,,Asia,2022-03-15,126625447.0,0.0,1375107.0,0.0
OWID_ASI,,Asia,2022-03-16,126625447.0,0.0,1375107.0,0.0
OWID_ASI,,Asia,2022-03-17,126625447.0,0.0,1375107.0,0.0
OWID_ASI,,Asia,2022-03-18,126625447.0,0.0,1375107.0,0.0
OWID_ASI,,Asia,2022-03-19,126625447.0,0.0,1375107.0,0.0
OWID_ASI,,Asia,2022-03-20,132403182.0,5777735.0,1386719.0,11612.0
OWID_ASI,,Asia,2022-03-21,132403182.0,0.0,1386719.0,0.0
OWID_ASI,,Asia,2022-03-22,132403182.0,0.0,1386719.0,0.0
OWID_ASI,,Asia,2022-03-23,132403182.0,0.0,1386719.0,0.0
OWID_ASI,,Asia,2022-03-24,132403182.0,0.0,1386719.0,0.0
OWID_ASI,,Asia,2022-03-25,132403182.0,0.0,1386719.0,0.0
OWID_ASI,,Asia,2022-03-26,132403182.0,0.0,1386719.0,0.0
OWID_ASI,,Asia,2022-03-27,136892983.0,4489801.0,1400212.0,13493.0
OWID_ASI,,Asia,2022-03-28,136892983.0,0.0,1400212.0,0.0
OWID_ASI,,Asia,2022-03-29,136892983.0,0.0,1400212.0,0.0
OWID_ASI,,Asia,2022-03-30,136892983.0,0.0,1400212.0,0.0
OWID_ASI,,Asia,2022-03-31,136892983.0,0.0,1400212.0,0.0
OWID_ASI,,Asia,2022-04-01,136892983.0,0.0,1400212.0,0.0
OWID_ASI,,Asia,2022-04-02,136892983.0,0.0,1400212.0,0.0
OWID_ASI,,Asia,2022-04-03,140668688.0,3775705.0,1407485.0,7273.0
OWID_ASI,,Asia,2022-04-04,140668688.0,0.0,1407485.0,0.0
OWID_ASI,,Asia,2022-04-05,140668688.0,0.0,1407485.0,0.0
OWID_ASI,,Asia,2022-04-06,140668688.0,0.0,1407485.0,0.0
OWID_ASI,,Asia,2022-04-07,140668688.0,0.0,1407485.0,0.0
OWID_ASI,,Asia,2022-04-08,140668688.0,0.0,1407485.0,0.0
OWID_ASI,,Asia,2022-04-09,140668688.0,0.0,1407485.0,0.0
OWID_ASI,,Asia,2022-04-10,143324835.0,2656147.0,1413640.0,6155.0
OWID_ASI,,Asia,2022-04-11,143324835.0,0.0,1413640.0,0.0
OWID_ASI,,Asia,2022-04-12,143324835.0,0.0,1413640.0,0.0
OWID_ASI,,Asia,2022-04-13,143324835.0,0.0,1413640.0,0.0
OWID_ASI,,Asia,2022-04-14,143324835.0,0.0,1413640.0,0.0
OWID_ASI,,Asia,2022-04-15,143324835.0,0.0,1413640.0,0.0
OWID_ASI,,Asia,2022-04-16,143324835.0,0.0,1413640.0,0.0
OWID_ASI,,Asia,2022-04-17,145222159.0,1897324.0,1418047.0,4407.0
OWID_ASI,,Asia,2022-04-18,145222159.0,0.0,1418047.0,0.0
OWID_ASI,,Asia,2022-04-19,145222159.0,0.0,1418047.0,0.0
OWID_ASI,,Asia,2022-04-20,145222159.0,0.0,1418047.0,0.0
OWID_ASI,,Asia,2022-04-21,145222159.0,0.0,1418047.0,0.0
OWID_ASI,,Asia,2022-04-22,145222159.0,0.0,1418047.0,0.0
OWID_ASI,,Asia,2022-04-23,145222159.0,0.0,1418047.0,0.0
OWID_ASI,,Asia,2022-04-24,146563664.0,1341505.0,1421944.0,3897.0
OWID_ASI,,Asia,2022-04-25,146563664.0,0.0,1421944.0,0.0
OWID_ASI,,Asia,2022-04-26,146563664.0,0.0,1421944.0,0.0
OWID_ASI,,Asia,2022-04-27,146563664.0,0.0,1421944.0,0.0
OWID_ASI,,Asia,2022-04-28,146563664.0,0.0,1421944.0,0.0
OWID_ASI,,Asia,2022-04-29,146563664.0,0.0,1421944.0,0.0
OWID_ASI,,Asia,2022-04-30,146563664.0,0.0,1421944.0,0.0
OWID_ASI,,Asia,2022-05-01,147571501.0,1007837.0,1426624.0,4680.0
OWID_ASI,,Asia,2022-05-02,147571501.0,0.0,1426624.0,0.0
OWID_ASI,,Asia,2022-05-03,147571501.0,0.0,1426624.0,0.0
OWID_ASI,,Asia,2022-05-04,147571501.0,0.0,1426624.0,0.0
OWID_ASI,,Asia,2022-05-05,147571501.0,0.0,1426624.0,0.0
OWID_ASI,,Asia,2022-05-06,147571501.0,0.0,1426624.0,0.0
OWID_ASI,,Asia,2022-05-07,147571501.0,0.0,1426624.0,0.0
OWID_ASI,,Asia,2022-05-08,148443875.0,872374.0,1428575.0,1951.0
OWID_ASI,,Asia,2022-05-09,148443875.0,0.0,1428575.0,0.0
OWID_ASI,,Asia,2022-05-10,148443875.0,0.0,1428575.0,0.0
OWID_ASI,,Asia,2022-05-11,148443875.0,0.0,1428575.0,0.0
OWID_ASI,,Asia,2022-05-12,148443875.0,0.0,1428575.0,0.0
OWID_ASI,,Asia,2022-05-13,148443875.0,0.0,1428575.0,0.0
OWID_ASI,,Asia,2022-05-14,148443875.0,0.0,1428575.0,0.0
OWID_ASI,,Asia,2022-05-15,149547595.0,1103720.0,1430217.0,1642.0
OWID_ASI,,Asia,2022-05-16,149547595.0,0.0,1430217.0,0.0
OWID_ASI,,Asia,2022-05-17,149547595.0,0.0,1430217.0,0.0
OWID_ASI,,Asia,2022-05-18,149547595.0,0.0,1430217.0,0.0
OWID_ASI,,Asia,2022-05-19,149547595.0,0.0,1430217.0,0.0
OWID_ASI,,Asia,2022-05-20,149547595.0,0.0,1430217.0,0.0
OWID_ASI,,Asia,2022-05-21,149547595.0,0.0,1430217.0,0.0
OWID_ASI,,Asia,2022-05-22,150672840.0,1125245.0,1431801.0,1584.0
OWID_ASI,,Asia,2022-05-23,150672840.0,0.0,1431801.0,0.0
OWID_ASI,,Asia,2022-05-24,150672840.0,0.0,1431801.0,0.0
OWID_ASI,,Asia,2022-05-25,150672840.0,0.0,1431801.0,0.0
OWID_ASI,,Asia,2022-05-26,150672840.0,0.0,1431801.0,0.0
OWID_ASI,,Asia,2022-05-27,150672840.0,0.0,1431801.0,0.0
OWID_ASI,,Asia,2022-05-28,150672840.0,0.0,1431801.0,0.0
OWID_ASI,,Asia,2022-05-29,151696477.0,1023637.0,1433515.0,1714.0
OWID_ASI,,Asia,2022-05-30,151696477.0,0.0,1433515.0,0.0
OWID_ASI,,Asia,2022-05-31,151696477.0,0.0,1433515.0,0.0
OWID_ASI,,Asia,2022-06-01,151696477.0,0.0,1433515.0,0.0
OWID_ASI,,Asia,2022-06-02,151696477.0,0.0,1433515.0,0.0
OWID_ASI,,Asia,2022-06-03,151696477.0,0.0,1433515.0,0.0
OWID_ASI,,Asia,2022-06-04,151696477.0,0.0,1433515.0,0.0
OWID_ASI,,Asia,2022-06-05,152569002.0,872525.0,1435389.0,1874.0
OWID_ASI,,Asia,2022-06-06,152569002.0,0.0,1435389.0,0.0
OWID_ASI,,Asia,2022-06-07,152569002.0,0.0,1435389.0,0.0
OWID_ASI,,Asia,2022-06-08,152569002.0,0.0,1435389.0,0.0
OWID_ASI,,Asia,2022-06-09,152569002.0,0.0,1435389.0,0.0
OWID_ASI,,Asia,2022-06-10,152569002.0,0.0,1435389.0,0.0
OWID_ASI,,Asia,2022-06-11,152569002.0,0.0,1435389.0,0.0
OWID_ASI,,Asia,2022-06-12,153404419.0,835417.0,1437211.0,1822.0
OWID_ASI,,Asia,2022-06-13,153404419.0,0.0,1437211.0,0.0
OWID_ASI,,Asia,2022-06-14,153404419.0,0.0,1437211.0,0.0
OWID_ASI,,Asia,2022-06-15,153404419.0,0.0,1437211.0,0.0
OWID_ASI,,Asia,2022-06-16,153404419.0,0.0,1437211.0,0.0
OWID_ASI,,Asia,2022-06-17,153404419.0,0.0,1437211.0,0.0
OWID_ASI,,Asia,2022-06-18,153404419.0,0.0,1437211.0,0.0
OWID_ASI,,Asia,2022-06-19,154212584.0,808165.0,1438904.0,1693.0
OWID_ASI,,Asia,2022-06-20,154212584.0,0.0,1438904.0,0.0
OWID_ASI,,Asia,2022-06-21,154212584.0,0.0,1438904.0,0.0
OWID_ASI,,Asia,2022-06-22,154212584.0,0.0,1438904.0,0.0
OWID_ASI,,Asia,2022-06-23,154212584.0,0.0,1438904.0,0.0
OWID_ASI,,Asia,2022-06-24,154212584.0,0.0,1438904.0,0.0
OWID_ASI,,Asia,2022-06-25,154212584.0,0.0,1438904.0,0.0
OWID_ASI,,Asia,2022-06-26,155039825.0,827241.0,1440557.0,1653.0
OWID_ASI,,Asia,2022-06-27,155039825.0,0.0,1440557.0,0.0
OWID_ASI,,Asia,2022-06-28,155039825.0,0.0,1440557.0,0.0
OWID_ASI,,Asia,2022-06-29,155039825.0,0.0,1440557.0,0.0
OWID_ASI,,Asia,2022-06-30,155039825.0,0.0,1440557.0,0.0
OWID_ASI,,Asia,2022-07-01,155039825.0,0.0,1440557.0,0.0
OWID_ASI,,Asia,2022-07-02,155039825.0,0.0,1440557.0,0.0
OWID_ASI,,Asia,2022-07-03,155900771.0,860946.0,1442176.0,1619.0
OWID_ASI,,Asia,2022-07-04,155900771.0,0.0,1442176.0,0.0
OWID_ASI,,Asia,2022-07-05,155900771.0,0.0,1442176.0,0.0
OWID_ASI,,Asia,2022-07-06,155900771.0,0.0,1442176.0,0.0
OWID_ASI,,Asia,2022-07-07,155900771.0,0.0,1442176.0,0.0
OWID_ASI,,Asia,2022-07-08,155900771.0,0.0,1442176.0,0.0
OWID_ASI,,Asia,2022-07-09,155900771.0,0.0,1442176.0,0.0
OWID_ASI,,Asia,2022-07-10,157080559.0,1179788.0,1443868.0,1692.0
OWID_ASI,,Asia,2022-07-11,157080559.0,0.0,1443868.0,0.0
OWID_ASI,,Asia,2022-07-12,157080559.0,0.0,1443868.0,0.0
OWID_ASI,,Asia,2022-07-13,157080559.0,0.0,1443868.0,0.0
OWID_ASI,,Asia,2022-07-14,157080559.0,0.0,1443868.0,0.0
OWID_ASI,,Asia,2022-07-15,157080559.0,0.0,1443868.0,0.0
OWID_ASI,,Asia,2022-07-16,157080559.0,0.0,1443868.0,0.0
OWID_ASI,,Asia,2022-07-17,158790022.0,1709463.0,1445607.0,1739.0
OWID_ASI,,Asia,2022-07-18,158790022.0,0.0,1445607.0,0.0
OWID_ASI,,Asia,2022-07-19,158790022.0,0.0,1445607.0,0.0
OWID_ASI,,Asia,2022-07-20,158790022.0,0.0,1445607.0,0.0
OWID_ASI,,Asia,2022-07-21,158790022.0,0.0,1445607.0,0.0
OWID_ASI,,Asia,2022-07-22,158790022.0,0.0,1445607.0,0.0
OWID_ASI,,Asia,2022-07-23,158790022.0,0.0,1445607.0,0.0
OWID_ASI,,Asia,2022-07-24,161305538.0,2515516.0,1447808.0,2201.0
OWID_ASI,,Asia,2022-07-25,161305538.0,0.0,1447808.0,0.0
OWID_ASI,,Asia,2022-07-26,161305538.0,0.0,1447808.0,0.0
OWID_ASI,,Asia,2022-07-27,161305538.0,0.0,1447808.0,0.0
OWID_ASI,,Asia,2022-07-28,161305538.0,0.0,1447808.0,0.0
OWID_ASI,,Asia,2022-07-29,161305538.0,0.0,1447808.0,0.0
OWID_ASI,,Asia,2022-07-30,161305538.0,0.0,1447808.0,0.0
OWID_ASI,,Asia,2022-07-31,164357568.0,3052030.0,1450776.0,2968.0
OWID_ASI,,Asia,2022-08-01,164357568.0,0.0,1450776.0,0.0
OWID_ASI,,Asia,2022-08-02,164357568.0,0.0,1450776.0,0.0
OWID_ASI,,Asia,2022-08-03,164357568.0,0.0,1450776.0,0.0
OWID_ASI,,Asia,2022-08-04,164357568.0,0.0,1450776.0,0.0
OWID_ASI,,Asia,2022-08-05,164357568.0,0.0,1450776.0,0.0
OWID_ASI,,Asia,2022-08-06,164357568.0,0.0,1450776.0,0.0
OWID_ASI,,Asia,2022-08-07,168013465.0,3655897.0,1454389.0,3613.0
OWID_ASI,,Asia,2022-08-08,168013465.0,0.0,1454389.0,0.0
OWID_ASI,,Asia,2022-08-09,168013465.0,0.0,1454389.0,0.0
OWID_ASI,,Asia,2022-08-10,168013465.0,0.0,1454389.0,0.0
OWID_ASI,,Asia,2022-08-11,168013465.0,0.0,1454389.0,0.0
OWID_ASI,,Asia,2022-08-12,168013465.0,0.0,1454389.0,0.0
OWID_ASI,,Asia,2022-08-13,168013465.0,0.0,1454389.0,0.0
OWID_ASI,,Asia,2022-08-14,170991995.0,2978530.0,1458607.0,4218.0
OWID_ASI,,Asia,2022-08-15,170991995.0,0.0,1458607.0,0.0
OWID_ASI,,Asia,2022-08-16,170991995.0,0.0,1458607.0,0.0
OWID_ASI,,Asia,2022-08-17,170991995.0,0.0,1458607.0,0.0
OWID_ASI,,Asia,2022-08-18,170991995.0,0.0,1458607.0,0.0
OWID_ASI,,Asia,2022-08-19,170991995.0,0.0,1458607.0,0.0
OWID_ASI,,Asia,2022-08-20,170991995.0,0.0,1458607.0,0.0
OWID_ASI,,Asia,2022-08-21,173945764.0,2953769.0,1463148.0,4541.0
OWID_ASI,,Asia,2022-08-22,173945764.0,0.0,1463148.0,0.0
OWID_ASI,,Asia,2022-08-23,173945764.0,0.0,1463148.0,0.0
OWID_ASI,,Asia,2022-08-24,173945764.0,0.0,1463148.0,0.0
OWID_ASI,,Asia,2022-08-25,173945764.0,0.0,1463148.0,0.0
OWID_ASI,,Asia,2022-08-26,173945764.0,0.0,1463148.0,0.0
OWID_ASI,,Asia,2022-08-27,173945764.0,0.0,1463148.0,0.0
OWID_ASI,,Asia,2022-08-28,176461168.0,2515404.0,1467840.0,4692.0
OWID_ASI,,Asia,2022-08-29,176461168.0,0.0,1467840.0,0.0
OWID_ASI,,Asia,2022-08-30,176461168.0,0.0,1467840.0,0.0
OWID_ASI,,Asia,2022-08-31,176461168.0,0.0,1467840.0,0.0
OWID_ASI,,Asia,2022-09-01,176461168.0,0.0,1467840.0,0.0
OWID_ASI,,Asia,2022-09-02,176461168.0,0.0,1467840.0,0.0
OWID_ASI,,Asia,2022-09-03,176461168.0,0.0,1467840.0,0.0
OWID_ASI,,Asia,2022-09-04,178703069.0,2241901.0,1472204.0,4364.0
OWID_ASI,,Asia,2022-09-05,178703069.0,0.0,1472204.0,0.0
OWID_ASI,,Asia,2022-09-06,178703069.0,0.0,1472204.0,0.0
OWID_ASI,,Asia,2022-09-07,178703069.0,0.0,1472204.0,0.0
OWID_ASI,,Asia,2022-09-08,178703069.0,0.0,1472204.0,0.0
OWID_ASI,,Asia,2022-09-09,178703069.0,0.0,1472204.0,0.0
OWID_ASI,,Asia,2022-09-10,178703069.0,0.0,1472204.0,0.0
OWID_ASI,,Asia,2022-09-11,180151382.0,1448313.0,1475534.0,3330.0
OWID_ASI,,Asia,2022-09-12,180151382.0,0.0,1475534.0,0.0
OWID_ASI,,Asia,2022-09-13,180151382.0,0.0,1475534.0,0.0
OWID_ASI,,Asia,2022-09-14,180151382.0,0.0,1475534.0,0.0
OWID_ASI,,Asia,2022-09-15,180151382.0,0.0,1475534.0,0.0
OWID_ASI,,Asia,2022-09-16,180151382.0,0.0,1475534.0,0.0
OWID_ASI,,Asia,2022-09-17,180151382.0,0.0,1475534.0,0.0
OWID_ASI,,Asia,2022-09-18,181639018.0,1487636.0,1478320.0,2786.0
OWID_ASI,,Asia,2022-09-19,181639018.0,0.0,1478320.0,0.0
OWID_ASI,,Asia,2022-09-20,181639018.0,0.0,1478320.0,0.0
OWID_ASI,,Asia,2022-09-21,181639018.0,0.0,1478320.0,0.0
OWID_ASI,,Asia,2022-09-22,181639018.0,0.0,1478320.0,0.0
OWID_ASI,,Asia,2022-09-23,181639018.0,0.0,1478320.0,0.0
OWID_ASI,,Asia,2022-09-24,181639018.0,0.0,1478320.0,0.0
OWID_ASI,,Asia,2022-09-25,182878833.0,1239815.0,1480781.0,2461.0
OWID_ASI,,Asia,2022-09-26,182878833.0,0.0,1480781.0,0.0
OWID_ASI,,Asia,2022-09-27,182878833.0,0.0,1480781.0,0.0
OWID_ASI,,Asia,2022-09-28,182878833.0,0.0,1480781.0,0.0
OWID_ASI,,Asia,2022-09-29,182878833.0,0.0,1480781.0,0.0
OWID_ASI,,Asia,2022-09-30,182878833.0,0.0,1480781.0,0.0
OWID_ASI,,Asia,2022-10-01,182878833.0,0.0,1480781.0,0.0
OWID_ASI,,Asia,2022-10-02,183855757.0,976924.0,1482724.0,1943.0
OWID_ASI,,Asia,2022-10-03,183855757.0,0.0,1482724.0,0.0
OWID_ASI,,Asia,2022-10-04,183855757.0,0.0,1482724.0,0.0
OWID_ASI,,Asia,2022-10-05,183855757.0,0.0,1482724.0,0.0
OWID_ASI,,Asia,2022-10-06,183855757.0,0.0,1482724.0,0.0
OWID_ASI,,Asia,2022-10-07,183855757.0,0.0,1482724.0,0.0
OWID_ASI,,Asia,2022-10-08,183855757.0,0.0,1482724.0,0.0
OWID_ASI,,Asia,2022-10-09,184703056.0,847299.0,1484564.0,1840.0
OWID_ASI,,Asia,2022-10-10,184703056.0,0.0,1484564.0,0.0
OWID_ASI,,Asia,2022-10-11,184703056.0,0.0,1484564.0,0.0
OWID_ASI,,Asia,2022-10-12,184703056.0,0.0,1484564.0,0.0
OWID_ASI,,Asia,2022-10-13,184703056.0,0.0,1484564.0,0.0
OWID_ASI,,Asia,2022-10-14,184703056.0,0.0,1484564.0,0.0
OWID_ASI,,Asia,2022-10-15,184703056.0,0.0,1484564.0,0.0
OWID_ASI,,Asia,2022-10-16,185569107.0,866051.0,1486212.0,1648.0
OWID_ASI,,Asia,2022-10-17,185569107.0,0.0,1486212.0,0.0
OWID_ASI,,Asia,2022-10-18,185569107.0,0.0,1486212.0,0.0
OWID_ASI,,Asia,2022-10-19,185569107.0,0.0,1486212.0,0.0
OWID_ASI,,Asia,2022-10-20,185569107.0,0.0,1486212.0,0.0
OWID_ASI,,Asia,2022-10-21,185569107.0,0.0,1486212.0,0.0
OWID_ASI,,Asia,2022-10-22,185569107.0,0.0,1486212.0,0.0
OWID_ASI,,Asia,2022-10-23,186422632.0,853525.0,1488005.0,1793.0
OWID_ASI,,Asia,2022-10-24,186422632.0,0.0,1488005.0,0.0
OWID_ASI,,Asia,2022-10-25,186422632.0,0.0,1488005.0,0.0
OWID_ASI,,Asia,2022-10-26,186422632.0,0.0,1488005.0,0.0
OWID_ASI,,Asia,2022-10-27,186422632.0,0.0,1488005.0,0.0
OWID_ASI,,Asia,2022-10-28,186422632.0,0.0,1488005.0,0.0
OWID_ASI,,Asia,2022-10-29,186422632.0,0.0,1488005.0,0.0
OWID_ASI,,Asia,2022-10-30,187342473.0,919841.0,1489789.0,1784.0
OWID_ASI,,Asia,2022-10-31,187342473.0,0.0,1489789.0,0.0
OWID_ASI,,Asia,2022-11-01,187342473.0,0.0,1489789.0,0.0
OWID_ASI,,Asia,2022-11-02,187342473.0,0.0,1489789.0,0.0
OWID_ASI,,Asia,2022-11-03,187342473.0,0.0,1489789.0,0.0
OWID_ASI,,Asia,2022-11-04,187342473.0,0.0,1489789.0,0.0
OWID_ASI,,Asia,2022-11-05,187342473.0,0.0,1489789.0,0.0
OWID_ASI,,Asia,2022-11-06,188405728.0,1063255.0,1493019.0,3230.0
OWID_ASI,,Asia,2022-11-07,188405728.0,0.0,1493019.0,0.0
OWID_ASI,,Asia,2022-11-08,188405728.0,0.0,1493019.0,0.0
OWID_ASI,,Asia,2022-11-09,188405728.0,0.0,1493019.0,0.0
OWID_ASI,,Asia,2022-11-10,188405728.0,0.0,1493019.0,0.0
OWID_ASI,,Asia,2022-11-11,188405728.0,0.0,1493019.0,0.0
OWID_ASI,,Asia,2022-11-12,188405728.0,0.0,1493019.0,0.0
OWID_ASI,,Asia,2022-11-13,189578180.0,1172452.0,1494994.0,1975.0
OWID_ASI,,Asia,2022-11-14,189578180.0,0.0,1494994.0,0.0
OWID_ASI,,Asia,2022-11-15,189578180.0,0.0,1494994.0,0.0
OWID_ASI,,Asia,2022-11-16,189578180.0,0.0,1494994.0,0.0
OWID_ASI,,Asia,2022-11-17,189578180.0,0.0,1494994.0,0.0
OWID_ASI,,Asia,2022-11-18,189578180.0,0.0,1494994.0,0.0
OWID_ASI,,Asia,2022-11-19,189578180.0,0.0,1494994.0,0.0
OWID_ASI,,Asia,2022-11-20,190816772.0,1238592.0,1497219.0,2225.0
OWID_ASI,,Asia,2022-11-21,190816772.0,0.0,1497219.0,0.0
OWID_ASI,,Asia,2022-11-22,190816772.0,0.0,1497219.0,0.0
OWID_ASI,,Asia,2022-11-23,190816772.0,0.0,1497219.0,0.0
OWID_ASI,,Asia,2022-11-24,190816772.0,0.0,1497219.0,0.0
OWID_ASI,,Asia,2022-11-25,190816772.0,0.0,1497219.0,0.0
OWID_ASI,,Asia,2022-11-26,190816772.0,0.0,1497219.0,0.0
OWID_ASI,,Asia,2022-11-27,192158262.0,1341490.0,1499531.0,2312.0
OWID_ASI,,Asia,2022-11-28,192158262.0,0.0,1499531.0,0.0
OWID_ASI,,Asia,2022-11-29,192158262.0,0.0,1499531.0,0.0
OWID_ASI,,Asia,2022-11-30,192158262.0,0.0,1499531.0,0.0
OWID_ASI,,Asia,2022-12-01,192158262.0,0.0,1499531.0,0.0
OWID_ASI,,Asia,2022-12-02,192158262.0,0.0,1499531.0,0.0
OWID_ASI,,Asia,2022-12-03,192158262.0,0.0,1499531.0,0.0
OWID_ASI,,Asia,2022-12-04,193521950.0,1363688.0,1502141.0,2610.0
OWID_ASI,,Asia,2022-12-05,193521950.0,0.0,1502141.0,0.0
OWID_ASI,,Asia,2022-12-06,193521950.0,0.0,1502141.0,0.0
OWID_ASI,,Asia,2022-12-07,193521950.0,0.0,1502141.0,0.0
OWID_ASI,,Asia,2022-12-08,193521950.0,0.0,1502141.0,0.0
OWID_ASI,,Asia,2022-12-09,193521950.0,0.0,1502141.0,0.0
OWID_ASI,,Asia,2022-12-10,193521950.0,0.0,1502141.0,0.0
OWID_ASI,,Asia,2022-12-11,195989642.0,2467692.0,1505478.0,3337.0
OWID_ASI,,Asia,2022-12-12,195989642.0,0.0,1505478.0,0.0
OWID_ASI,,Asia,2022-12-13,195989642.0,0.0,1505478.0,0.0
OWID_ASI,,Asia,2022-12-14,195989642.0,0.0,1505478.0,0.0
OWID_ASI,,Asia,2022-12-15,195989642.0,0.0,1505478.0,0.0
OWID_ASI,,Asia,2022-12-16,195989642.0,0.0,1505478.0,0.0
OWID_ASI,,Asia,2022-12-17,195989642.0,0.0,1505478.0,0.0
OWID_ASI,,Asia,2022-12-18,208670335.0,12680693.0,1509861.0,4383.0
OWID_ASI,,Asia,2022-12-19,208670335.0,0.0,1509861.0,0.0
OWID_ASI,,Asia,2022-12-20,208670335.0,0.0,1509861.0,0.0
OWID_ASI,,Asia,2022-12-21,208670335.0,0.0,1509861.0,0.0
OWID_ASI,,Asia,2022-12-22,208670335.0,0.0,1509861.0,0.0
OWID_ASI,,Asia,2022-12-23,208670335.0,0.0,1509861.0,0.0
OWID_ASI,,Asia,2022-12-24,208670335.0,0.0,1509861.0,0.0
OWID_ASI,,Asia,2022-12-25,250812759.0,42142424.0,1518727.0,8866.0
OWID_ASI,,Asia,2022-12-26,250812759.0,0.0,1518727.0,0.0
OWID_ASI,,Asia,2022-12-27,250812759.0,0.0,1518727.0,0.0
OWID_ASI,,Asia,2022-12-28,250812759.0,0.0,1518727.0,0.0
OWID_ASI,,Asia,2022-12-29,250812759.0,0.0,1518727.0,0.0
OWID_ASI,,Asia,2022-12-30,250812759.0,0.0,1518727.0,0.0
OWID_ASI,,Asia,2022-12-31,250812759.0,0.0,1518727.0,0.0
OWID_ASI,,Asia,2023-01-01,276901346.0,26088587.0,1539378.0,20651.0
OWID_ASI,,Asia,2023-01-02,276901346.0,0.0,1539378.0,0.0
OWID_ASI,,Asia,2023-01-03,276901346.0,0.0,1539378.0,0.0
OWID_ASI,,Asia,2023-01-04,276901346.0,0.0,1539378.0,0.0
OWID_ASI,,Asia,2023-01-05,276901346.0,0.0,1539378.0,0.0
OWID_ASI,,Asia,2023-01-06,276901346.0,0.0,1539378.0,0.0
OWID_ASI,,Asia,2023-01-07,276901346.0,0.0,1539378.0,0.0
OWID_ASI,,Asia,2023-01-08,286473115.0,9571769.0,1553629.0,14251.0
OWID_ASI,,Asia,2023-01-09,286473115.0,0.0,1553629.0,0.0
OWID_ASI,,Asia,2023-01-10,286473115.0,0.0,1553629.0,0.0
OWID_ASI,,Asia,2023-01-11,286473115.0,0.0,1553629.0,0.0
OWID_ASI,,Asia,2023-01-12,286473115.0,0.0,1553629.0,0.0
OWID_ASI,,Asia,2023-01-13,286473115.0,0.0,1553629.0,0.0
OWID_ASI,,Asia,2023-01-14,286473115.0,0.0,1553629.0,0.0
OWID_ASI,,Asia,2023-01-15,290173199.0,3700084.0,1553857.0,228.0
OWID_ASI,,Asia,2023-01-16,290173199.0,0.0,1553857.0,0.0
OWID_ASI,,Asia,2023-01-17,290173199.0,0.0,1553857.0,0.0
OWID_ASI,,Asia,2023-01-18,290173199.0,0.0,1553857.0,0.0
OWID_ASI,,Asia,2023-01-19,290173199.0,0.0,1553857.0,0.0
OWID_ASI,,Asia,2023-01-20,290173199.0,0.0,1553857.0,0.0
OWID_ASI,,Asia,2023-01-21,290173199.0,0.0,1553857.0,0.0
OWID_ASI,,Asia,2023-01-22,291816545.0,1643346.0,1554076.0,219.0
OWID_ASI,,Asia,2023-01-23,291816545.0,0.0,1554076.0,0.0
OWID_ASI,,Asia,2023-01-24,291816545.0,0.0,1554076.0,0.0
OWID_ASI,,Asia,2023-01-25,291816545.0,0.0,1554076.0,0.0
OWID_ASI,,Asia,2023-01-26,291816545.0,0.0,1554076.0,0.0
OWID_ASI,,Asia,2023-01-27,291816545.0,0.0,1554076.0,0.0
OWID_ASI,,Asia,2023-01-28,291816545.0,0.0,1554076.0,0.0
OWID_ASI,,Asia,2023-01-29,292600198.0,783653.0,1554228.0,152.0
OWID_ASI,,Asia,2023-01-30,292600198.0,0.0,1554228.0,0.0
OWID_ASI,,Asia,2023-01-31,292600198.0,0.0,1554228.0,0.0
OWID_ASI,,Asia,2023-02-01,292600198.0,0.0,1554228.0,0.0
OWID_ASI,,Asia,2023-02-02,292600198.0,0.0,1554228.0,0.0
OWID_ASI,,Asia,2023-02-03,292600198.0,0.0,1554228.0,0.0
OWID_ASI,,Asia,2023-02-04,292600198.0,0.0,1554228.0,0.0
OWID_ASI,,Asia,2023-02-05,293213775.0,613577.0,1614641.0,60413.0
OWID_ASI,,Asia,2023-02-06,293213775.0,0.0,1614641.0,0.0
OWID_ASI,,Asia,2023-02-07,293213775.0,0.0,1614641.0,0.0
OWID_ASI,,Asia,2023-02-08,293213775.0,0.0,1614641.0,0.0
OWID_ASI,,Asia,2023-02-09,293213775.0,0.0,1614641.0,0.0
OWID_ASI,,Asia,2023-02-10,293213775.0,0.0,1614641.0,0.0
OWID_ASI,,Asia,2023-02-11,293213775.0,0.0,1614641.0,0.0
OWID_ASI,,Asia,2023-02-12,293697189.0,483414.0,1617589.0,2948.0
OWID_ASI,,Asia,2023-02-13,293697189.0,0.0,1617589.0,0.0
OWID_ASI,,Asia,2023-02-14,293697189.0,0.0,1617589.0,0.0
OWID_ASI,,Asia,2023-02-15,293697189.0,0.0,1617589.0,0.0
OWID_ASI,,Asia,2023-02-16,293697189.0,0.0,1617589.0,0.0
OWID_ASI,,Asia,2023-02-17,293697189.0,0.0,1617589.0,0.0
OWID_ASI,,Asia,2023-02-18,293697189.0,0.0,1617589.0,0.0
OWID_ASI,,Asia,2023-02-19,294053338.0,356149.0,1619440.0,1851.0
OWID_ASI,,Asia,2023-02-20,294053338.0,0.0,1619440.0,0.0
OWID_ASI,,Asia,2023-02-21,294053338.0,0.0,1619440.0,0.0
OWID_ASI,,Asia,2023-02-22,294053338.0,0.0,1619440.0,0.0
OWID_ASI,,Asia,2023-02-23,294053338.0,0.0,1619440.0,0.0
OWID_ASI,,Asia,2023-02-24,294053338.0,0.0,1619440.0,0.0
OWID_ASI,,Asia,2023-02-25,294053338.0,0.0,1619440.0,0.0
OWID_ASI,,Asia,2023-02-26,294316522.0,263184.0,1620695.0,1255.0
OWID_ASI,,Asia,2023-02-27,294316522.0,0.0,1620695.0,0.0
OWID_ASI,,Asia,2023-02-28,294316522.0,0.0,1620695.0,0.0
OWID_ASI,,Asia,2023-03-01,294316522.0,0.0,1620695.0,0.0
OWID_ASI,,Asia,2023-03-02,294316522.0,0.0,1620695.0,0.0
OWID_ASI,,Asia,2023-03-03,294316522.0,0.0,1620695.0,0.0
OWID_ASI,,Asia,2023-03-04,294316522.0,0.0,1620695.0,0.0
OWID_ASI,,Asia,2023-03-05,294570037.0,253515.0,1621858.0,1163.0
OWID_ASI,,Asia,2023-03-06,294570037.0,0.0,1621858.0,0.0
OWID_ASI,,Asia,2023-03-07,294570037.0,0.0,1621858.0,0.0
OWID_ASI,,Asia,2023-03-08,294570037.0,0.0,1621858.0,0.0
OWID_ASI,,Asia,2023-03-09,294570037.0,0.0,1621858.0,0.0
OWID_ASI,,Asia,2023-03-10,294570037.0,0.0,1621858.0,0.0
OWID_ASI,,Asia,2023-03-11,294570037.0,0.0,1621858.0,0.0
OWID_ASI,,Asia,2023-03-12,294824037.0,254000.0,1622936.0,1078.0
OWID_ASI,,Asia,2023-03-13,294824037.0,0.0,1622936.0,0.0
OWID_ASI,,Asia,2023-03-14,294824037.0,0.0,1622936.0,0.0
OWID_ASI,,Asia,2023-03-15,294824037.0,0.0,1622936.0,0.0
OWID_ASI,,Asia,2023-03-16,294824037.0,0.0,1622936.0,0.0
OWID_ASI,,Asia,2023-03-17,294824037.0,0.0,1622936.0,0.0
OWID_ASI,,Asia,2023-03-18,294824037.0,0.0,1622936.0,0.0
OWID_ASI,,Asia,2023-03-19,295045199.0,221162.0,1623855.0,919.0
OWID_ASI,,Asia,2023-03-20,295045199.0,0.0,1623855.0,0.0
OWID_ASI,,Asia,2023-03-21,295045199.0,0.0,1623855.0,0.0
OWID_ASI,,Asia,2023-03-22,295045199.0,0.0,1623855.0,0.0
OWID_ASI,,Asia,2023-03-23,295045199.0,0.0,1623855.0,0.0
OWID_ASI,,Asia,2023-03-24,295045199.0,0.0,1623855.0,0.0
OWID_ASI,,Asia,2023-03-25,295045199.0,0.0,1623855.0,0.0
OWID_ASI,,Asia,2023-03-26,295221258.0,176059.0,1624599.0,744.0
OWID_ASI,,Asia,2023-03-27,295221258.0,0.0,1624599.0,0.0
OWID_ASI,,Asia,2023-03-28,295221258.0,0.0,1624599.0,0.0
OWID_ASI,,Asia,2023-03-29,295221258.0,0.0,1624599.0,0.0
OWID_ASI,,Asia,2023-03-30,295221258.0,0.0,1624599.0,0.0
OWID_ASI,,Asia,2023-03-31,295221258.0,0.0,1624599.0,0.0
OWID_ASI,,Asia,2023-04-01,295221258.0,0.0,1624599.0,0.0
OWID_ASI,,Asia,2023-04-02,295403799.0,182541.0,1625259.0,660.0
OWID_ASI,,Asia,2023-04-03,295403799.0,0.0,1625259.0,0.0
OWID_ASI,,Asia,2023-04-04,295403799.0,0.0,1625259.0,0.0
OWID_ASI,,Asia,2023-04-05,295403799.0,0.0,1625259.0,0.0
OWID_ASI,,Asia,2023-04-06,295403799.0,0.0,1625259.0,0.0
OWID_ASI,,Asia,2023-04-07,295403799.0,0.0,1625259.0,0.0
OWID_ASI,,Asia,2023-04-08,295403799.0,0.0,1625259.0,0.0
OWID_ASI,,Asia,2023-04-09,295627098.0,223299.0,1625876.0,617.0
OWID_ASI,,Asia,2023-04-10,295627098.0,0.0,1625876.0,0.0
OWID_ASI,,Asia,2023-04-11,295627098.0,0.0,1625876.0,0.0
OWID_ASI,,Asia,2023-04-12,295627098.0,0.0,1625876.0,0.0
OWID_ASI,,Asia,2023-04-13,295627098.0,0.0,1625876.0,0.0
OWID_ASI,,Asia,2023-04-14,295627098.0,0.0,1625876.0,0.0
OWID_ASI,,Asia,2023-04-15,295627098.0,0.0,1625876.0,0.0
OWID_ASI,,Asia,2023-04-16,295872947.0,245849.0,1626622.0,746.0
OWID_ASI,,Asia,2023-04-17,295872947.0,0.0,1626622.0,0.0
OWID_ASI,,Asia,2023-04-18,295872947.0,0.0,1626622.0,0.0
OWID_ASI,,Asia,2023-04-19,295872947.0,0.0,1626622.0,0.0
OWID_ASI,,Asia,2023-04-20,295872947.0,0.0,1626622.0,0.0
OWID_ASI,,Asia,2023-04-21,295872947.0,0.0,1626622.0,0.0
OWID_ASI,,Asia,2023-04-22,295872947.0,0.0,1626622.0,0.0
OWID_ASI,,Asia,2023-04-23,296173091.0,300144.0,1627372.0,750.0
OWID_ASI,,Asia,2023-04-24,296173091.0,0.0,1627372.0,0.0
OWID_ASI,,Asia,2023-04-25,296173091.0,0.0,1627372.0,0.0
OWID_ASI,,Asia,2023-04-26,296173091.0,0.0,1627372.0,0.0
OWID_ASI,,Asia,2023-04-27,296173091.0,0.0,1627372.0,0.0
OWID_ASI,,Asia,2023-04-28,296173091.0,0.0,1627372.0,0.0
OWID_ASI,,Asia,2023-04-29,296173091.0,0.0,1627372.0,0.0
OWID_ASI,,Asia,2023-04-30,296476186.0,303095.0,1628152.0,780.0
OWID_ASI,,Asia,2023-05-01,296476186.0,0.0,1628152.0,0.0
OWID_ASI,,Asia,2023-05-02,296476186.0,0.0,1628152.0,0.0
OWID_ASI,,Asia,2023-05-03,296476186.0,0.0,1628152.0,0.0
OWID_ASI,,Asia,2023-05-04,296476186.0,0.0,1628152.0,0.0
OWID_ASI,,Asia,2023-05-05,296476186.0,0.0,1628152.0,0.0
OWID_ASI,,Asia,2023-05-06,296476186.0,0.0,1628152.0,0.0
OWID_ASI,,Asia,2023-05-07,296753921.0,277735.0,1628895.0,743.0
OWID_ASI,,Asia,2023-05-08,296753921.0,0.0,1628895.0,0.0
OWID_ASI,,Asia,2023-05-09,296753921.0,0.0,1628895.0,0.0
OWID_ASI,,Asia,2023-05-10,296753921.0,0.0,1628895.0,0.0
OWID_ASI,,Asia,2023-05-11,296753921.0,0.0,1628895.0,0.0
OWID_ASI,,Asia,2023-05-12,296753921.0,0.0,1628895.0,0.0
OWID_ASI,,Asia,2023-05-13,296753921.0,0.0,1628895.0,0.0
OWID_ASI,,Asia,2023-05-14,297011832.0,257911.0,1629430.0,535.0
OWID_ASI,,Asia,2023-05-15,297011832.0,0.0,1629430.0,0.0
OWID_ASI,,Asia,2023-05-16,297011832.0,0.0,1629430.0,0.0
OWID_ASI,,Asia,2023-05-17,297011832.0,0.0,1629430.0,0.0
OWID_ASI,,Asia,2023-05-18,297011832.0,0.0,1629430.0,0.0
OWID_ASI,,Asia,2023-05-19,297011832.0,0.0,1629430.0,0.0
OWID_ASI,,Asia,2023-05-20,297011832.0,0.0,1629430.0,0.0
OWID_ASI,,Asia,2023-05-21,297235571.0,223739.0,1629897.0,467.0
OWID_ASI,,Asia,2023-05-22,297235571.0,0.0,1629897.0,0.0
OWID_ASI,,Asia,2023-05-23,297235571.0,0.0,1629897.0,0.0
OWID_ASI,,Asia,2023-05-24,297235571.0,0.0,1629897.0,0.0
OWID_ASI,,Asia,2023-05-25,297235571.0,0.0,1629897.0,0.0
OWID_ASI,,Asia,2023-05-26,297235571.0,0.0,1629897.0,0.0
OWID_ASI,,Asia,2023-05-27,297235571.0,0.0,1629897.0,0.0
OWID_ASI,,Asia,2023-05-28,297413805.0,178234.0,1630271.0,374.0
OWID_ASI,,Asia,2023-05-29,297413805.0,0.0,1630271.0,0.0
OWID_ASI,,Asia,2023-05-30,297413805.0,0.0,1630271.0,0.0
OWID_ASI,,Asia,2023-05-31,297413805.0,0.0,1630271.0,0.0
OWID_ASI,,Asia,2023-06-01,297413805.0,0.0,1630271.0,0.0
OWID_ASI,,Asia,2023-06-02,297413805.0,0.0,1630271.0,0.0
OWID_ASI,,Asia,2023-06-03,297413805.0,0.0,1630271.0,0.0
OWID_ASI,,Asia,2023-06-04,297568594.0,154789.0,1630599.0,328.0
OWID_ASI,,Asia,2023-06-05,297568594.0,0.0,1630599.0,0.0
OWID_ASI,,Asia,2023-06-06,297568594.0,0.0,1630599.0,0.0
OWID_ASI,,Asia,2023-06-07,297568594.0,0.0,1630599.0,0.0
OWID_ASI,,Asia,2023-06-08,297568594.0,0.0,1630599.0,0.0
OWID_ASI,,Asia,2023-06-09,297568594.0,0.0,1630599.0,0.0
OWID_ASI,,Asia,2023-06-10,297568594.0,0.0,1630599.0,0.0
OWID_ASI,,Asia,2023-06-11,297746021.0,177427.0,1630987.0,388.0
OWID_ASI,,Asia,2023-06-12,297746021.0,0.0,1630987.0,0.0
OWID_ASI,,Asia,2023-06-13,297746021.0,0.0,1630987.0,0.0
OWID_ASI,,Asia,2023-06-14,297746021.0,0.0,1630987.0,0.0
OWID_ASI,,Asia,2023-06-15,297746021.0,0.0,1630987.0,0.0
OWID_ASI,,Asia,2023-06-16,297746021.0,0.0,1630987.0,0.0
OWID_ASI,,Asia,2023-06-17,297746021.0,0.0,1630987.0,0.0
OWID_ASI,,Asia,2023-06-18,297797264.0,51243.0,1631194.0,207.0
OWID_ASI,,Asia,2023-06-19,297797264.0,0.0,1631194.0,0.0
OWID_ASI,,Asia,2023-06-20,297797264.0,0.0,1631194.0,0.0
OWID_ASI,,Asia,2023-06-21,297797264.0,0.0,1631194.0,0.0
OWID_ASI,,Asia,2023-06-22,297797264.0,0.0,1631194.0,0.0
OWID_ASI,,Asia,2023-06-23,297797264.0,0.0,1631194.0,0.0
OWID_ASI,,Asia,2023-06-24,297797264.0,0.0,1631194.0,0.0
OWID_ASI,,Asia,2023-06-25,297934184.0,136920.0,1631453.0,259.0
OWID_ASI,,Asia,2023-06-26,297934184.0,0.0,1631453.0,0.0
OWID_ASI,,Asia,2023-06-27,297934184.0,0.0,1631453.0,0.0
OWID_ASI,,Asia,2023-06-28,297934184.0,0.0,1631453.0,0.0
OWID_ASI,,Asia,2023-06-29,297934184.0,0.0,1631453.0,0.0
OWID_ASI,,Asia,2023-06-30,297934184.0,0.0,1631453.0,0.0
OWID_ASI,,Asia,2023-07-01,297934184.0,0.0,1631453.0,0.0
OWID_ASI,,Asia,2023-07-02,298070146.0,135962.0,1631560.0,107.0
OWID_ASI,,Asia,2023-07-03,298070146.0,0.0,1631560.0,0.0
OWID_ASI,,Asia,2023-07-04,298070146.0,0.0,1631560.0,0.0
OWID_ASI,,Asia,2023-07-05,298070146.0,0.0,1631560.0,0.0
OWID_ASI,,Asia,2023-07-06,298070146.0,0.0,1631560.0,0.0
OWID_ASI,,Asia,2023-07-07,298070146.0,0.0,1631560.0,0.0
OWID_ASI,,Asia,2023-07-08,298070146.0,0.0,1631560.0,0.0
OWID_ASI,,Asia,2023-07-09,298209808.0,139662.0,1631703.0,143.0
OWID_ASI,,Asia,2023-07-10,298209808.0,0.0,1631703.0,0.0
OWID_ASI,,Asia,2023-07-11,298209808.0,0.0,1631703.0,0.0
OWID_ASI,,Asia,2023-07-12,298209808.0,0.0,1631703.0,0.0
OWID_ASI,,Asia,2023-07-13,298209808.0,0.0,1631703.0,0.0
OWID_ASI,,Asia,2023-07-14,298209808.0,0.0,1631703.0,0.0
OWID_ASI,,Asia,2023-07-15,298209808.0,0.0,1631703.0,0.0
OWID_ASI,,Asia,2023-07-16,298379182.0,169374.0,1631765.0,62.0
OWID_ASI,,Asia,2023-07-17,298379182.0,0.0,1631765.0,0.0
OWID_ASI,,Asia,2023-07-18,298379182.0,0.0,1631765.0,0.0
OWID_ASI,,Asia,2023-07-19,298379182.0,0.0,1631765.0,0.0
OWID_ASI,,Asia,2023-07-20,298379182.0,0.0,1631765.0,0.0
OWID_ASI,,Asia,2023-07-21,298379182.0,0.0,1631765.0,0.0
OWID_ASI,,Asia,2023-07-22,298379182.0,0.0,1631765.0,0.0
OWID_ASI,,Asia,2023-07-23,298598990.0,219808.0,1631919.0,154.0
OWID_ASI,,Asia,2023-07-24,298598990.0,0.0,1631919.0,0.0
OWID_ASI,,Asia,2023-07-25,298598990.0,0.0,1631919.0,0.0
OWID_ASI,,Asia,2023-07-26,298598990.0,0.0,1631919.0,0.0
OWID_ASI,,Asia,2023-07-27,298598990.0,0.0,1631919.0,0.0
OWID_ASI,,Asia,2023-07-28,298598990.0,0.0,1631919.0,0.0
OWID_ASI,,Asia,2023-07-29,298598990.0,0.0,1631919.0,0.0
OWID_ASI,,Asia,2023-07-30,298884318.0,285328.0,1632052.0,133.0
OWID_ASI,,Asia,2023-07-31,298884318.0,0.0,1632052.0,0.0
OWID_ASI,,Asia,2023-08-01,298884318.0,0.0,1632052.0,0.0
OWID_ASI,,Asia,2023-08-02,298884318.0,0.0,1632052.0,0.0
OWID_ASI,,Asia,2023-08-03,298884318.0,0.0,1632052.0,0.0
OWID_ASI,,Asia,2023-08-04,298884318.0,0.0,1632052.0,0.0
OWID_ASI,,Asia,2023-08-05,298884318.0,0.0,1632052.0,0.0
OWID_ASI,,Asia,2023-08-06,299548924.0,664606.0,1632485.0,433.0
OWID_ASI,,Asia,2023-08-07,299548924.0,0.0,1632485.0,0.0
OWID_ASI,,Asia,2023-08-08,299548924.0,0.0,1632485.0,0.0
OWID_ASI,,Asia,2023-08-09,299548924.0,0.0,1632485.0,0.0
OWID_ASI,,Asia,2023-08-10,299548924.0,0.0,1632485.0,0.0
OWID_ASI,,Asia,2023-08-11,299548924.0,0.0,1632485.0,0.0
OWID_ASI,,Asia,2023-08-12,299548924.0,0.0,1632485.0,0.0
OWID_ASI,,Asia,2023-08-13,299639973.0,91049.0,1632578.0,93.0
OWID_ASI,,Asia,2023-08-14,299639973.0,0.0,1632578.0,0.0
OWID_ASI,,Asia,2023-08-15,299639973.0,0.0,1632578.0,0.0
OWID_ASI,,Asia,2023-08-16,299639973.0,0.0,1632578.0,0.0
OWID_ASI,,Asia,2023-08-17,299639973.0,0.0,1632578.0,0.0
OWID_ASI,,Asia,2023-08-18,299639973.0,0.0,1632578.0,0.0
OWID_ASI,,Asia,2023-08-19,299639973.0,0.0,1632578.0,0.0
OWID_ASI,,Asia,2023-08-20,299869974.0,295080.0,1632769.0,191.0
OWID_ASI,,Asia,2023-08-21,299869974.0,0.0,1632769.0,0.0
OWID_ASI,,Asia,2023-08-22,299869974.0,0.0,1632769.0,0.0
OWID_ASI,,Asia,2023-08-23,299869974.0,0.0,1632769.0,0.0
OWID_ASI,,Asia,2023-08-24,299869974.0,0.0,1632769.0,0.0
OWID_ASI,,Asia,2023-08-25,299869974.0,0.0,1632769.0,0.0
OWID_ASI,,Asia,2023-08-26,299869974.0,0.0,1632769.0,0.0
OWID_ASI,,Asia,2023-08-27,300167485.0,297511.0,1633074.0,305.0
OWID_ASI,,Asia,2023-08-28,300167485.0,0.0,1633074.0,0.0
OWID_ASI,,Asia,2023-08-29,300167485.0,0.0,1633074.0,0.0
OWID_ASI,,Asia,2023-08-30,300167485.0,0.0,1633074.0,0.0
OWID_ASI,,Asia,2023-08-31,300167485.0,0.0,1633074.0,0.0
OWID_ASI,,Asia,2023-09-01,300167485.0,0.0,1633074.0,0.0
OWID_ASI,,Asia,2023-09-02,300167485.0,0.0,1633074.0,0.0
OWID_ASI,,Asia,2023-09-03,300438173.0,270688.0,1633207.0,133.0
OWID_ASI,,Asia,2023-09-04,300438173.0,0.0,1633207.0,0.0
OWID_ASI,,Asia,2023-09-05,300438173.0,0.0,1633207.0,0.0
OWID_ASI,,Asia,2023-09-06,300438173.0,0.0,1633207.0,0.0
OWID_ASI,,Asia,2023-09-07,300438173.0,0.0,1633207.0,0.0
OWID_ASI,,Asia,2023-09-08,300438173.0,0.0,1633207.0,0.0
OWID_ASI,,Asia,2023-09-09,300438173.0,0.0,1633207.0,0.0
OWID_ASI,,Asia,2023-09-10,300584202.0,146029.0,1633421.0,214.0
OWID_ASI,,Asia,2023-09-11,300584202.0,0.0,1633421.0,0.0
OWID_ASI,,Asia,2023-09-12,300584202.0,0.0,1633421.0,0.0
OWID_ASI,,Asia,2023-09-13,300584202.0,0.0,1633421.0,0.0
OWID_ASI,,Asia,2023-09-14,300584202.0,0.0,1633421.0,0.0
OWID_ASI,,Asia,2023-09-15,300584202.0,0.0,1633421.0,0.0
OWID_ASI,,Asia,2023-09-16,300584202.0,0.0,1633421.0,0.0
OWID_ASI,,Asia,2023-09-17,300598737.0,14535.0,1633472.0,51.0
OWID_ASI,,Asia,2023-09-18,300598737.0,0.0,1633472.0,0.0
OWID_ASI,,Asia,2023-09-19,300598737.0,0.0,1633472.0,0.0
OWID_ASI,,Asia,2023-09-20,300598737.0,0.0,1633472.0,0.0
OWID_ASI,,Asia,2023-09-21,300598737.0,0.0,1633472.0,0.0
OWID_ASI,,Asia,2023-09-22,300598737.0,0.0,1633472.0,0.0
OWID_ASI,,Asia,2023-09-23,300598737.0,0.0,1633472.0,0.0
OWID_ASI,,Asia,2023-09-24,300612119.0,13382.0,1633538.0,66.0
OWID_ASI,,Asia,2023-09-25,300612119.0,0.0,1633538.0,0.0
OWID_ASI,,Asia,2023-09-26,300612119.0,0.0,1633538.0,0.0
OWID_ASI,,Asia,2023-09-27,300612119.0,0.0,1633538.0,0.0
OWID_ASI,,Asia,2023-09-28,300612119.0,0.0,1633538.0,0.0
OWID_ASI,,Asia,2023-09-29,300612119.0,0.0,1633538.0,0.0
OWID_ASI,,Asia,2023-09-30,300612119.0,0.0,1633538.0,0.0
OWID_ASI,,Asia,2023-10-01,300635591.0,23472.0,1633603.0,65.0
OWID_ASI,,Asia,2023-10-02,300635591.0,0.0,1633603.0,0.0
OWID_ASI,,Asia,2023-10-03,300635591.0,0.0,1633603.0,0.0
OWID_ASI,,Asia,2023-10-04,300635591.0,0.0,1633603.0,0.0
OWID_ASI,,Asia,2023-10-05,300635591.0,0.0,1633603.0,0.0
OWID_ASI,,Asia,2023-10-06,300635591.0,0.0,1633603.0,0.0
OWID_ASI,,Asia,2023-10-07,300635591.0,0.0,1633603.0,0.0
OWID_ASI,,Asia,2023-10-08,300658435.0,22844.0,1633742.0,139.0
OWID_ASI,,Asia,2023-10-09,300658435.0,0.0,1633742.0,0.0
OWID_ASI,,Asia,2023-10-10,300658435.0,0.0,1633742.0,0.0
OWID_ASI,,Asia,2023-10-11,300658435.0,0.0,1633742.0,0.0
OWID_ASI,,Asia,2023-10-12,300658435.0,0.0,1633742.0,0.0
OWID_ASI,,Asia,2023-10-13,300658435.0,0.0,1633742.0,0.0
OWID_ASI,,Asia,2023-10-14,300658435.0,0.0,1633742.0,0.0
OWID_ASI,,Asia,2023-10-15,300681708.0,23273.0,1633830.0,88.0
OWID_ASI,,Asia,2023-10-16,300681708.0,0.0,1633830.0,0.0
OWID_ASI,,Asia,2023-10-17,300681708.0,0.0,1633830.0,0.0
OWID_ASI,,Asia,2023-10-18,300681708.0,0.0,1633830.0,0.0
OWID_ASI,,Asia,2023-10-19,300681708.0,0.0,1633830.0,0.0
OWID_ASI,,Asia,2023-10-20,300681708.0,0.0,1633830.0,0.0
OWID_ASI,,Asia,2023-10-21,300681708.0,0.0,1633830.0,0.0
OWID_ASI,,Asia,2023-10-22,300704276.0,22568.0,1635180.0,1350.0
OWID_ASI,,Asia,2023-10-23,300704276.0,0.0,1635180.0,0.0
OWID_ASI,,Asia,2023-10-24,300704276.0,0.0,1635180.0,0.0
OWID_ASI,,Asia,2023-10-25,300704276.0,0.0,1635180.0,0.0
OWID_ASI,,Asia,2023-10-26,300704276.0,0.0,1635180.0,0.0
OWID_ASI,,Asia,2023-10-27,300704276.0,0.0,1635180.0,0.0
OWID_ASI,,Asia,2023-10-28,300704276.0,0.0,1635180.0,0.0
OWID_ASI,,Asia,2023-10-29,300727379.0,23103.0,1635254.0,74.0
OWID_ASI,,Asia,2023-10-30,300727379.0,0.0,1635254.0,0.0
OWID_ASI,,Asia,2023-10-31,300727379.0,0.0,1635254.0,0.0
OWID_ASI,,Asia,2023-11-01,300727379.0,0.0,1635254.0,0.0
OWID_ASI,,Asia,2023-11-02,300727379.0,0.0,1635254.0,0.0
OWID_ASI,,Asia,2023-11-03,300727379.0,0.0,1635254.0,0.0
OWID_ASI,,Asia,2023-11-04,300727379.0,0.0,1635254.0,0.0
OWID_ASI,,Asia,2023-11-05,300749652.0,22273.0,1635375.0,121.0
OWID_ASI,,Asia,2023-11-06,300749652.0,0.0,1635375.0,0.0
OWID_ASI,,Asia,2023-11-07,300749652.0,0.0,1635375.0,0.0
OWID_ASI,,Asia,2023-11-08,300749652.0,0.0,1635375.0,0.0
OWID_ASI,,Asia,2023-11-09,300749652.0,0.0,1635375.0,0.0
OWID_ASI,,Asia,2023-11-10,300749652.0,0.0,1635375.0,0.0
OWID_ASI,,Asia,2023-11-11,300749652.0,0.0,1635375.0,0.0
OWID_ASI,,Asia,2023-11-12,300771830.0,22178.0,1635446.0,71.0
OWID_ASI,,Asia,2023-11-13,300771830.0,0.0,1635446.0,0.0
OWID_ASI,,Asia,2023-11-14,300771830.0,0.0,1635446.0,0.0
OWID_ASI,,Asia,2023-11-15,300771830.0,0.0,1635446.0,0.0
OWID_ASI,,Asia,2023-11-16,300771830.0,0.0,1635446.0,0.0
OWID_ASI,,Asia,2023-11-17,300771830.0,0.0,1635446.0,0.0
OWID_ASI,,Asia,2023-11-18,300771830.0,0.0,1635446.0,0.0
OWID_ASI,,Asia,2023-11-19,300793395.0,21565.0,1635488.0,42.0
OWID_ASI,,Asia,2023-11-20,300793395.0,0.0,1635488.0,0.0
OWID_ASI,,Asia,2023-11-21,300793395.0,0.0,1635488.0,0.0
OWID_ASI,,Asia,2023-11-22,300793395.0,0.0,1635488.0,0.0
OWID_ASI,,Asia,2023-11-23,300793395.0,0.0,1635488.0,0.0
OWID_ASI,,Asia,2023-11-24,300793395.0,0.0,1635488.0,0.0
OWID_ASI,,Asia,2023-11-25,300793395.0,0.0,1635488.0,0.0
OWID_ASI,,Asia,2023-11-26,300811862.0,18467.0,1635526.0,38.0
OWID_ASI,,Asia,2023-11-27,300811862.0,0.0,1635526.0,0.0
OWID_ASI,,Asia,2023-11-28,300811862.0,0.0,1635526.0,0.0
OWID_ASI,,Asia,2023-11-29,300811862.0,0.0,1635526.0,0.0
OWID_ASI,,Asia,2023-11-30,300811862.0,0.0,1635526.0,0.0
OWID_ASI,,Asia,2023-12-01,300811862.0,0.0,1635526.0,0.0
OWID_ASI,,Asia,2023-12-02,300811862.0,0.0,1635526.0,0.0
OWID_ASI,,Asia,2023-12-03,300845500.0,33638.0,1635578.0,52.0
OWID_ASI,,Asia,2023-12-04,300845500.0,0.0,1635578.0,0.0
OWID_ASI,,Asia,2023-12-05,300845500.0,0.0,1635578.0,0.0
OWID_ASI,,Asia,2023-12-06,300845500.0,0.0,1635578.0,0.0
OWID_ASI,,Asia,2023-12-07,300845500.0,0.0,1635578.0,0.0
OWID_ASI,,Asia,2023-12-08,300845500.0,0.0,1635578.0,0.0
OWID_ASI,,Asia,2023-12-09,300845500.0,0.0,1635578.0,0.0
OWID_ASI,,Asia,2023-12-10,300897834.0,52334.0,1635653.0,75.0
OWID_ASI,,Asia,2023-12-11,300897834.0,0.0,1635653.0,0.0
OWID_ASI,,Asia,2023-12-12,300897834.0,0.0,1635653.0,0.0
OWID_ASI,,Asia,2023-12-13,300897834.0,0.0,1635653.0,0.0
OWID_ASI,,Asia,2023-12-14,300897834.0,0.0,1635653.0,0.0
OWID_ASI,,Asia,2023-12-15,300897834.0,0.0,1635653.0,0.0
OWID_ASI,,Asia,2023-12-16,300897834.0,0.0,1635653.0,0.0
OWID_ASI,,Asia,2023-12-17,300985158.0,87324.0,1635730.0,77.0
OWID_ASI,,Asia,2023-12-18,300985158.0,0.0,1635730.0,0.0
OWID_ASI,,Asia,2023-12-19,300985158.0,0.0,1635730.0,0.0
OWID_ASI,,Asia,2023-12-20,300985158.0,0.0,1635730.0,0.0
OWID_ASI,,Asia,2023-12-21,300985158.0,0.0,1635730.0,0.0
OWID_ASI,,Asia,2023-12-22,300985158.0,0.0,1635730.0,0.0
OWID_ASI,,Asia,2023-12-23,300985158.0,0.0,1635730.0,0.0
OWID_ASI,,Asia,2023-12-24,301085354.0,100196.0,1635823.0,93.0
OWID_ASI,,Asia,2023-12-25,301085354.0,0.0,1635823.0,0.0
OWID_ASI,,Asia,2023-12-26,301085354.0,0.0,1635823.0,0.0
OWID_ASI,,Asia,2023-12-27,301085354.0,0.0,1635823.0,0.0
OWID_ASI,,Asia,2023-12-28,301085354.0,0.0,1635823.0,0.0
OWID_ASI,,Asia,2023-12-29,301085354.0,0.0,1635823.0,0.0
OWID_ASI,,Asia,2023-12-30,301085354.0,0.0,1635823.0,0.0
OWID_ASI,,Asia,2023-12-31,301161412.0,76058.0,1635931.0,108.0
OWID_ASI,,Asia,2024-01-01,301161412.0,0.0,1635931.0,0.0
OWID_ASI,,Asia,2024-01-02,301161412.0,0.0,1635931.0,0.0
OWID_ASI,,Asia,2024-01-03,301161412.0,0.0,1635931.0,0.0
OWID_ASI,,Asia,2024-01-04,301161412.0,0.0,1635931.0,0.0
OWID_ASI,,Asia,2024-01-05,301161412.0,0.0,1635931.0,0.0
OWID_ASI,,Asia,2024-01-06,301161412.0,0.0,1635931.0,0.0
OWID_ASI,,Asia,2024-01-07,301199047.0,37635.0,1636158.0,227.0
OWID_ASI,,Asia,2024-01-08,301199047.0,0.0,1636158.0,0.0
OWID_ASI,,Asia,2024-01-09,301199047.0,0.0,1636158.0,0.0
OWID_ASI,,Asia,2024-01-10,301199047.0,0.0,1636158.0,0.0
OWID_ASI,,Asia,2024-01-11,301199047.0,0.0,1636158.0,0.0
OWID_ASI,,Asia,2024-01-12,301199047.0,0.0,1636158.0,0.0
OWID_ASI,,Asia,2024-01-13,301199047.0,0.0,1636158.0,0.0
OWID_ASI,,Asia,2024-01-14,301264915.0,65868.0,1636248.0,112.0
OWID_ASI,,Asia,2024-01-15,301264915.0,0.0,1636248.0,0.0
OWID_ASI,,Asia,2024-01-16,301264915.0,0.0,1636248.0,0.0
OWID_ASI,,Asia,2024-01-17,301264915.0,0.0,1636248.0,0.0
OWID_ASI,,Asia,2024-01-18,301264915.0,0.0,1636248.0,0.0
OWID_ASI,,Asia,2024-01-19,301264915.0,0.0,1636248.0,0.0
OWID_ASI,,Asia,2024-01-20,301264915.0,0.0,1636248.0,0.0
OWID_ASI,,Asia,2024-01-21,301296254.0,31339.0,1636338.0,90.0
OWID_ASI,,Asia,2024-01-22,301296254.0,0.0,1636338.0,0.0
OWID_ASI,,Asia,2024-01-23,301296254.0,0.0,1636338.0,0.0
OWID_ASI,,Asia,2024-01-24,301296254.0,0.0,1636338.0,0.0
OWID_ASI,,Asia,2024-01-25,301296254.0,0.0,1636338.0,0.0
OWID_ASI,,Asia,2024-01-26,301296254.0,0.0,1636338.0,0.0
OWID_ASI,,Asia,2024-01-27,301296254.0,0.0,1636338.0,0.0
OWID_ASI,,Asia,2024-01-28,301318657.0,22403.0,1636401.0,63.0
OWID_ASI,,Asia,2024-01-29,301318657.0,0.0,1636401.0,0.0
OWID_ASI,,Asia,2024-01-30,301318657.0,0.0,1636401.0,0.0
OWID_ASI,,Asia,2024-01-31,301318657.0,0.0,1636401.0,0.0
OWID_ASI,,Asia,2024-02-01,301318657.0,0.0,1636401.0,0.0
OWID_ASI,,Asia,2024-02-02,301318657.0,0.0,1636401.0,0.0
OWID_ASI,,Asia,2024-02-03,301318657.0,0.0,1636401.0,0.0
OWID_ASI,,Asia,2024-02-04,301333110.0,14453.0,1636467.0,66.0
OWID_ASI,,Asia,2024-02-05,301333110.0,0.0,1636467.0,0.0
OWID_ASI,,Asia,2024-02-06,301333110.0,0.0,1636467.0,0.0
OWID_ASI,,Asia,2024-02-07,301333110.0,0.0,1636467.0,0.0
OWID_ASI,,Asia,2024-02-08,301333110.0,0.0,1636467.0,0.0
OWID_ASI,,Asia,2024-02-09,301333110.0,0.0,1636467.0,0.0
OWID_ASI,,Asia,2024-02-10,301333110.0,0.0,1636467.0,0.0
OWID_ASI,,Asia,2024-02-11,301343923.0,10813.0,1636491.0,28.0
OWID_ASI,,Asia,2024-02-12,301343923.0,0.0,1636491.0,0.0
OWID_ASI,,Asia,2024-02-13,301343923.0,0.0,1636491.0,0.0
OWID_ASI,,Asia,2024-02-14,301343923.0,0.0,1636491.0,0.0
OWID_ASI,,Asia,2024-02-15,301343923.0,0.0,1636491.0,0.0
OWID_ASI,,Asia,2024-02-16,301343923.0,0.0,1636491.0,0.0
OWID_ASI,,Asia,2024-02-17,301343923.0,0.0,1636491.0,0.0
OWID_ASI,,Asia,2024-02-18,301352361.0,8438.0,1636538.0,47.0
OWID_ASI,,Asia,2024-02-19,301352361.0,0.0,1636538.0,0.0
OWID_ASI,,Asia,2024-02-20,301352361.0,0.0,1636538.0,0.0
OWID_ASI,,Asia,2024-02-21,301352361.0,0.0,1636538.0,0.0
OWID_ASI,,Asia,2024-02-22,301352361.0,0.0,1636538.0,0.0
OWID_ASI,,Asia,2024-02-23,301352361.0,0.0,1636538.0,0.0
OWID_ASI,,Asia,2024-02-24,301352361.0,0.0,1636538.0,0.0
OWID_ASI,,Asia,2024-02-25,301361844.0,9483.0,1636588.0,50.0
OWID_ASI,,Asia,2024-02-26,301361844.0,0.0,1636588.0,0.0
OWID_ASI,,Asia,2024-02-27,301361844.0,0.0,1636588.0,0.0
OWID_ASI,,Asia,2024-02-28,301361844.0,0.0,1636588.0,0.0
OWID_ASI,,Asia,2024-02-29,301361844.0,0.0,1636588.0,0.0
OWID_ASI,,Asia,2024-03-01,301361844.0,0.0,1636588.0,0.0
OWID_ASI,,Asia,2024-03-02,301361844.0,0.0,1636588.0,0.0
OWID_ASI,,Asia,2024-03-03,301370853.0,9009.0,1636669.0,81.0
OWID_ASI,,Asia,2024-03-04,301370853.0,0.0,1636669.0,0.0
OWID_ASI,,Asia,2024-03-05,301370853.0,0.0,1636669.0,0.0
OWID_ASI,,Asia,2024-03-06,301370853.0,0.0,1636669.0,0.0
OWID_ASI,,Asia,2024-03-07,301370853.0,0.0,1636669.0,0.0
OWID_ASI,,Asia,2024-03-08,301370853.0,0.0,1636669.0,0.0
OWID_ASI,,Asia,2024-03-09,301370853.0,0.0,1636669.0,0.0
OWID_ASI,,Asia,2024-03-10,301377386.0,6533.0,1636708.0,39.0
OWID_ASI,,Asia,2024-03-11,301377386.0,0.0,1636708.0,0.0
OWID_ASI,,Asia,2024-03-12,301377386.0,0.0,1636708.0,0.0
OWID_ASI,,Asia,2024-03-13,301377386.0,0.0,1636708.0,0.0
OWID_ASI,,Asia,2024-03-14,301377386.0,0.0,1636708.0,0.0
OWID_ASI,,Asia,2024-03-15,301377386.0,0.0,1636708.0,0.0
OWID_ASI,,Asia,2024-03-16,301377386.0,0.0,1636708.0,0.0
OWID_ASI,,Asia,2024-03-17,301384366.0,6980.0,1636723.0,15.0
OWID_ASI,,Asia,2024-03-18,301384366.0,0.0,1636723.0,0.0
OWID_ASI,,Asia,2024-03-19,301384366.0,0.0,1636723.0,0.0
OWID_ASI,,Asia,2024-03-20,301384366.0,0.0,1636723.0,0.0
OWID_ASI,,Asia,2024-03-21,301384366.0,0.0,1636723.0,0.0
OWID_ASI,,Asia,2024-03-22,301384366.0,0.0,1636723.0,0.0
OWID_ASI,,Asia,2024-03-23,301384366.0,0.0,1636723.0,0.0
OWID_ASI,,Asia,2024-03-24,301389865.0,5499.0,1636807.0,84.0
OWID_ASI,,Asia,2024-03-25,301389865.0,0.0,1636807.0,0.0
OWID_ASI,,Asia,2024-03-26,301389865.0,0.0,1636807.0,0.0
OWID_ASI,,Asia,2024-03-27,301389865.0,0.0,1636807.0,0.0
OWID_ASI,,Asia,2024-03-28,301389865.0,0.0,1636807.0,0.0
OWID_ASI,,Asia,2024-03-29,301389865.0,0.0,1636807.0,0.0
OWID_ASI,,Asia,2024-03-30,301389865.0,0.0,1636807.0,0.0
OWID_ASI,,Asia,2024-03-31,301394225.0,4360.0,1636844.0,37.0
OWID_ASI,,Asia,2024-04-01,301394225.0,0.0,1636844.0,0.0
OWID_ASI,,Asia,2024-04-02,301394225.0,0.0,1636844.0,0.0
OWID_ASI,,Asia,2024-04-03,301394225.0,0.0,1636844.0,0.0
OWID_ASI,,Asia,2024-04-04,301394225.0,0.0,1636844.0,0.0
OWID_ASI,,Asia,2024-04-05,301394225.0,0.0,1636844.0,0.0
OWID_ASI,,Asia,2024-04-06,301394225.0,0.0,1636844.0,0.0
OWID_ASI,,Asia,2024-04-07,301398357.0,4132.0,1636879.0,35.0
OWID_ASI,,Asia,2024-04-08,301398357.0,0.0,1636879.0,0.0
OWID_ASI,,Asia,2024-04-09,301398357.0,0.0,1636879.0,0.0
OWID_ASI,,Asia,2024-04-10,301398357.0,0.0,1636879.0,0.0
OWID_ASI,,Asia,2024-04-11,301398357.0,0.0,1636879.0,0.0
OWID_ASI,,Asia,2024-04-12,301398357.0,0.0,1636879.0,0.0
OWID_ASI,,Asia,2024-04-13,301398357.0,0.0,1636879.0,0.0
OWID_ASI,,Asia,2024-04-14,301402195.0,3838.0,1636904.0,25.0
OWID_ASI,,Asia,2024-04-15,301402195.0,0.0,1636904.0,0.0
OWID_ASI,,Asia,2024-04-16,301402195.0,0.0,1636904.0,0.0
OWID_ASI,,Asia,2024-04-17,301402195.0,0.0,1636904.0,0.0
OWID_ASI,,Asia,2024-04-18,301402195.0,0.0,1636904.0,0.0
OWID_ASI,,Asia,2024-04-19,301402195.0,0.0,1636904.0,0.0
OWID_ASI,,Asia,2024-04-20,301402195.0,0.0,1636904.0,0.0
OWID_ASI,,Asia,2024-04-21,301406439.0,4244.0,1636932.0,28.0
OWID_ASI,,Asia,2024-04-22,301406439.0,0.0,1636932.0,0.0
OWID_ASI,,Asia,2024-04-23,301406439.0,0.0,1636932.0,0.0
OWID_ASI,,Asia,2024-04-24,301406439.0,0.0,1636932.0,0.0
OWID_ASI,,Asia,2024-04-25,301406439.0,0.0,1636932.0,0.0
OWID_ASI,,Asia,2024-04-26,301406439.0,0.0,1636932.0,0.0
OWID_ASI,,Asia,2024-04-27,301406439.0,0.0,1636932.0,0.0
OWID_ASI,,Asia,2024-04-28,301411756.0,5317.0,1636953.0,21.0
OWID_ASI,,Asia,2024-04-29,301411756.0,0.0,1636953.0,0.0
OWID_ASI,,Asia,2024-04-30,301411756.0,0.0,1636953.0,0.0
OWID_ASI,,Asia,2024-05-01,301411756.0,0.0,1636953.0,0.0
OWID_ASI,,Asia,2024-05-02,301411756.0,0.0,1636953.0,0.0
OWID_ASI,,Asia,2024-05-03,301411756.0,0.0,1636953.0,0.0
OWID_ASI,,Asia,2024-05-04,301411756.0,0.0,1636953.0,0.0
OWID_ASI,,Asia,2024-05-05,301417658.0,5902.0,1636990.0,37.0
OWID_ASI,,Asia,2024-05-06,301417658.0,0.0,1636990.0,0.0
OWID_ASI,,Asia,2024-05-07,301417658.0,0.0,1636990.0,0.0
OWID_ASI,,Asia,2024-05-08,301417658.0,0.0,1636990.0,0.0
OWID_ASI,,Asia,2024-05-09,301417658.0,0.0,1636990.0,0.0
OWID_ASI,,Asia,2024-05-10,301417658.0,0.0,1636990.0,0.0
OWID_ASI,,Asia,2024-05-11,301417658.0,0.0,1636990.0,0.0
OWID_ASI,,Asia,2024-05-12,301423506.0,5848.0,1637018.0,28.0
OWID_ASI,,Asia,2024-05-13,301423506.0,0.0,1637018.0,0.0
OWID_ASI,,Asia,2024-05-14,301423506.0,0.0,1637018.0,0.0
OWID_ASI,,Asia,2024-05-15,301423506.0,0.0,1637018.0,0.0
OWID_ASI,,Asia,2024-05-16,301423506.0,0.0,1637018.0,0.0
OWID_ASI,,Asia,2024-05-17,301423506.0,0.0,1637018.0,0.0
OWID_ASI,,Asia,2024-05-18,301423506.0,0.0,1637018.0,0.0
OWID_ASI,,Asia,2024-05-19,301429112.0,5606.0,1637060.0,42.0
OWID_ASI,,Asia,2024-05-20,301429112.0,0.0,1637060.0,0.0
OWID_ASI,,Asia,2024-05-21,301429112.0,0.0,1637060.0,0.0
OWID_ASI,,Asia,2024-05-22,301429112.0,0.0,1637060.0,0.0
OWID_ASI,,Asia,2024-05-23,301429112.0,0.0,1637060.0,0.0
OWID_ASI,,Asia,2024-05-24,301429112.0,0.0,1637060.0,0.0
OWID_ASI,,Asia,2024-05-25,301429112.0,0.0,1637060.0,0.0
OWID_ASI,,Asia,2024-05-26,301434197.0,5085.0,1637078.0,18.0
OWID_ASI,,Asia,2024-05-27,301434197.0,0.0,1637078.0,0.0
OWID_ASI,,Asia,2024-05-28,301434197.0,0.0,1637078.0,0.0
OWID_ASI,,Asia,2024-05-29,301434197.0,0.0,1637078.0,0.0
OWID_ASI,,Asia,2024-05-30,301434197.0,0.0,1637078.0,0.0
OWID_ASI,,Asia,2024-05-31,301434197.0,0.0,1637078.0,0.0
OWID_ASI,,Asia,2024-06-01,301434197.0,0.0,1637078.0,0.0
OWID_ASI,,Asia,2024-06-02,301439484.0,5287.0,1637108.0,30.0
OWID_ASI,,Asia,2024-06-03,301439484.0,0.0,1637108.0,0.0
OWID_ASI,,Asia,2024-06-04,301439484.0,0.0,1637108.0,0.0
OWID_ASI,,Asia,2024-06-05,301439484.0,0.0,1637108.0,0.0
OWID_ASI,,Asia,2024-06-06,301439484.0,0.0,1637108.0,0.0
OWID_ASI,,Asia,2024-06-07,301439484.0,0.0,1637108.0,0.0
OWID_ASI,,Asia,2024-06-08,301439484.0,0.0,1637108.0,0.0
OWID_ASI,,Asia,2024-06-09,301445756.0,6272.0,1637123.0,15.0
OWID_ASI,,Asia,2024-06-10,301445756.0,0.0,1637123.0,0.0
OWID_ASI,,Asia,2024-06-11,301445756.0,0.0,1637123.0,0.0
OWID_ASI,,Asia,2024-06-12,301445756.0,0.0,1637123.0,0.0
OWID_ASI,,Asia,2024-06-13,301445756.0,0.0,1637123.0,0.0
OWID_ASI,,Asia,2024-06-14,301445756.0,0.0,1637123.0,0.0
OWID_ASI,,Asia,2024-06-15,301445756.0,0.0,1637123.0,0.0
OWID_ASI,,Asia,2024-06-16,301450043.0,4287.0,1637131.0,8.0
OWID_ASI,,Asia,2024-06-17,,,,
OWID_ASI,,Asia,2024-06-18,,,,
OWID_ASI,,Asia,2024-06-19,,,,
OWID_ASI,,Asia,2024-06-20,,,,
OWID_ASI,,Asia,2024-06-21,,,,
OWID_ASI,,Asia,2024-06-22,,,,
OWID_ASI,,Asia,2024-06-23,,,,
OWID_ASI,,Asia,2024-06-24,,,,
OWID_ASI,,Asia,2024-06-25,,,,
OWID_ASI,,Asia,2024-06-26,,,,
OWID_ASI,,Asia,2024-06-27,,,,
OWID_ASI,,Asia,2024-06-28,,,,
OWID_ASI,,Asia,2024-06-29,,,,
OWID_ASI,,Asia,2024-06-30,,,,
OWID_ASI,,Asia,2024-07-01,,,,
OWID_ASI,,Asia,2024-07-02,,,,
OWID_ASI,,Asia,2024-07-03,,,,
OWID_ASI,,Asia,2024-07-04,,,,
OWID_ASI,,Asia,2024-07-05,,,,
OWID_ASI,,Asia,2024-07-06,,,,
OWID_ASI,,Asia,2024-07-07,,,,
OWID_ASI,,Asia,2024-07-08,,,,
OWID_ASI,,Asia,2024-07-09,,,,
OWID_ASI,,Asia,2024-07-10,,,,
OWID_ASI,,Asia,2024-07-11,,,,
OWID_ASI,,Asia,2024-07-12,,,,
OWID_ASI,,Asia,2024-07-13,,,,
OWID_ASI,,Asia,2024-07-14,,,,
OWID_ASI,,Asia,2024-07-15,,,,
OWID_ASI,,Asia,2024-07-16,,,,
