Admin2,Province_State,Country_Region,Lat,Long_,Confirmed,Deaths,Date,Time
,Guam,US,13.4443,144.7937,1671,15.0,2020-09-06,04:28:33
,Guam,US,13.4443,144.7937,1671,15.0,2020-09-07,04:28:30
,Guam,US,13.4443,144.7937,1671,15.0,2020-09-08,04:28:25
,Guam,US,13.4443,144.7937,1713,19.0,2020-09-09,04:28:48
,Guam,US,13.4443,144.7937,1758,20.0,2020-09-10,04:29:01
,Guam,US,13.4443,144.7937,1846,22.0,2020-09-11,04:46:23
,Guam,US,13.4443,144.7937,1863,23.0,2020-09-12,04:25:05
,Guam,US,13.4443,144.7937,1891,25.0,2020-09-13,04:30:52
,Guam,US,13.4443,144.7937,1891,25.0,2020-09-14,04:26:00
,Guam,US,13.4443,144.7937,1927,26.0,2020-09-15,03:22:50
,Guam,US,13.4443,144.7937,1966,28.0,2020-09-16,04:22:53
,Guam,US,13.4443,144.7937,2013,29.0,2020-09-17,04:22:00
,Guam,US,13.4443,144.7937,2045,31.0,2020-09-18,05:05:00
,Guam,US,13.4443,144.7937,2074,31.0,2020-09-19,04:22:00
,Guam,US,13.4443,144.7937,2117,34.0,2020-09-20,04:22:00
,Guam,US,13.4443,144.7937,2117,34.0,2020-09-21,04:23:00
,Guam,US,13.4443,144.7937,2147,35.0,2020-09-22,04:23:00
,Guam,US,13.4443,144.7937,2190,37.0,2020-09-23,04:23:00
,Guam,US,13.4443,144.7937,2235,37.0,2020-09-24,04:23:00
,Guam,US,13.4443,144.7937,2263,38.0,2020-09-25,04:23:00
,Guam,US,13.4443,144.7937,2263,39.0,2020-09-26,04:23:00
,Guam,US,13.4443,144.7937,2354,42.0,2020-09-27,04:23:00
,Guam,US,13.4443,144.7937,2354,42.0,2020-09-28,04:23:00
,Guam,US,13.4443,144.7937,2390,46.0,2020-09-29,04:23:42
,Guam,US,13.4443,144.7937,2443,47.0,2020-09-30,04:23:33
,Guam,US,13.4443,144.7937,2488,49.0,2020-10-01,04:23:42
,Guam,US,13.4443,144.7937,2550,49.0,2020-10-02,04:23:51
,Guam,US,13.4443,144.7937,2617,50.0,2020-10-03,04:23:40
,Guam,US,13.4443,144.7937,2699,51.0,2020-10-04,04:23:44
,Guam,US,13.4443,144.7937,2699,51.0,2020-10-05,04:23:33
,Guam,US,13.4443,144.7937,2753,55.0,2020-10-06,04:23:33
,Guam,US,13.4443,144.7937,2818,55.0,2020-10-07,04:23:40
,Guam,US,13.4443,144.7937,2868,57.0,2020-10-08,04:23:56
,Guam,US,13.4443,144.7937,2934,58.0,2020-10-09,04:23:59
,Guam,US,13.4443,144.7937,2989,58.0,2020-10-10,04:23:57
,Guam,US,13.4443,144.7937,3056,58.0,2020-10-11,04:23:46
,Guam,US,13.4443,144.7937,3170,60.0,2020-10-12,04:23:45
,Guam,US,13.4443,144.7937,3170,60.0,2020-10-13,04:24:02
,Guam,US,13.4443,144.7937,3266,61.0,2020-10-14,04:24:05
,Guam,US,13.4443,144.7937,3341,61.0,2020-10-15,04:24:28
,Guam,US,13.4443,144.7937,3427,62.0,2020-10-16,04:24:01
,Guam,US,13.4443,144.7937,3538,63.0,2020-10-17,04:24:12
,Guam,US,13.4443,144.7937,3617,63.0,2020-10-18,04:24:25
,Guam,US,13.4443,144.7937,3675,66.0,2020-10-19,04:24:16
,Guam,US,13.4443,144.7937,3756,66.0,2020-10-20,04:24:22
,Guam,US,13.4443,144.7937,3886,67.0,2020-10-21,04:24:14
,Guam,US,13.4443,144.7937,3968,69.0,2020-10-22,04:24:27
,Guam,US,13.4443,144.7937,4056,69.0,2020-10-23,04:24:46
,Guam,US,13.4443,144.7937,4141,69.0,2020-10-24,04:24:46
,Guam,US,13.4443,144.7937,4175,71.0,2020-10-25,04:24:36
,Guam,US,13.4443,144.7937,4216,71.0,2020-10-26,04:25:02
,Guam,US,13.4443,144.7937,4336,75.0,2020-10-27,04:24:45
,Guam,US,13.4443,144.7937,4418,75.0,2020-10-28,04:24:39
,Guam,US,13.4443,144.7937,4466,77.0,2020-10-29,04:24:49
,Guam,US,13.4443,144.7937,4549,78.0,2020-10-30,04:24:49
,Guam,US,13.4443,144.7937,4628,79.0,2020-10-31,04:24:44
,Guam,US,13.4443,144.7937,4681,79.0,2020-11-01,04:36:19
,Guam,US,13.4443,144.7937,4690,79.0,2020-11-02,05:25:04
,Guam,US,13.4443,144.7937,4693,79.0,2020-11-03,06:00:16
,Guam,US,13.4443,144.7937,4812,80.0,2020-11-04,05:25:09
,Guam,US,13.4443,144.7937,4903,83.0,2020-11-05,06:05:03
,Guam,US,13.4443,144.7937,5004,85.0,2020-11-06,05:24:55
,Guam,US,13.4443,144.7937,5077,88.0,2020-11-07,05:24:52
,Guam,US,13.4443,144.7937,5113,89.0,2020-11-08,05:24:56
,Guam,US,13.4443,144.7937,5233,89.0,2020-11-09,05:25:45
,Guam,US,13.4443,144.7937,5473,90.0,2020-11-10,05:40:07
,Guam,US,13.4443,144.7937,5654,91.0,2020-11-11,05:25:30
,Guam,US,13.4443,144.7937,5755,91.0,2020-11-12,05:25:55
,Guam,US,13.4443,144.7937,5850,91.0,2020-11-13,05:25:30
,Guam,US,13.4443,144.7937,5924,93.0,2020-11-14,05:25:37
,Guam,US,13.4443,144.7937,5965,93.0,2020-11-15,05:26:53
,Guam,US,13.4443,144.7937,6121,94.0,2020-11-16,05:25:57
,Guam,US,13.4443,144.7937,6175,98.0,2020-11-17,05:25:54
,Guam,US,13.4443,144.7937,6234,100.0,2020-11-18,05:40:31
,Guam,US,13.4443,144.7937,6346,100.0,2020-11-19,05:25:23
,Guam,US,13.4443,144.7937,6416,101.0,2020-11-20,05:26:28
,Guam,US,13.4443,144.7937,6452,103.0,2020-11-21,05:25:51
,Guam,US,13.4443,144.7937,6476,104.0,2020-11-22,05:25:45
,Guam,US,13.4443,144.7937,6549,106.0,2020-11-23,05:25:26
,Guam,US,13.4443,144.7937,6602,106.0,2020-11-24,05:27:31
,Guam,US,13.4443,144.7937,6655,107.0,2020-11-25,05:27:20
,Guam,US,13.4443,144.7937,6705,109.0,2020-11-26,05:27:44
,Guam,US,13.4443,144.7937,6748,111.0,2020-11-27,05:26:53
,Guam,US,13.4443,144.7937,6768,112.0,2020-11-28,05:25:50
,Guam,US,13.4443,144.7937,6782,112.0,2020-11-29,05:25:55
,Guam,US,13.4443,144.7937,6818,112.0,2020-11-30,05:26:13
,Guam,US,13.4443,144.7937,6852,112.0,2020-12-01,05:26:18
,Guam,US,13.4443,144.7937,6889,112.0,2020-12-02,05:27:41
,Guam,US,13.4443,144.7937,6920,112.0,2020-12-03,05:28:22
,Guam,US,13.4443,144.7937,6942,112.0,2020-12-04,05:27:27
,Guam,US,13.4443,144.7937,6959,113.0,2020-12-05,05:27:36
,Guam,US,13.4443,144.7937,6959,113.0,2020-12-06,05:26:18
,Guam,US,13.4443,144.7937,6959,113.0,2020-12-07,05:26:14
,Guam,US,13.4443,144.7937,7019,113.0,2020-12-08,05:27:42
,Guam,US,13.4443,144.7937,7019,113.0,2020-12-09,05:28:01
,Guam,US,13.4443,144.7937,7039,113.0,2020-12-10,05:26:19
,Guam,US,13.4443,144.7937,7052,115.0,2020-12-11,05:26:59
,Guam,US,13.4443,144.7937,7079,115.0,2020-12-12,05:26:19
,Guam,US,13.4443,144.7937,7079,115.0,2020-12-13,05:27:20
,Guam,US,13.4443,144.7937,7079,115.0,2020-12-14,05:26:27
,Guam,US,13.4443,144.7937,7137,119.0,2020-12-15,05:26:38
,Guam,US,13.4443,144.7937,7149,119.0,2020-12-16,05:28:04
,Guam,US,13.4443,144.7937,7168,119.0,2020-12-17,05:28:12
,Guam,US,13.4443,144.7937,7183,119.0,2020-12-18,05:28:18
,Guam,US,13.4443,144.7937,7193,119.0,2020-12-19,05:27:52
,Guam,US,13.4443,144.7937,7193,119.0,2020-12-20,05:27:32
,Guam,US,13.4443,144.7937,7193,119.0,2020-12-21,05:27:58
,Guam,US,13.4443,144.7937,7211,120.0,2020-12-22,05:22:33
,Guam,US,13.4443,144.7937,7238,121.0,2020-12-23,05:22:03
,Guam,US,13.4443,144.7937,7257,121.0,2020-12-24,05:23:04
,Guam,US,13.4443,144.7937,7266,121.0,2020-12-25,05:22:48
,Guam,US,13.4443,144.7937,7268,121.0,2020-12-26,05:22:28
,Guam,US,13.4443,144.7937,7268,121.0,2020-12-27,05:22:55
,Guam,US,13.4443,144.7937,7266,121.0,2020-12-28,05:22:06
,Guam,US,13.4443,144.7937,7281,121.0,2020-12-29,05:22:37
,Guam,US,13.4443,144.7937,7293,121.0,2020-12-30,05:22:34
,Guam,US,13.4443,144.7937,7308,121.0,2020-12-31,05:22:49
,Guam,US,13.4443,144.7937,7308,121.0,2021-01-01,05:23:07
,Guam,US,13.4443,144.7937,7326,122.0,2021-01-02,05:22:33
,Guam,US,13.4443,144.7937,7326,122.0,2021-01-03,05:22:52
,Guam,US,13.4443,144.7937,7326,122.0,2021-01-04,05:22:02
,Guam,US,13.4443,144.7937,7344,122.0,2021-01-05,05:21:49
,Guam,US,13.4443,144.7937,7357,123.0,2021-01-06,05:22:16
,Guam,US,13.4443,144.7937,7378,123.0,2021-01-07,05:22:03
,Guam,US,13.4443,144.7937,7386,124.0,2021-01-08,05:22:42
,Guam,US,13.4443,144.7937,7399,124.0,2021-01-09,05:22:18
,Guam,US,13.4443,144.7937,7399,124.0,2021-01-10,05:22:12
,Guam,US,13.4443,144.7937,7399,124.0,2021-01-11,05:21:50
,Guam,US,13.4443,144.7937,7423,124.0,2021-01-12,05:22:15
,Guam,US,13.4443,144.7937,7429,124.0,2021-01-13,05:22:15
,Guam,US,13.4443,144.7937,7444,124.0,2021-01-14,05:22:32
,Guam,US,13.4443,144.7937,7457,124.0,2021-01-15,05:22:24
,Guam,US,13.4443,144.7937,7474,125.0,2021-01-16,05:22:40
,Guam,US,13.4443,144.7937,7474,125.0,2021-01-17,05:22:17
,Guam,US,13.4443,144.7937,7474,125.0,2021-01-18,05:22:34
,Guam,US,13.4443,144.7937,7474,125.0,2021-01-19,05:22:15
,Guam,US,13.4443,144.7937,7515,128.0,2021-01-20,05:21:54
,Guam,US,13.4443,144.7937,7521,128.0,2021-01-21,05:22:01
,Guam,US,13.4443,144.7937,7521,128.0,2021-01-22,05:22:10
,Guam,US,13.4443,144.7937,7547,128.0,2021-01-23,05:22:03
,Guam,US,13.4443,144.7937,7547,128.0,2021-01-24,05:22:35
,Guam,US,13.4443,144.7937,7547,128.0,2021-01-25,05:22:16
,Guam,US,13.4443,144.7937,7554,129.0,2021-01-26,05:22:02
,Guam,US,13.4443,144.7937,7566,129.0,2021-01-27,05:23:41
,Guam,US,13.4443,144.7937,7568,129.0,2021-01-28,05:22:24
,Guam,US,13.4443,144.7937,7572,129.0,2021-01-29,05:22:23
,Guam,US,13.4443,144.7937,7579,129.0,2021-01-30,05:22:49
,Guam,US,13.4443,144.7937,7579,129.0,2021-01-31,05:22:42
,Guam,US,13.4443,144.7937,7579,129.0,2021-02-01,05:22:53
,Guam,US,13.4443,144.7937,7608,129.0,2021-02-02,05:22:49
,Guam,US,13.4443,144.7937,7610,129.0,2021-02-03,05:22:52
,Guam,US,13.4443,144.7937,7618,129.0,2021-02-04,05:22:26
,Guam,US,13.4443,144.7937,7622,129.0,2021-02-05,05:22:38
,Guam,US,13.4443,144.7937,7636,129.0,2021-02-06,05:23:55
,Guam,US,13.4443,144.7937,7636,129.0,2021-02-07,05:23:00
,Guam,US,13.4443,144.7937,7636,129.0,2021-02-08,05:22:39
,Guam,US,13.4443,144.7937,7664,130.0,2021-02-09,05:23:30
,Guam,US,13.4443,144.7937,7673,130.0,2021-02-10,05:22:41
,Guam,US,13.4443,144.7937,7673,130.0,2021-02-11,05:23:55
,Guam,US,13.4443,144.7937,7686,130.0,2021-02-12,05:23:29
,Guam,US,13.4443,144.7937,7689,130.0,2021-02-13,05:22:12
,Guam,US,13.4443,144.7937,7689,130.0,2021-02-14,05:23:43
,Guam,US,13.4443,144.7937,7689,130.0,2021-02-15,05:24:49
,Guam,US,13.4443,144.7937,7699,130.0,2021-02-16,05:24:38
,Guam,US,13.4443,144.7937,7701,130.0,2021-02-17,05:23:10
,Guam,US,13.4443,144.7937,7703,130.0,2021-02-18,05:22:58
,Guam,US,13.4443,144.7937,7705,130.0,2021-02-19,05:24:16
,Guam,US,13.4443,144.7937,7715,130.0,2021-02-20,05:22:51
,Guam,US,13.4443,144.7937,7715,130.0,2021-02-21,05:24:33
,Guam,US,13.4443,144.7937,7715,130.0,2021-02-22,05:24:21
,Guam,US,13.4443,144.7937,7727,130.0,2021-02-23,05:23:41
,Guam,US,13.4443,144.7937,7727,130.0,2021-02-24,05:29:16
,Guam,US,13.4443,144.7937,7729,130.0,2021-02-25,05:24:57
,Guam,US,13.4443,144.7937,7729,130.0,2021-02-26,05:22:40
,Guam,US,13.4443,144.7937,7734,130.0,2021-02-27,05:22:28
,Guam,US,13.4443,144.7937,7735,131.0,2021-02-28,05:22:20
,Guam,US,13.4443,144.7937,7736,131.0,2021-03-01,05:23:01
,Guam,US,13.4443,144.7937,7737,131.0,2021-03-02,05:23:30
,Guam,US,13.4443,144.7937,7742,131.0,2021-03-03,05:23:28
,Guam,US,13.4443,144.7937,7745,131.0,2021-03-04,05:24:24
,Guam,US,13.4443,144.7937,7747,131.0,2021-03-05,05:26:29
,Guam,US,13.4443,144.7937,7748,133.0,2021-03-06,04:23:41
,Guam,US,13.4443,144.7937,7749,133.0,2021-03-07,05:21:54
,Guam,US,13.4443,144.7937,7749,133.0,2021-03-08,05:24:48
,Guam,US,13.4443,144.7937,7751,133.0,2021-03-09,05:28:19
,Guam,US,13.4443,144.7937,7752,133.0,2021-03-10,05:24:35
,Guam,US,13.4443,144.7937,7756,133.0,2021-03-11,05:25:48
,Guam,US,13.4443,144.7937,7758,133.0,2021-03-12,05:26:50
,Guam,US,13.4443,144.7937,7768,133.0,2021-03-13,05:25:15
,Guam,US,13.4443,144.7937,7768,133.0,2021-03-14,05:25:37
,Guam,US,13.4443,144.7937,7768,133.0,2021-03-15,05:25:51
,Guam,US,13.4443,144.7937,7773,134.0,2021-03-16,05:25:13
,Guam,US,13.4443,144.7937,7773,134.0,2021-03-17,05:25:07
,Guam,US,13.4443,144.7937,7776,134.0,2021-03-18,05:26:22
,Guam,US,13.4443,144.7937,7780,134.0,2021-03-19,05:26:09
,Guam,US,13.4443,144.7937,7780,134.0,2021-03-20,05:25:46
,Guam,US,13.4443,144.7937,7780,134.0,2021-03-21,05:25:44
,Guam,US,13.4443,144.7937,7780,134.0,2021-03-22,05:25:43
,Guam,US,13.4443,144.7937,7784,134.0,2021-03-23,05:26:18
,Guam,US,13.4443,144.7937,7789,134.0,2021-03-24,05:25:40
,Guam,US,13.4443,144.7937,7789,134.0,2021-03-25,05:27:00
,Guam,US,13.4443,144.7937,7794,134.0,2021-03-26,05:26:55
,Guam,US,13.4443,144.7937,7797,134.0,2021-03-27,05:25:04
,Guam,US,13.4443,144.7937,7800,134.0,2021-03-28,05:28:10
,Guam,US,13.4443,144.7937,7800,134.0,2021-03-29,04:28:35
,Guam,US,13.4443,144.7937,7804,134.0,2021-03-30,04:26:23
,Guam,US,13.4443,144.7937,7805,134.0,2021-03-31,04:26:25
,Guam,US,13.4443,144.7937,7807,134.0,2021-04-01,04:27:05
,Guam,US,13.4443,144.7937,7810,134.0,2021-04-02,04:20:36
,Guam,US,13.4443,144.7937,7812,136.0,2021-04-03,04:20:44
,Guam,US,13.4443,144.7937,7816,136.0,2021-04-04,04:20:49
,Guam,US,13.4443,144.7937,7816,136.0,2021-04-05,04:20:35
,Guam,US,13.4443,144.7937,7823,136.0,2021-04-06,04:20:32
,Guam,US,13.4443,144.7937,7825,136.0,2021-04-07,04:20:53
,Guam,US,13.4443,144.7937,7828,136.0,2021-04-08,04:21:13
,Guam,US,13.4443,144.7937,7830,136.0,2021-04-09,04:21:13
,Guam,US,13.4443,144.7937,7833,136.0,2021-04-10,04:20:59
,Guam,US,13.4443,144.7937,7835,136.0,2021-04-11,04:20:56
,Guam,US,13.4443,144.7937,7837,136.0,2021-04-12,04:21:00
,Guam,US,13.4443,144.7937,7842,136.0,2021-04-13,04:20:37
,Guam,US,13.4443,144.7937,7847,136.0,2021-04-14,04:20:41
,Guam,US,13.4443,144.7937,7851,136.0,2021-04-15,04:20:54
,Guam,US,13.4443,144.7937,7856,136.0,2021-04-16,04:20:46
,Guam,US,13.4443,144.7937,7859,136.0,2021-04-17,04:20:40
,Guam,US,13.4443,144.7937,7865,136.0,2021-04-18,04:20:41
,Guam,US,13.4443,144.7937,7869,136.0,2021-04-19,04:20:57
,Guam,US,13.4443,144.7937,7879,136.0,2021-04-20,04:20:41
,Guam,US,13.4443,144.7937,7884,136.0,2021-04-21,04:21:14
,Guam,US,13.4443,144.7937,7897,136.0,2021-04-22,04:20:53
,Guam,US,13.4443,144.7937,7909,136.0,2021-04-23,04:20:52
,Guam,US,13.4443,144.7937,7911,136.0,2021-04-24,04:20:38
,Guam,US,13.4443,144.7937,7915,136.0,2021-04-25,04:20:32
,Guam,US,13.4443,144.7937,7915,136.0,2021-04-26,04:21:04
,Guam,US,13.4443,144.7937,7923,136.0,2021-04-27,04:20:52
,Guam,US,13.4443,144.7937,7939,136.0,2021-04-28,04:20:32
,Guam,US,13.4443,144.7937,7951,136.0,2021-04-29,04:20:55
,Guam,US,13.4443,144.7937,7959,136.0,2021-04-30,04:21:03
,Guam,US,13.4443,144.7937,7964,136.0,2021-05-01,04:20:47
,Guam,US,13.4443,144.7937,7975,136.0,2021-05-02,04:20:48
,Guam,US,13.4443,144.7937,7981,136.0,2021-05-03,04:20:39
,Guam,US,13.4443,144.7937,7989,136.0,2021-05-04,04:20:34
,Guam,US,13.4443,144.7937,8004,137.0,2021-05-05,04:20:43
,Guam,US,13.4443,144.7937,8016,138.0,2021-05-06,04:20:38
,Guam,US,13.4443,144.7937,8020,139.0,2021-05-07,04:20:40
,Guam,US,13.4443,144.7937,8034,139.0,2021-05-08,04:21:04
,Guam,US,13.4443,144.7937,8034,139.0,2021-05-09,04:20:35
,Guam,US,13.4443,144.7937,8034,139.0,2021-05-10,04:20:38
,Guam,US,13.4443,144.7937,8043,139.0,2021-05-11,04:20:41
,Guam,US,13.4443,144.7937,8044,139.0,2021-05-12,04:21:29
,Guam,US,13.4443,144.7937,8061,139.0,2021-05-13,04:20:51
,Guam,US,13.4443,144.7937,8063,139.0,2021-05-14,04:20:41
,Guam,US,13.4443,144.7937,8090,140.0,2021-05-15,04:20:58
,Guam,US,13.4443,144.7937,8090,140.0,2021-05-16,04:20:49
,Guam,US,13.4443,144.7937,8091,139.0,2021-05-17,04:20:34
,Guam,US,13.4443,144.7937,8103,139.0,2021-05-18,04:20:33
,Guam,US,13.4443,144.7937,8109,139.0,2021-05-19,04:20:42
,Guam,US,13.4443,144.7937,8118,139.0,2021-05-20,04:21:05
,Guam,US,13.4443,144.7937,8124,139.0,2021-05-21,04:20:43
,Guam,US,13.4443,144.7937,8131,139.0,2021-05-22,04:20:45
,Guam,US,13.4443,144.7937,8131,139.0,2021-05-23,04:20:51
,Guam,US,13.4443,144.7937,8134,139.0,2021-05-24,04:20:53
,Guam,US,13.4443,144.7937,8136,139.0,2021-05-25,04:21:08
,Guam,US,13.4443,144.7937,8141,139.0,2021-05-26,04:20:35
,Guam,US,13.4443,144.7937,8143,139.0,2021-05-27,04:20:59
,Guam,US,13.4443,144.7937,8154,139.0,2021-05-28,04:20:36
,Guam,US,13.4443,144.7937,8156,139.0,2021-05-29,04:20:41
,Guam,US,13.4443,144.7937,8156,139.0,2021-05-30,04:20:55
,Guam,US,13.4443,144.7937,8156,139.0,2021-05-31,03:08:59
,Guam,US,13.4443,144.7937,8156,139.0,2021-06-01,04:23:09
,Guam,US,13.4443,144.7937,8173,139.0,2021-06-02,04:24:34
,Guam,US,13.4443,144.7937,8187,139.0,2021-06-03,04:23:32
,Guam,US,13.4443,144.7937,8193,139.0,2021-06-04,04:23:37
,Guam,US,13.4443,144.7937,8204,139.0,2021-06-05,04:23:03
,Guam,US,13.4443,144.7937,8204,139.0,2021-06-06,04:24:03
,Guam,US,13.4443,144.7937,8204,139.0,2021-06-07,04:22:51
,Guam,US,13.4443,144.7937,8210,139.0,2021-06-08,04:22:35
,Guam,US,13.4443,144.7937,8215,139.0,2021-06-09,04:23:31
,Guam,US,13.4443,144.7937,8224,139.0,2021-06-10,04:23:17
,Guam,US,13.4443,144.7937,8230,139.0,2021-06-11,04:23:20
,Guam,US,13.4443,144.7937,8236,139.0,2021-06-12,04:22:22
,Guam,US,13.4443,144.7937,8236,139.0,2021-06-13,04:22:44
,Guam,US,13.4443,144.7937,8236,139.0,2021-06-14,04:22:46
,Guam,US,13.4443,144.7937,8244,139.0,2021-06-15,04:22:22
,Guam,US,13.4443,144.7937,8251,139.0,2021-06-16,04:22:32
,Guam,US,13.4443,144.7937,8261,139.0,2021-06-17,04:22:36
,Guam,US,13.4443,144.7937,8266,139.0,2021-06-18,04:22:16
,Guam,US,13.4443,144.7937,8267,139.0,2021-06-19,04:22:33
,Guam,US,13.4443,144.7937,8267,139.0,2021-06-20,04:21:48
,Guam,US,13.4443,144.7937,8267,139.0,2021-06-21,04:21:41
,Guam,US,13.4443,144.7937,8284,139.0,2021-06-22,04:21:34
,Guam,US,13.4443,144.7937,8304,139.0,2021-06-23,04:21:46
,Guam,US,13.4443,144.7937,8310,139.0,2021-06-24,04:21:55
,Guam,US,13.4443,144.7937,8316,139.0,2021-06-25,04:21:33
,Guam,US,13.4443,144.7937,8328,139.0,2021-06-26,04:21:43
,Guam,US,13.4443,144.7937,8328,139.0,2021-06-27,04:21:39
,Guam,US,13.4443,144.7937,8328,139.0,2021-06-28,04:21:29
,Guam,US,13.4443,144.7937,8344,140.0,2021-06-29,04:21:28
,Guam,US,13.4443,144.7937,8348,140.0,2021-06-30,04:21:41
,Guam,US,13.4443,144.7937,8357,140.0,2021-07-01,04:21:19
,Guam,US,13.4443,144.7937,8366,140.0,2021-07-02,04:21:47
,Guam,US,13.4443,144.7937,8373,140.0,2021-07-03,04:21:37
,Guam,US,13.4443,144.7937,8373,140.0,2021-07-04,04:21:38
,Guam,US,13.4443,144.7937,8373,140.0,2021-07-05,04:21:28
,Guam,US,13.4443,144.7937,8373,140.0,2021-07-06,04:21:32
,Guam,US,13.4443,144.7937,8394,140.0,2021-07-07,04:21:20
,Guam,US,13.4443,144.7937,8408,140.0,2021-07-08,04:21:26
,Guam,US,13.4443,144.7937,8423,140.0,2021-07-09,04:21:21
,Guam,US,13.4443,144.7937,8431,141.0,2021-07-10,04:21:25
,Guam,US,13.4443,144.7937,8431,141.0,2021-07-11,04:21:43
,Guam,US,13.4443,144.7937,8431,141.0,2021-07-12,04:21:34
,Guam,US,13.4443,144.7937,8454,141.0,2021-07-13,04:21:18
,Guam,US,13.4443,144.7937,8467,142.0,2021-07-14,04:21:35
,Guam,US,13.4443,144.7937,8471,142.0,2021-07-15,04:21:48
,Guam,US,13.4443,144.7937,8473,142.0,2021-07-16,04:21:22
,Guam,US,13.4443,144.7937,8477,142.0,2021-07-17,04:22:22
,Guam,US,13.4443,144.7937,8477,142.0,2021-07-18,04:22:07
,Guam,US,13.4443,144.7937,8477,142.0,2021-07-19,04:21:24
,Guam,US,13.4443,144.7937,8478,143.0,2021-07-20,04:21:48
,Guam,US,13.4443,144.7937,8486,143.0,2021-07-21,04:21:40
,Guam,US,13.4443,144.7937,8486,143.0,2021-07-22,04:21:19
,Guam,US,13.4443,144.7937,8500,143.0,2021-07-23,04:21:29
,Guam,US,13.4443,144.7937,8501,143.0,2021-07-24,00:21:36
,Guam,US,13.4443,144.7937,8501,143.0,2021-07-25,04:22:12
,Guam,US,13.4443,144.7937,8501,143.0,2021-07-26,04:21:28
,Guam,US,13.4443,144.7937,8506,143.0,2021-07-27,04:21:18
,Guam,US,13.4443,144.7937,8514,143.0,2021-07-28,04:21:39
,Guam,US,13.4443,144.7937,8522,143.0,2021-07-29,04:21:33
,Guam,US,13.4443,144.7937,8529,143.0,2021-07-30,04:21:34
,Guam,US,13.4443,144.7937,8541,143.0,2021-07-31,04:21:35
,Guam,US,13.4443,144.7937,8541,143.0,2021-08-01,04:21:50
,Guam,US,13.4443,144.7937,8541,143.0,2021-08-02,04:21:36
,Guam,US,13.4443,144.7937,8564,143.0,2021-08-03,04:21:39
,Guam,US,13.4443,144.7937,8593,143.0,2021-08-04,04:21:25
,Guam,US,13.4443,144.7937,8623,143.0,2021-08-05,04:21:51
,Guam,US,13.4443,144.7937,8652,143.0,2021-08-06,04:21:18
,Guam,US,13.4443,144.7937,8673,143.0,2021-08-07,04:21:30
,Guam,US,13.4443,144.7937,8673,143.0,2021-08-08,04:21:33
,Guam,US,13.4443,144.7937,8673,143.0,2021-08-09,04:21:24
,Guam,US,13.4443,144.7937,8725,143.0,2021-08-10,04:21:27
,Guam,US,13.4443,144.7937,8769,143.0,2021-08-11,04:21:58
,Guam,US,13.4443,144.7937,8817,143.0,2021-08-12,04:21:25
,Guam,US,13.4443,144.7937,8865,143.0,2021-08-13,04:21:24
,Guam,US,13.4443,144.7937,8911,143.0,2021-08-14,04:21:25
,Guam,US,13.4443,144.7937,8911,143.0,2021-08-15,04:21:41
,Guam,US,13.4443,144.7937,8911,143.0,2021-08-16,04:21:31
,Guam,US,13.4443,144.7937,9018,143.0,2021-08-17,04:21:49
,Guam,US,13.4443,144.7937,9081,144.0,2021-08-18,04:21:35
,Guam,US,13.4443,144.7937,9118,144.0,2021-08-19,04:21:15
,Guam,US,13.4443,144.7937,9200,144.0,2021-08-20,04:21:33
,Guam,US,13.4443,144.7937,9298,144.0,2021-08-21,04:21:38
,Guam,US,13.4443,144.7937,9298,144.0,2021-08-22,04:21:29
,Guam,US,13.4443,144.7937,9394,144.0,2021-08-23,04:21:27
,Guam,US,13.4443,144.7937,9486,145.0,2021-08-24,04:21:19
,Guam,US,13.4443,144.7937,9612,145.0,2021-08-25,04:21:41
,Guam,US,13.4443,144.7937,9759,145.0,2021-08-26,04:21:28
,Guam,US,13.4443,144.7937,9867,145.0,2021-08-27,04:21:37
,Guam,US,13.4443,144.7937,10046,145.0,2021-08-28,04:21:28
,Guam,US,13.4443,144.7937,10155,145.0,2021-08-29,04:21:14
,Guam,US,13.4443,144.7937,10239,145.0,2021-08-30,04:21:23
,Guam,US,13.4443,144.7937,10353,145.0,2021-08-31,04:21:46
,Guam,US,13.4443,144.7937,10559,149.0,2021-09-01,04:21:38
,Guam,US,13.4443,144.7937,10740,150.0,2021-09-02,04:21:15
,Guam,US,13.4443,144.7937,10909,150.0,2021-09-03,04:21:20
,Guam,US,13.4443,144.7937,11106,151.0,2021-09-04,04:21:28
,Guam,US,13.4443,144.7937,11106,151.0,2021-09-05,04:21:33
,Guam,US,13.4443,144.7937,11292,151.0,2021-09-06,04:21:22
,Guam,US,13.4443,144.7937,11293,151.0,2021-09-07,04:21:35
,Guam,US,13.4443,144.7937,11494,153.0,2021-09-08,04:21:31
,Guam,US,13.4443,144.7937,11819,154.0,2021-09-09,04:21:27
,Guam,US,13.4443,144.7937,12034,155.0,2021-09-10,04:21:20
,Guam,US,13.4443,144.7937,12227,159.0,2021-09-11,04:21:30
,Guam,US,13.4443,144.7937,12294,159.0,2021-09-12,04:21:13
,Guam,US,13.4443,144.7937,12379,159.0,2021-09-13,04:21:15
,Guam,US,13.4443,144.7937,12553,168.0,2021-09-14,04:21:41
,Guam,US,13.4443,144.7937,12772,170.0,2021-09-15,03:22:37
,Guam,US,13.4443,144.7937,12974,171.0,2021-09-16,04:22:19
,Guam,US,13.4443,144.7937,13145,174.0,2021-09-17,04:21:46
,Guam,US,13.4443,144.7937,13349,179.0,2021-09-18,04:21:24
,Guam,US,13.4443,144.7937,13438,179.0,2021-09-19,04:21:34
,Guam,US,13.4443,144.7937,13532,179.0,2021-09-20,04:21:22
,Guam,US,13.4443,144.7937,13660,181.0,2021-09-21,04:21:26
,Guam,US,13.4443,144.7937,13859,181.0,2021-09-22,04:21:45
,Guam,US,13.4443,144.7937,13997,182.0,2021-09-23,04:21:43
,Guam,US,13.4443,144.7937,14098,184.0,2021-09-24,04:21:44
,Guam,US,13.4443,144.7937,14248,184.0,2021-09-25,04:21:31
,Guam,US,13.4443,144.7937,14248,184.0,2021-09-26,04:21:29
,Guam,US,13.4443,144.7937,14374,184.0,2021-09-27,04:21:16
,Guam,US,13.4443,144.7937,14536,192.0,2021-09-28,04:21:28
,Guam,US,13.4443,144.7937,14705,195.0,2021-09-29,04:21:45
,Guam,US,13.4443,144.7937,14897,196.0,2021-09-30,04:21:20
,Guam,US,13.4443,144.7937,15041,197.0,2021-10-01,04:21:35
,Guam,US,13.4443,144.7937,15168,198.0,2021-10-02,04:21:25
,Guam,US,13.4443,144.7937,15252,198.0,2021-10-03,04:21:24
,Guam,US,13.4443,144.7937,15362,198.0,2021-10-04,04:21:31
,Guam,US,13.4443,144.7937,15465,206.0,2021-10-05,04:21:27
,Guam,US,13.4443,144.7937,15630,208.0,2021-10-06,04:21:33
,Guam,US,13.4443,144.7937,15789,210.0,2021-10-07,04:21:36
,Guam,US,13.4443,144.7937,15927,210.0,2021-10-08,04:21:25
,Guam,US,13.4443,144.7937,16058,212.0,2021-10-09,04:21:34
,Guam,US,13.4443,144.7937,16058,212.0,2021-10-10,04:21:38
,Guam,US,13.4443,144.7937,16058,212.0,2021-10-11,04:21:31
,Guam,US,13.4443,144.7937,16276,214.0,2021-10-12,04:21:09
,Guam,US,13.4443,144.7937,16461,217.0,2021-10-13,04:20:51
,Guam,US,13.4443,144.7937,16595,219.0,2021-10-14,04:21:29
,Guam,US,13.4443,144.7937,16690,222.0,2021-10-15,04:21:26
,Guam,US,13.4443,144.7937,16795,222.0,2021-10-16,04:21:15
,Guam,US,13.4443,144.7937,16795,222.0,2021-10-17,04:21:29
,Guam,US,13.4443,144.7937,16795,222.0,2021-10-18,04:21:10
,Guam,US,13.4443,144.7937,16991,223.0,2021-10-19,04:20:54
,Guam,US,13.4443,144.7937,17154,226.0,2021-10-20,04:21:00
,Guam,US,13.4443,144.7937,17276,226.0,2021-10-21,04:21:18
,Guam,US,13.4443,144.7937,17379,226.0,2021-10-22,04:21:14
,Guam,US,13.4443,144.7937,17472,227.0,2021-10-23,04:21:32
,Guam,US,13.4443,144.7937,17508,227.0,2021-10-24,04:21:22
,Guam,US,13.4443,144.7937,17543,227.0,2021-10-25,04:22:31
,Guam,US,13.4443,144.7937,17671,227.0,2021-10-26,04:22:09
,Guam,US,13.4443,144.7937,17823,230.0,2021-10-27,04:22:32
,Guam,US,13.4443,144.7937,17944,232.0,2021-10-28,04:22:08
,Guam,US,13.4443,144.7937,18040,235.0,2021-10-29,04:22:03
,Guam,US,13.4443,144.7937,18151,238.0,2021-10-30,04:22:03
,Guam,US,13.4443,144.7937,18187,238.0,2021-10-31,04:22:08
,Guam,US,13.4443,144.7937,18208,238.0,2021-11-01,04:22:01
,Guam,US,13.4443,144.7937,18286,242.0,2021-11-02,04:22:03
,Guam,US,13.4443,144.7937,18321,242.0,2021-11-03,06:22:09
,Guam,US,13.4443,144.7937,18410,245.0,2021-11-04,04:22:20
,Guam,US,13.4443,144.7937,18507,248.0,2021-11-05,04:21:54
,Guam,US,13.4443,144.7937,18586,248.0,2021-11-06,04:21:51
,Guam,US,13.4443,144.7937,18624,248.0,2021-11-07,04:21:53
,Guam,US,13.4443,144.7937,18639,248.0,2021-11-08,04:21:43
,Guam,US,13.4443,144.7937,18688,249.0,2021-11-09,04:21:36
,Guam,US,13.4443,144.7937,18752,255.0,2021-11-10,04:21:38
,Guam,US,13.4443,144.7937,18840,258.0,2021-11-11,04:21:45
,Guam,US,13.4443,144.7937,18840,258.0,2021-11-12,04:22:01
,Guam,US,13.4443,144.7937,18863,258.0,2021-11-13,04:21:38
,Guam,US,13.4443,144.7937,18891,258.0,2021-11-14,04:21:31
,Guam,US,13.4443,144.7937,18913,258.0,2021-11-15,04:21:36
,Guam,US,13.4443,144.7937,18942,258.0,2021-11-16,04:21:10
,Guam,US,13.4443,144.7937,18983,260.0,2021-11-17,04:21:48
,Guam,US,13.4443,144.7937,19015,260.0,2021-11-18,04:21:33
,Guam,US,13.4443,144.7937,19040,262.0,2021-11-19,04:21:40
,Guam,US,13.4443,144.7937,19065,262.0,2021-11-20,04:22:17
,Guam,US,13.4443,144.7937,19069,262.0,2021-11-21,04:22:13
,Guam,US,13.4443,144.7937,19069,262.0,2021-11-22,04:22:20
,Guam,US,13.4443,144.7937,19117,263.0,2021-11-23,04:22:39
,Guam,US,13.4443,144.7937,19117,263.0,2021-11-24,04:22:14
,Guam,US,13.4443,144.7937,19146,263.0,2021-11-25,04:22:33
,Guam,US,13.4443,144.7937,19155,263.0,2021-11-26,04:22:33
,Guam,US,13.4443,144.7937,19155,263.0,2021-11-27,04:22:45
,Guam,US,13.4443,144.7937,19163,263.0,2021-11-28,04:22:43
,Guam,US,13.4443,144.7937,19163,263.0,2021-11-29,04:22:30
,Guam,US,13.4443,144.7937,19179,263.0,2021-11-30,04:22:53
,Guam,US,13.4443,144.7937,19199,263.0,2021-12-01,04:22:29
,Guam,US,13.4443,144.7937,19214,266.0,2021-12-02,04:22:37
,Guam,US,13.4443,144.7937,19227,266.0,2021-12-03,04:23:05
,Guam,US,13.4443,144.7937,19239,266.0,2021-12-04,04:22:18
,Guam,US,13.4443,144.7937,19247,266.0,2021-12-05,04:22:25
,Guam,US,13.4443,144.7937,19248,266.0,2021-12-06,04:22:34
,Guam,US,13.4443,144.7937,19270,267.0,2021-12-07,04:22:34
,Guam,US,13.4443,144.7937,19287,267.0,2021-12-08,04:22:46
,Guam,US,13.4443,144.7937,19287,267.0,2021-12-09,04:22:49
,Guam,US,13.4443,144.7937,19300,267.0,2021-12-10,04:22:28
,Guam,US,13.4443,144.7937,19307,267.0,2021-12-11,04:22:45
,Guam,US,13.4443,144.7937,19307,267.0,2021-12-12,04:22:12
,Guam,US,13.4443,144.7937,19308,267.0,2021-12-13,04:22:02
,Guam,US,13.4443,144.7937,19325,269.0,2021-12-14,04:22:38
,Guam,US,13.4443,144.7937,19340,269.0,2021-12-15,03:22:16
,Guam,US,13.4443,144.7937,19348,269.0,2021-12-16,04:22:11
,Guam,US,13.4443,144.7937,19357,270.0,2021-12-17,04:22:14
,Guam,US,13.4443,144.7937,19366,270.0,2021-12-18,02:22:20
,Guam,US,13.4443,144.7937,19372,270.0,2021-12-19,04:21:11
,Guam,US,13.4443,144.7937,19372,270.0,2021-12-20,04:21:43
,Guam,US,13.4443,144.7937,19390,270.0,2021-12-21,03:21:27
,Guam,US,13.4443,144.7937,19407,270.0,2021-12-22,04:21:54
,Guam,US,13.4443,144.7937,19414,270.0,2021-12-23,04:21:21
,Guam,US,13.4443,144.7937,19427,270.0,2021-12-24,04:21:34
,Guam,US,13.4443,144.7937,19432,270.0,2021-12-25,04:21:37
,Guam,US,13.4443,144.7937,19432,270.0,2021-12-26,04:21:50
,Guam,US,13.4443,144.7937,19432,270.0,2021-12-27,04:21:58
,Guam,US,13.4443,144.7937,19458,270.0,2021-12-28,04:21:47
,Guam,US,13.4443,144.7937,19501,270.0,2021-12-29,03:21:43
,Guam,US,13.4443,144.7937,19531,270.0,2021-12-30,04:21:25
,Guam,US,13.4443,144.7937,19607,270.0,2021-12-31,04:21:50
,Guam,US,13.4443,144.7937,19607,270.0,2022-01-01,04:22:14
,Guam,US,13.4443,144.7937,19618,270.0,2022-01-02,04:20:52
,Guam,US,13.4443,144.7937,19618,270.0,2022-01-03,02:22:25
,Guam,US,13.4443,144.7937,19689,273.0,2022-01-04,04:22:17
,Guam,US,13.4443,144.7937,19899,273.0,2022-01-05,04:21:59
,Guam,US,13.4443,144.7937,20088,273.0,2022-01-06,04:22:09
,Guam,US,13.4443,144.7937,20351,273.0,2022-01-07,04:22:09
,Guam,US,13.4443,144.7937,20594,274.0,2022-01-08,04:21:53
,Guam,US,13.4443,144.7937,20688,274.0,2022-01-09,04:21:46
,Guam,US,13.4443,144.7937,20809,274.0,2022-01-10,04:22:07
,Guam,US,13.4443,144.7937,21118,274.0,2022-01-11,04:22:01
,Guam,US,13.4443,144.7937,21540,274.0,2022-01-12,04:21:44
,Guam,US,13.4443,144.7937,22056,274.0,2022-01-13,08:00:09
,Guam,US,13.4443,144.7937,22479,274.0,2022-01-14,04:21:54
,Guam,US,13.4443,144.7937,23115,274.0,2022-01-15,04:21:07
,Guam,US,13.4443,144.7937,23115,274.0,2022-01-16,04:21:12
,Guam,US,13.4443,144.7937,23318,274.0,2022-01-17,04:21:08
,Guam,US,13.4443,144.7937,23581,274.0,2022-01-18,04:21:04
,Guam,US,13.4443,144.7937,24218,274.0,2022-01-19,04:21:23
,Guam,US,13.4443,144.7937,25033,276.0,2022-01-20,04:21:07
,Guam,US,13.4443,144.7937,25757,276.0,2022-01-21,04:21:09
,Guam,US,13.4443,144.7937,26851,276.0,2022-01-22,04:21:13
,Guam,US,13.4443,144.7937,26851,276.0,2022-01-23,04:21:13
,Guam,US,13.4443,144.7937,26851,276.0,2022-01-24,04:21:12
,Guam,US,13.4443,144.7937,27869,280.0,2022-01-25,04:21:05
,Guam,US,13.4443,144.7937,28628,282.0,2022-01-26,04:21:07
,Guam,US,13.4443,144.7937,29478,283.0,2022-01-27,04:21:19
,Guam,US,13.4443,144.7937,30221,284.0,2022-01-28,04:21:09
,Guam,US,13.4443,144.7937,31038,285.0,2022-01-29,04:21:10
,Guam,US,13.4443,144.7937,31804,285.0,2022-01-30,04:21:26
,Guam,US,13.4443,144.7937,31804,285.0,2022-01-31,04:21:09
,Guam,US,13.4443,144.7937,32331,290.0,2022-02-01,04:21:11
,Guam,US,13.4443,144.7937,33108,294.0,2022-02-02,04:21:09
,Guam,US,13.4443,144.7937,33788,296.0,2022-02-03,04:21:21
,Guam,US,13.4443,144.7937,34610,296.0,2022-02-04,04:21:10
,Guam,US,13.4443,144.7937,35372,296.0,2022-02-05,04:21:05
,Guam,US,13.4443,144.7937,35769,296.0,2022-02-06,04:21:00
,Guam,US,13.4443,144.7937,36113,296.0,2022-02-07,04:21:05
,Guam,US,13.4443,144.7937,36612,298.0,2022-02-08,04:21:15
,Guam,US,13.4443,144.7937,37456,299.0,2022-02-09,04:21:04
,Guam,US,13.4443,144.7937,38050,303.0,2022-02-10,04:21:14
,Guam,US,13.4443,144.7937,38672,305.0,2022-02-11,04:21:09
,Guam,US,13.4443,144.7937,39640,306.0,2022-02-12,04:21:06
,Guam,US,13.4443,144.7937,39640,306.0,2022-02-13,04:21:00
,Guam,US,13.4443,144.7937,39985,306.0,2022-02-14,04:20:51
,Guam,US,13.4443,144.7937,40280,307.0,2022-02-15,04:21:09
,Guam,US,13.4443,144.7937,40891,308.0,2022-02-16,04:21:10
,Guam,US,13.4443,144.7937,41386,315.0,2022-02-17,04:20:56
,Guam,US,13.4443,144.7937,41780,315.0,2022-02-18,04:21:04
,Guam,US,13.4443,144.7937,42403,316.0,2022-02-19,04:21:11
,Guam,US,13.4443,144.7937,42403,316.0,2022-02-20,04:21:00
,Guam,US,13.4443,144.7937,42544,316.0,2022-02-21,04:21:05
,Guam,US,13.4443,144.7937,42818,317.0,2022-02-22,04:21:01
,Guam,US,13.4443,144.7937,43211,319.0,2022-02-23,04:21:09
,Guam,US,13.4443,144.7937,43560,320.0,2022-02-24,04:21:14
,Guam,US,13.4443,144.7937,43836,321.0,2022-02-25,04:21:11
,Guam,US,13.4443,144.7937,44111,322.0,2022-02-26,04:21:12
,Guam,US,13.4443,144.7937,44344,322.0,2022-02-27,04:21:04
,Guam,US,13.4443,144.7937,44344,322.0,2022-02-28,04:21:05
,Guam,US,13.4443,144.7937,44344,322.0,2022-03-01,04:21:09
,Guam,US,13.4443,144.7937,44846,330.0,2022-03-02,04:21:07
,Guam,US,13.4443,144.7937,45072,330.0,2022-03-03,04:21:01
,Guam,US,13.4443,144.7937,45241,331.0,2022-03-04,04:21:09
,Guam,US,13.4443,144.7937,45435,331.0,2022-03-05,04:21:10
,Guam,US,13.4443,144.7937,45489,331.0,2022-03-06,04:20:49
,Guam,US,13.4443,144.7937,45542,331.0,2022-03-07,04:20:47
,Guam,US,13.4443,144.7937,45542,331.0,2022-03-08,04:20:54
,Guam,US,13.4443,144.7937,45837,334.0,2022-03-09,04:20:59
,Guam,US,13.4443,144.7937,46000,335.0,2022-03-10,04:20:48
,Guam,US,13.4443,144.7937,46000,335.0,2022-03-11,04:20:50
,Guam,US,13.4443,144.7937,46299,337.0,2022-03-12,04:20:50
,Guam,US,13.4443,144.7937,46331,337.0,2022-03-13,04:20:49
,Guam,US,13.4443,144.7937,46331,337.0,2022-03-14,04:20:46
,Guam,US,13.4443,144.7937,46411,338.0,2022-03-15,04:20:47
,Guam,US,13.4443,144.7937,46528,339.0,2022-03-16,04:20:50
,Guam,US,13.4443,144.7937,46593,339.0,2022-03-17,04:20:56
,Guam,US,13.4443,144.7937,46650,341.0,2022-03-18,04:20:55
,Guam,US,13.4443,144.7937,46723,341.0,2022-03-19,04:20:47
,Guam,US,13.4443,144.7937,46723,341.0,2022-03-20,04:20:45
,Guam,US,13.4443,144.7937,46730,341.0,2022-03-21,04:20:50
,Guam,US,13.4443,144.7937,46809,341.0,2022-03-22,04:20:54
,Guam,US,13.4443,144.7937,46893,341.0,2022-03-23,04:20:48
,Guam,US,13.4443,144.7937,46942,341.0,2022-03-24,04:20:43
,Guam,US,13.4443,144.7937,47009,341.0,2022-03-25,04:20:46
,Guam,US,13.4443,144.7937,47078,340.0,2022-03-26,04:20:23
,Guam,US,13.4443,144.7937,47078,340.0,2022-03-27,04:20:47
,Guam,US,13.4443,144.7937,47080,340.0,2022-03-28,04:20:33
,Guam,US,13.4443,144.7937,47122,342.0,2022-03-29,04:20:46
,Guam,US,13.4443,144.7937,47181,343.0,2022-03-30,04:20:45
,Guam,US,13.4443,144.7937,47220,344.0,2022-03-31,04:20:56
,Guam,US,13.4443,144.7937,47265,346.0,2022-04-01,04:20:28
,Guam,US,13.4443,144.7937,47330,349.0,2022-04-02,04:20:47
,Guam,US,13.4443,144.7937,47337,349.0,2022-04-03,04:20:48
,Guam,US,13.4443,144.7937,47337,349.0,2022-04-04,04:20:51
,Guam,US,13.4443,144.7937,47386,350.0,2022-04-05,04:20:48
,Guam,US,13.4443,144.7937,47429,352.0,2022-04-06,04:20:49
,Guam,US,13.4443,144.7937,47462,352.0,2022-04-07,04:20:53
,Guam,US,13.4443,144.7937,47514,352.0,2022-04-08,04:20:48
,Guam,US,13.4443,144.7937,47553,352.0,2022-04-09,04:20:42
,Guam,US,13.4443,144.7937,47565,352.0,2022-04-10,04:20:52
,Guam,US,13.4443,144.7937,47565,352.0,2022-04-11,04:21:02
,Guam,US,13.4443,144.7937,47599,352.0,2022-04-12,04:20:49
,Guam,US,13.4443,144.7937,47631,352.0,2022-04-13,04:21:03
,Guam,US,13.4443,144.7937,47655,352.0,2022-04-13,23:21:06
,Guam,US,13.4443,144.7937,47682,354.0,2022-04-15,04:20:57
,Guam,US,13.4443,144.7937,47725,354.0,2022-04-16,04:20:48
,Guam,US,13.4443,144.7937,47725,354.0,2022-04-17,04:20:59
,Guam,US,13.4443,144.7937,47738,354.0,2022-04-18,04:21:12
,Guam,US,13.4443,144.7937,47776,354.0,2022-04-19,04:21:00
,Guam,US,13.4443,144.7937,47826,354.0,2022-04-20,04:20:45
,Guam,US,13.4443,144.7937,47871,354.0,2022-04-21,04:20:46
,Guam,US,13.4443,144.7937,47902,354.0,2022-04-22,04:20:45
,Guam,US,13.4443,144.7937,47939,354.0,2022-04-23,04:20:50
,Guam,US,13.4443,144.7937,47944,354.0,2022-04-24,04:20:56
,Guam,US,13.4443,144.7937,47944,354.0,2022-04-25,04:20:56
,Guam,US,13.4443,144.7937,47973,354.0,2022-04-26,04:20:51
,Guam,US,13.4443,144.7937,48020,354.0,2022-04-27,04:20:52
,Guam,US,13.4443,144.7937,48067,354.0,2022-04-28,04:20:47
,Guam,US,13.4443,144.7937,48113,354.0,2022-04-29,04:20:59
,Guam,US,13.4443,144.7937,48137,354.0,2022-04-30,04:21:05
,Guam,US,13.4443,144.7937,48142,354.0,2022-05-01,04:20:57
,Guam,US,13.4443,144.7937,48142,354.0,2022-05-02,04:21:10
,Guam,US,13.4443,144.7937,48142,354.0,2022-05-03,04:21:00
,Guam,US,13.4443,144.7937,48254,354.0,2022-05-04,04:20:59
,Guam,US,13.4443,144.7937,48282,354.0,2022-05-05,04:20:55
,Guam,US,13.4443,144.7937,48302,355.0,2022-05-06,04:21:00
,Guam,US,13.4443,144.7937,48323,355.0,2022-05-07,04:21:09
,Guam,US,13.4443,144.7937,48323,355.0,2022-05-08,04:20:49
,Guam,US,13.4443,144.7937,48323,355.0,2022-05-09,04:20:54
,Guam,US,13.4443,144.7937,48369,357.0,2022-05-10,04:20:50
,Guam,US,13.4443,144.7937,48401,358.0,2022-05-11,04:20:48
,Guam,US,13.4443,144.7937,48431,358.0,2022-05-12,04:20:54
,Guam,US,13.4443,144.7937,48469,358.0,2022-05-13,04:20:51
,Guam,US,13.4443,144.7937,48496,361.0,2022-05-14,04:20:48
,Guam,US,13.4443,144.7937,48496,361.0,2022-05-15,04:20:53
,Guam,US,13.4443,144.7937,48496,361.0,2022-05-16,04:20:47
,Guam,US,13.4443,144.7937,48542,361.0,2022-05-17,04:20:59
,Guam,US,13.4443,144.7937,48588,361.0,2022-05-18,04:20:50
,Guam,US,13.4443,144.7937,48611,361.0,2022-05-19,04:20:54
,Guam,US,13.4443,144.7937,48666,361.0,2022-05-20,04:20:57
,Guam,US,13.4443,144.7937,48688,361.0,2022-05-21,04:20:58
,Guam,US,13.4443,144.7937,48688,361.0,2022-05-22,04:20:52
,Guam,US,13.4443,144.7937,48865,362.0,2022-05-26,04:20:50
,Guam,US,13.4443,144.7937,48762,361.0,2022-05-24,04:20:57
,Guam,US,13.4443,144.7937,48827,361.0,2022-05-25,04:20:56
,Guam,US,13.4443,144.7937,48865,362.0,2022-05-26,04:20:50
,Guam,US,13.4443,144.7937,48907,362.0,2022-05-27,04:20:56
,Guam,US,13.4443,144.7937,48968,363.0,2022-05-28,04:21:07
,Guam,US,13.4443,144.7937,48968,363.0,2022-05-29,04:20:53
,Guam,US,13.4443,144.7937,48968,363.0,2022-05-30,04:20:50
,Guam,US,13.4443,144.7937,48968,363.0,2022-05-31,04:20:51
,Guam,US,13.4443,144.7937,49056,363.0,2022-06-01,04:20:55
,Guam,US,13.4443,144.7937,49156,363.0,2022-06-02,05:20:39
,Guam,US,13.4443,144.7937,49262,364.0,2022-06-03,04:20:58
,Guam,US,13.4443,144.7937,49324,364.0,2022-06-04,04:20:58
,Guam,US,13.4443,144.7937,49324,364.0,2022-06-05,04:20:55
,Guam,US,13.4443,144.7937,49324,364.0,2022-06-06,04:20:57
,Guam,US,13.4443,144.7937,49473,365.0,2022-06-07,04:21:08
,Guam,US,13.4443,144.7937,49568,366.0,2022-06-08,04:20:55
,Guam,US,13.4443,144.7937,49718,366.0,2022-06-09,04:20:54
,Guam,US,13.4443,144.7937,49779,367.0,2022-06-10,04:20:55
,Guam,US,13.4443,144.7937,49935,367.0,2022-06-11,04:21:01
,Guam,US,13.4443,144.7937,49935,367.0,2022-06-12,04:20:53
,Guam,US,13.4443,144.7937,49935,367.0,2022-06-13,04:21:14
,Guam,US,13.4443,144.7937,50120,369.0,2022-06-14,04:20:52
,Guam,US,13.4443,144.7937,50217,370.0,2022-06-15,04:20:54
,Guam,US,13.4443,144.7937,50364,370.0,2022-06-16,04:20:55
,Guam,US,13.4443,144.7937,50485,370.0,2022-06-17,04:20:56
,Guam,US,13.4443,144.7937,50608,370.0,2022-06-18,04:21:10
,Guam,US,13.4443,144.7937,50608,370.0,2022-06-19,04:20:51
,Guam,US,13.4443,144.7937,50608,370.0,2022-06-20,04:21:01
,Guam,US,13.4443,144.7937,50773,371.0,2022-06-21,04:20:56
,Guam,US,13.4443,144.7937,50887,371.0,2022-06-22,04:20:54
,Guam,US,13.4443,144.7937,51009,371.0,2022-06-23,04:20:55
,Guam,US,13.4443,144.7937,51084,371.0,2022-06-24,04:20:58
,Guam,US,13.4443,144.7937,51234,371.0,2022-06-25,04:20:57
,Guam,US,13.4443,144.7937,51234,371.0,2022-06-26,04:21:02
,Guam,US,13.4443,144.7937,51234,371.0,2022-06-27,04:21:00
,Guam,US,13.4443,144.7937,51437,371.0,2022-06-28,04:20:58
,Guam,US,13.4443,144.7937,51588,371.0,2022-06-29,04:20:59
,Guam,US,13.4443,144.7937,51769,371.0,2022-06-30,04:21:01
,Guam,US,13.4443,144.7937,51898,372.0,2022-07-01,04:21:10
,Guam,US,13.4443,144.7937,52067,372.0,2022-07-02,04:21:16
,Guam,US,13.4443,144.7937,52067,372.0,2022-07-03,04:20:59
,Guam,US,13.4443,144.7937,52067,372.0,2022-07-04,04:20:54
,Guam,US,13.4443,144.7937,52067,372.0,2022-07-05,04:20:45
,Guam,US,13.4443,144.7937,52363,372.0,2022-07-06,04:20:58
,Guam,US,13.4443,144.7937,52517,372.0,2022-07-07,04:20:55
,Guam,US,13.4443,144.7937,52644,372.0,2022-07-08,04:20:56
,Guam,US,13.4443,144.7937,52823,371.0,2022-07-09,04:20:59
,Guam,US,13.4443,144.7937,52823,371.0,2022-07-10,04:20:54
,Guam,US,13.4443,144.7937,52823,371.0,2022-07-11,04:20:46
,Guam,US,13.4443,144.7937,53066,373.0,2022-07-12,04:20:51
,Guam,US,13.4443,144.7937,53214,373.0,2022-07-13,04:20:58
,Guam,US,13.4443,144.7937,53363,373.0,2022-07-14,04:20:57
,Guam,US,13.4443,144.7937,53459,374.0,2022-07-15,04:20:53
,Guam,US,13.4443,144.7937,53601,376.0,2022-07-16,04:21:05
,Guam,US,13.4443,144.7937,53601,376.0,2022-07-17,04:21:15
,Guam,US,13.4443,144.7937,53601,376.0,2022-07-18,04:20:59
,Guam,US,13.4443,144.7937,53865,376.0,2022-07-19,04:20:58
,Guam,US,13.4443,144.7937,54013,376.0,2022-07-20,04:20:59
,Guam,US,13.4443,144.7937,54163,377.0,2022-07-21,04:21:10
,Guam,US,13.4443,144.7937,54163,377.0,2022-07-22,04:21:15
,Guam,US,13.4443,144.7937,54163,377.0,2022-07-23,04:20:53
,Guam,US,13.4443,144.7937,54163,377.0,2022-07-24,04:20:47
,Guam,US,13.4443,144.7937,54163,377.0,2022-07-25,04:20:51
,Guam,US,13.4443,144.7937,54622,377.0,2022-07-26,04:20:58
,Guam,US,13.4443,144.7937,54772,377.0,2022-07-27,04:21:04
,Guam,US,13.4443,144.7937,54963,380.0,2022-07-28,04:20:56
,Guam,US,13.4443,144.7937,55057,380.0,2022-07-29,04:20:45
,Guam,US,13.4443,144.7937,55208,380.0,2022-07-30,04:20:42
,Guam,US,13.4443,144.7937,55208,380.0,2022-07-31,04:21:02
,Guam,US,13.4443,144.7937,55208,380.0,2022-08-01,04:21:03
,Guam,US,13.4443,144.7937,55501,380.0,2022-08-02,04:20:53
,Guam,US,13.4443,144.7937,55624,381.0,2022-08-03,04:20:59
,Guam,US,13.4443,144.7937,55746,382.0,2022-08-04,04:20:58
,Guam,US,13.4443,144.7937,55822,382.0,2022-08-05,04:20:52
,Guam,US,13.4443,144.7937,55925,382.0,2022-08-06,04:20:56
,Guam,US,13.4443,144.7937,55925,382.0,2022-08-07,04:20:54
,Guam,US,13.4443,144.7937,55925,382.0,2022-08-08,04:21:08
,Guam,US,13.4443,144.7937,56117,383.0,2022-08-09,04:20:34
,Guam,US,13.4443,144.7937,56226,384.0,2022-08-10,04:20:57
,Guam,US,13.4443,144.7937,56367,384.0,2022-08-11,04:20:49
,Guam,US,13.4443,144.7937,56450,385.0,2022-08-12,04:20:54
,Guam,US,13.4443,144.7937,56625,385.0,2022-08-13,04:20:52
,Guam,US,13.4443,144.7937,56625,385.0,2022-08-14,04:20:55
,Guam,US,13.4443,144.7937,56625,385.0,2022-08-15,04:20:59
,Guam,US,13.4443,144.7937,56804,386.0,2022-08-16,04:20:58
,Guam,US,13.4443,144.7937,56913,387.0,2022-08-17,04:20:59
,Guam,US,13.4443,144.7937,57040,390.0,2022-08-18,04:21:11
,Guam,US,13.4443,144.7937,57104,390.0,2022-08-19,04:20:54
,Guam,US,13.4443,144.7937,57206,389.0,2022-08-20,04:21:01
,Guam,US,13.4443,144.7937,57206,389.0,2022-08-21,04:20:44
,Guam,US,13.4443,144.7937,57206,389.0,2022-08-22,04:20:38
,Guam,US,13.4443,144.7937,57361,389.0,2022-08-23,04:20:56
,Guam,US,13.4443,144.7937,57441,389.0,2022-08-24,04:20:46
,Guam,US,13.4443,144.7937,57536,389.0,2022-08-25,04:21:13
,Guam,US,13.4443,144.7937,57599,389.0,2022-08-26,04:21:02
,Guam,US,13.4443,144.7937,57676,389.0,2022-08-27,04:20:57
,Guam,US,13.4443,144.7937,57676,389.0,2022-08-28,04:21:02
,Guam,US,13.4443,144.7937,57676,389.0,2022-08-29,04:21:06
,Guam,US,13.4443,144.7937,57676,389.0,2022-08-30,04:21:03
,Guam,US,13.4443,144.7937,57868,389.0,2022-08-31,04:20:57
,Guam,US,13.4443,144.7937,57947,389.0,2022-09-01,04:21:03
,Guam,US,13.4443,144.7937,57981,390.0,2022-09-02,04:21:07
,Guam,US,13.4443,144.7937,58035,390.0,2022-09-03,04:21:04
,Guam,US,13.4443,144.7937,58035,390.0,2022-09-04,04:21:22
,Guam,US,13.4443,144.7937,58035,390.0,2022-09-05,04:21:01
,Guam,US,13.4443,144.7937,58035,390.0,2022-09-06,04:21:02
,Guam,US,13.4443,144.7937,58035,390.0,2022-09-07,04:20:59
,Guam,US,13.4443,144.7937,58158,394.0,2022-09-08,04:21:02
,Guam,US,13.4443,144.7937,58179,394.0,2022-09-09,04:21:11
,Guam,US,13.4443,144.7937,58221,394.0,2022-09-10,04:21:10
,Guam,US,13.4443,144.7937,58221,394.0,2022-09-11,04:20:50
,Guam,US,13.4443,144.7937,58221,394.0,2022-09-12,04:20:58
,Guam,US,13.4443,144.7937,58269,394.0,2022-09-13,04:20:57
,Guam,US,13.4443,144.7937,58308,394.0,2022-09-14,04:20:44
,Guam,US,13.4443,144.7937,58335,394.0,2022-09-15,04:21:02
,Guam,US,13.4443,144.7937,58352,394.0,2022-09-16,04:21:19
,Guam,US,13.4443,144.7937,58370,394.0,2022-09-17,04:20:19
,Guam,US,13.4443,144.7937,58370,394.0,2022-09-18,04:22:50
,Guam,US,13.4443,144.7937,58370,394.0,2022-09-19,04:21:49
,Guam,US,13.4443,144.7937,58411,395.0,2022-09-20,04:22:48
,Guam,US,13.4443,144.7937,58430,395.0,2022-09-21,04:23:22
,Guam,US,13.4443,144.7937,58452,400.0,2022-09-22,04:22:56
,Guam,US,13.4443,144.7937,58466,401.0,2022-09-23,04:23:13
,Guam,US,13.4443,144.7937,58489,401.0,2022-09-24,04:21:40
,Guam,US,13.4443,144.7937,58489,401.0,2022-09-25,04:23:31
,Guam,US,13.4443,144.7937,58489,401.0,2022-09-26,04:20:52
,Guam,US,13.4443,144.7937,58510,401.0,2022-09-27,04:23:01
,Guam,US,13.4443,144.7937,58510,401.0,2022-09-28,04:23:01
,Guam,US,13.4443,144.7937,58548,401.0,2022-09-29,04:22:34
,Guam,US,13.4443,144.7937,58564,401.0,2022-09-30,04:23:09
,Guam,US,13.4443,144.7937,58577,401.0,2022-10-01,04:23:01
,Guam,US,13.4443,144.7937,58577,401.0,2022-10-02,04:21:23
,Guam,US,13.4443,144.7937,58577,401.0,2022-10-03,04:23:11
,Guam,US,13.4443,144.7937,58591,401.0,2022-10-04,04:22:55
,Guam,US,13.4443,144.7937,58600,401.0,2022-10-05,04:23:06
,Guam,US,13.4443,144.7937,58600,401.0,2022-10-06,04:21:22
,Guam,US,13.4443,144.7937,58600,401.0,2022-10-07,04:23:08
,Guam,US,13.4443,144.7937,58631,401.0,2022-10-08,04:22:56
,Guam,US,13.4443,144.7937,58631,401.0,2022-10-09,04:21:16
,Guam,US,13.4443,144.7937,58631,401.0,2022-10-10,04:22:32
,Guam,US,13.4443,144.7937,58647,401.0,2022-10-11,04:23:05
,Guam,US,13.4443,144.7937,58647,401.0,2022-10-12,04:22:51
,Guam,US,13.4443,144.7937,58647,401.0,2022-10-13,04:22:39
,Guam,US,13.4443,144.7937,58647,401.0,2022-10-14,04:22:28
,Guam,US,13.4443,144.7937,58695,401.0,2022-10-15,04:22:00
,Guam,US,13.4443,144.7937,58695,401.0,2022-10-16,04:22:39
,Guam,US,13.4443,144.7937,58695,401.0,2022-10-17,04:20:31
,Guam,US,13.4443,144.7937,58703,401.0,2022-10-18,04:22:42
,Guam,US,13.4443,144.7937,58703,401.0,2022-10-19,04:22:26
,Guam,US,13.4443,144.7937,58703,401.0,2022-10-20,04:22:59
,Guam,US,13.4443,144.7937,58703,401.0,2022-10-21,04:22:23
,Guam,US,13.4443,144.7937,58732,401.0,2022-10-22,04:22:53
,Guam,US,13.4443,144.7937,58732,401.0,2022-10-23,04:22:46
,Guam,US,13.4443,144.7937,58732,401.0,2022-10-24,04:22:29
,Guam,US,13.4443,144.7937,58751,401.0,2022-10-25,04:21:53
,Guam,US,13.4443,144.7937,58751,401.0,2022-10-26,04:22:19
,Guam,US,13.4443,144.7937,58751,401.0,2022-10-27,04:22:01
,Guam,US,13.4443,144.7937,58751,401.0,2022-10-28,04:22:31
,Guam,US,13.4443,144.7937,58807,401.0,2022-10-29,04:21:13
,Guam,US,13.4443,144.7937,58807,401.0,2022-10-30,04:22:14
,Guam,US,13.4443,144.7937,58807,401.0,2022-10-31,04:21:36
,Guam,US,13.4443,144.7937,58835,403.0,2022-11-01,04:22:36
,Guam,US,13.4443,144.7937,58850,403.0,2022-11-02,04:22:09
,Guam,US,13.4443,144.7937,58850,403.0,2022-11-03,04:22:05
,Guam,US,13.4443,144.7937,58850,403.0,2022-11-04,04:22:11
,Guam,US,13.4443,144.7937,58907,404.0,2022-11-05,04:21:52
,Guam,US,13.4443,144.7937,58907,404.0,2022-11-06,04:21:24
,Guam,US,13.4443,144.7937,58907,404.0,2022-11-07,04:21:26
,Guam,US,13.4443,144.7937,58939,404.0,2022-11-08,04:21:21
,Guam,US,13.4443,144.7937,58939,404.0,2022-11-09,04:21:22
,Guam,US,13.4443,144.7937,58939,404.0,2022-11-10,04:21:16
,Guam,US,13.4443,144.7937,58990,406.0,2022-11-11,04:21:22
,Guam,US,13.4443,144.7937,58990,406.0,2022-11-12,04:20:41
,Guam,US,13.4443,144.7937,58990,406.0,2022-11-13,04:21:14
,Guam,US,13.4443,144.7937,58990,406.0,2022-11-14,04:21:09
,Guam,US,13.4443,144.7937,59039,406.0,2022-11-15,04:21:16
,Guam,US,13.4443,144.7937,59039,406.0,2022-11-16,04:21:09
,Guam,US,13.4443,144.7937,59039,406.0,2022-11-17,04:21:11
,Guam,US,13.4443,144.7937,59039,406.0,2022-11-18,04:21:15
,Guam,US,13.4443,144.7937,59148,407.0,2022-11-19,04:21:14
,Guam,US,13.4443,144.7937,59148,407.0,2022-11-20,04:21:08
,Guam,US,13.4443,144.7937,59148,407.0,2022-11-21,04:21:05
,Guam,US,13.4443,144.7937,59189,407.0,2022-11-22,04:20:47
,Guam,US,13.4443,144.7937,59189,407.0,2022-11-23,04:21:06
,Guam,US,13.4443,144.7937,59189,407.0,2022-11-24,04:21:09
,Guam,US,13.4443,144.7937,59189,407.0,2022-11-25,04:21:06
,Guam,US,13.4443,144.7937,59189,407.0,2022-11-26,04:21:11
,Guam,US,13.4443,144.7937,59189,407.0,2022-11-27,04:21:05
,Guam,US,13.4443,144.7937,59189,407.0,2022-11-28,04:21:02
,Guam,US,13.4443,144.7937,59330,409.0,2022-11-29,04:21:05
,Guam,US,13.4443,144.7937,59330,409.0,2022-11-30,04:21:07
,Guam,US,13.4443,144.7937,59330,409.0,2022-12-01,04:21:03
,Guam,US,13.4443,144.7937,59330,409.0,2022-12-02,04:21:07
,Guam,US,13.4443,144.7937,59424,409.0,2022-12-03,04:21:02
,Guam,US,13.4443,144.7937,59424,409.0,2022-12-04,04:20:56
,Guam,US,13.4443,144.7937,59424,409.0,2022-12-05,04:20:58
,Guam,US,13.4443,144.7937,59460,409.0,2022-12-06,04:21:03
,Guam,US,13.4443,144.7937,59460,409.0,2022-12-07,04:20:58
,Guam,US,13.4443,144.7937,59460,409.0,2022-12-08,04:21:07
,Guam,US,13.4443,144.7937,59460,409.0,2022-12-09,04:21:05
,Guam,US,13.4443,144.7937,59460,409.0,2022-12-10,04:21:02
,Guam,US,13.4443,144.7937,59460,409.0,2022-12-11,04:20:50
,Guam,US,13.4443,144.7937,59460,409.0,2022-12-12,04:21:01
,Guam,US,13.4443,144.7937,59574,410.0,2022-12-13,04:21:01
,Guam,US,13.4443,144.7937,59574,410.0,2022-12-14,04:21:04
,Guam,US,13.4443,144.7937,59574,410.0,2022-12-15,04:20:58
,Guam,US,13.4443,144.7937,59574,410.0,2022-12-16,04:21:01
,Guam,US,13.4443,144.7937,59677,411.0,2022-12-17,04:21:04
,Guam,US,13.4443,144.7937,59677,411.0,2022-12-18,04:21:03
,Guam,US,13.4443,144.7937,59677,411.0,2022-12-19,04:21:03
,Guam,US,13.4443,144.7937,59709,411.0,2022-12-20,04:21:04
,Guam,US,13.4443,144.7937,59735,411.0,2022-12-21,04:21:03
,Guam,US,13.4443,144.7937,59758,411.0,2022-12-22,04:20:56
,Guam,US,13.4443,144.7937,59758,411.0,2022-12-23,04:21:04
,Guam,US,13.4443,144.7937,59827,411.0,2022-12-24,04:21:02
,Guam,US,13.4443,144.7937,59827,411.0,2022-12-25,04:21:04
,Guam,US,13.4443,144.7937,59827,411.0,2022-12-26,04:21:06
,Guam,US,13.4443,144.7937,59827,411.0,2022-12-27,04:21:07
,Guam,US,13.4443,144.7937,59876,411.0,2022-12-28,04:21:04
,Guam,US,13.4443,144.7937,59926,411.0,2022-12-29,04:21:01
,Guam,US,13.4443,144.7937,59951,411.0,2022-12-30,04:21:04
,Guam,US,13.4443,144.7937,60020,411.0,2022-12-31,04:20:54
,Guam,US,13.4443,144.7937,60020,411.0,2023-01-01,04:21:00
,Guam,US,13.4443,144.7937,60020,411.0,2023-01-02,04:20:57
