Lineage,date,total_count,lineage_count,total_count_rolling,lineage_count_rolling,proportion,proportion_ci_lower,proportion_ci_upper
B.1.1.7,2020-09-15,2497,1,1606.28571428571,0.142857142857143,8.89363215937389e-05,3.05702398496735e-07,0.00156263338691219
B.1.1.7,2020-09-16,2290,0,1638.71428571429,0.142857142857143,8.71763577717723e-05,2.99548256418432e-07,0.001531199866375
B.1.1.7,2020-09-17,1372,0,1516.85714285714,0.142857142857143,9.41796948577887e-05,3.23634518019044e-07,0.00165421965820712
B.1.1.7,2020-09-18,1617,0,1557.28571428571,0.142857142857143,9.1734703238235e-05,3.15321544287804e-07,0.00161176313006157
B.1.1.7,2020-09-19,1004,0,1622.14285714286,0.142857142857143,8.80669308674593e-05,3.02687303709286e-07,0.00154723330647119
B.1.1.7,2020-09-20,900,0,1682.85714285714,0.142857142857143,8.48896434634975e-05,2.91718093895363e-07,0.00149120430334497
B.1.1.7,2020-09-21,2812,0,1784.57142857143,0.142857142857143,8.0051232788985e-05,2.75050825509886e-07,0.00140606449331708
B.1.1.7,2020-09-22,1410,0,1629.28571428571,0,0,3.01386821425986e-07,0.00154059081122759
B.1.1.7,2020-09-23,1822,0,1562.42857142857,0,0,3.14312354060128e-07,0.00160660880908821
B.1.1.7,2020-09-24,3012,0,1796.71428571429,0,0,2.73214347897106e-07,0.00139668294674306
B.1.1.7,2020-09-25,1691,0,1807.28571428571,0,0,2.71702579709926e-07,0.00138896009458672
B.1.1.7,2020-09-26,834,0,1783,0,0,2.75359308091917e-07,0.00140764035126005
B.1.1.7,2020-09-27,1202,0,1826.14285714286,0,0,2.68875831880353e-07,0.00137451952228988
B.1.1.7,2020-09-28,1789,0,1680,0,0,2.9223894146738e-07,0.00149386478214094
B.1.1.7,2020-09-29,1683,0,1719,0,0,2.85609703808616e-07,0.00146000224218217
B.1.1.7,2020-09-30,1735,0,1706.57142857143,0,0,2.87617210547159e-07,0.00147025682712372
B.1.1.7,2020-10-01,2562,0,1642.28571428571,0,0,2.99001053120981e-07,0.00152840486739066
B.1.1.7,2020-10-02,1802,0,1658.14285714286,0,0,2.96116074359218e-07,0.00151366887522789
B.1.1.7,2020-10-03,1458,0,1747.28571428571,0,0,2.81032756939781e-07,0.00143662225549646
B.1.1.7,2020-10-04,916,0,1706.42857142857,0,0,2.87785777383849e-07,0.00147111788192215
B.1.1.7,2020-10-05,3308,0,1923.42857142857,0,0,2.55314957365876e-07,0.00130524026280773
B.1.1.7,2020-10-06,2800,0,2083,0,0,2.35705986885425e-07,0.00120505423128433
B.1.1.7,2020-10-07,2635,0,2211.57142857143,0,0,2.21961578012915e-07,0.00113482539163484
B.1.1.7,2020-10-08,2480,0,2199.85714285714,0,0,2.23172139812102e-07,0.00114101111243807
B.1.1.7,2020-10-09,2248,0,2263.57142857143,0,0,2.16864084068256e-07,0.00110877783011205
B.1.1.7,2020-10-10,1196,0,2226.14285714286,0,0,2.20565750180916e-07,0.00112769295214114
B.1.1.7,2020-10-11,1229,0,2270.85714285714,0,0,2.16195708325908e-07,0.00110536246263982
B.1.1.7,2020-10-12,3665,0,2321.85714285714,0,0,2.11447735527952e-07,0.00108110021696269
B.1.1.7,2020-10-13,2061,0,2216.28571428571,0,0,2.2156097058868e-07,0.00113277836200057
B.1.1.7,2020-10-14,2458,0,2191,0,0,2.24088762293226e-07,0.0011456948385216
B.1.1.7,2020-10-15,4845,0,2528.85714285714,0,0,1.94142338054216e-07,0.000992664266643169
B.1.1.7,2020-10-16,2360,0,2544.85714285714,0,0,1.92921916844155e-07,0.000986427240128457
B.1.1.7,2020-10-17,1637,0,2607.85714285714,0,0,1.88262056977521e-07,0.000962612424012857
B.1.1.7,2020-10-18,1125,0,2593,0,0,1.89351011206066e-07,0.000968177716178855
B.1.1.7,2020-10-19,3402,0,2555.42857142857,0,0,1.92166914806005e-07,0.000982568743151669
B.1.1.7,2020-10-20,3075,0,2700.28571428571,0,0,1.81847796253518e-07,0.000929830587186605
B.1.1.7,2020-10-21,3817,0,2894.42857142857,0,0,1.69658638714538e-07,0.000867531594021222
B.1.1.7,2020-10-22,3619,0,2719.28571428571,0,0,1.80577185685899e-07,0.000923336656123344
B.1.1.7,2020-10-23,2448,1,2731.85714285714,0.142857142857143,5.22930502536213e-05,1.79718002528047e-07,0.000918945454973334
B.1.1.7,2020-10-24,1803,0,2755.57142857143,0.142857142857143,5.18430193374462e-05,1.78153111229004e-07,0.000910947398906651
B.1.1.7,2020-10-25,1030,0,2742,0.142857142857143,5.2099614462853e-05,1.79062635640667e-07,0.000915595925883367
B.1.1.7,2020-10-26,5174,0,2995.14285714286,0.142857142857143,4.76962701516741e-05,1.63937740296866e-07,0.000838290644823035
B.1.1.7,2020-10-27,2578,0,2924.14285714286,0.142857142857143,4.8854365137525e-05,1.67918103981176e-07,0.00085863537423963
B.1.1.7,2020-10-28,1890,0,2648.85714285714,0.142857142857143,5.39316147125445e-05,1.85348498970068e-07,0.000947722020858607
B.1.1.7,2020-10-29,2796,0,2531.28571428571,0.142857142857143,5.64365934872171e-05,1.93988941656465e-07,0.000991880328449026
B.1.1.7,2020-10-30,2839,0,2587.14285714286,0,0,1.89790128399002e-07,0.000970421893050371
B.1.1.7,2020-10-31,1542,0,2549.85714285714,0,0,1.92543675699318e-07,0.000984494211033926
B.1.1.7,2020-11-01,3021,0,2834.28571428571,0,0,1.73250247559743e-07,0.000885888772014743
B.1.1.7,2020-11-02,6186,0,2978.85714285714,0,0,1.64818164435124e-07,0.000842790769501736
B.1.1.7,2020-11-03,3384,0,3094,0,0,1.58692580761325e-07,0.000811480564705634
B.1.1.7,2020-11-04,4560,0,3475.42857142857,0,0,1.41294733508516e-07,0.000722548152516946
B.1.1.7,2020-11-05,4225,0,3679.57142857143,0,0,1.33424230609491e-07,0.000682313976966247
B.1.1.7,2020-11-06,3377,0,3756.42857142857,0,0,1.30724665663824e-07,0.000668513371429047
B.1.1.7,2020-11-07,2374,0,3875.28571428571,0,0,1.26710412606199e-07,0.000647991518702071
B.1.1.7,2020-11-08,3169,0,3896.42857142857,0,0,1.26027469137502e-07,0.00064450010114082
B.1.1.7,2020-11-09,5361,0,3778.57142857143,0,0,1.29929093236694e-07,0.000664446242227814
B.1.1.7,2020-11-10,3249,0,3759.28571428571,0,0,1.30620343267508e-07,0.000667980054913356
B.1.1.7,2020-11-11,3678,0,3633.28571428571,0,0,1.35150216540418e-07,0.000691137391820595
B.1.1.7,2020-11-12,4156,0,3623.42857142857,0,0,1.3552322476916e-07,0.000693044237425027
B.1.1.7,2020-11-13,4103,0,3727.14285714286,0,0,1.31741773462197e-07,0.000673713010700674
B.1.1.7,2020-11-14,3556,0,3896,0,0,1.26027469137502e-07,0.00064450010114082
B.1.1.7,2020-11-15,4627,0,4104.28571428572,0,0,1.1964050150447e-07,0.00061184736308294
B.1.1.7,2020-11-16,4847,0,4030.85714285714,0,0,1.21807014631276e-07,0.000622923565946008
B.1.1.7,2020-11-17,3201,0,4024,0,0,1.22018892385859e-07,0.00062400677502802
B.1.1.7,2020-11-18,4083,0,4081.85714285714,0,0,1.20285266244427e-07,0.000615143707230441
B.1.1.7,2020-11-19,2438,0,3836.42857142857,0,0,1.27998573117412e-07,0.00065457695917546
B.1.1.7,2020-11-20,2817,0,3652.71428571429,0,0,1.34410326267859e-07,0.000687355007367767
B.1.1.7,2020-11-21,1855,0,3409.71428571429,0,0,1.43987837230965e-07,0.000736314983186219
B.1.1.7,2020-11-22,2248,0,3069.85714285714,0,0,1.59933073102568e-07,0.000817821275491656
B.1.1.7,2020-11-23,5452,0,3156.28571428571,0,0,1.55575293101725e-07,0.0007955465366301
B.1.1.7,2020-11-24,3485,0,3196.85714285714,0,0,1.53580270349636e-07,0.00078534883671237
B.1.1.7,2020-11-25,2732,0,3003.85714285714,0,0,1.63446622869828e-07,0.000835780380376425
B.1.1.7,2020-11-26,1969,1,2936.85714285714,0.142857142857143,4.86428640918377e-05,1.67174913869115e-07,0.000854836757394901
B.1.1.7,2020-11-27,2544,0,2897.85714285714,0.142857142857143,4.9297510475721e-05,1.69424485521707e-07,0.000866334795012242
B.1.1.7,2020-11-28,1572,0,2857.42857142857,0.142857142857143,4.999500049995e-05,1.71855635492014e-07,0.000878760769170955
B.1.1.7,2020-11-29,1423,0,2739.57142857143,0.142857142857143,5.21457996558377e-05,1.79193326354846e-07,0.000916263876848878
B.1.1.7,2020-11-30,6783,0,2929.71428571429,0.142857142857143,4.87614589428516e-05,1.67574273751522e-07,0.000856877980065836
B.1.1.7,2020-12-01,3651,0,2953.42857142857,0.142857142857143,4.83699332494921e-05,1.6626920037478e-07,0.000850207426353822
B.1.1.7,2020-12-02,3476,0,3059.71428571429,0.142857142857143,4.66897002521244e-05,1.60455687461405e-07,0.000820492579016311
B.1.1.7,2020-12-03,3268,0,3245.28571428571,0,0,1.5130868807589e-07,0.000773737356524329
B.1.1.7,2020-12-04,2815,0,3284,0,0,1.49511919144807e-07,0.000764552849256956
B.1.1.7,2020-12-05,1663,0,3297,0,0,1.48922441613986e-07,0.000761539610531996
B.1.1.7,2020-12-06,1721,0,3339.57142857143,0,0,1.47005320296025e-07,0.000751739777782254
B.1.1.7,2020-12-07,8234,0,3546.85714285714,0,0,1.384268160916e-07,0.000707887486223016
B.1.1.7,2020-12-08,3407,0,3512,0,0,1.39806256107898e-07,0.000714939149087754
B.1.1.7,2020-12-09,4178,0,3612.28571428571,0,0,1.3593591917456e-07,0.000695153957447266
B.1.1.7,2020-12-10,5236,0,3893.42857142857,0,0,1.26124581417896e-07,0.000644996569796906
B.1.1.7,2020-12-11,4774,0,4173.28571428572,0,0,1.17662380353641e-07,0.000601734198709106
B.1.1.7,2020-12-12,3130,0,4382.85714285714,0,0,1.1202521651414e-07,0.00057291358029968
B.1.1.7,2020-12-13,2726,0,4526.42857142857,0,0,1.08485950003279e-07,0.000554818267440145
B.1.1.7,2020-12-14,11314,0,4966.42857142857,0,0,9.88743083173501e-08,0.000505674889170239
B.1.1.7,2020-12-15,8319,0,5668.14285714286,0,0,8.66289484146524e-08,0.00044306206900922
B.1.1.7,2020-12-16,5440,0,5848.42857142857,0,0,8.39626448120739e-08,0.000429428239090702
B.1.1.7,2020-12-17,5004,0,5815.28571428571,0,0,8.44391105124142e-08,0.000431864604056792
B.1.1.7,2020-12-18,4854,0,5826.71428571429,0,0,8.42652258696276e-08,0.00043097546109544
B.1.1.7,2020-12-19,3375,0,5861.71428571429,0,0,8.37621284617933e-08,0.000428402914794239
B.1.1.7,2020-12-20,3038,0,5906.28571428572,0,0,8.3138122792142e-08,0.000425212105053785
B.1.1.7,2020-12-21,8973,0,5571.85714285714,0,0,8.81214117204506e-08,0.000450693523464569
B.1.1.7,2020-12-22,4360,0,5006.28571428572,0,0,9.80843014021811e-08,0.000501635554079507
B.1.1.7,2020-12-23,3854,0,4779.71428571429,0,0,1.02721517223366e-07,0.000525345579744668
B.1.1.7,2020-12-24,3536,0,4570,0,0,1.07441503525849e-07,0.000549478232339688
B.1.1.7,2020-12-25,1757,0,4127.57142857143,0,0,1.18944959363692e-07,0.000608291408503081
B.1.1.7,2020-12-26,4458,0,4282.28571428572,0,0,1.1466741306544e-07,0.000586422203421272
B.1.1.7,2020-12-27,4094,0,4433.14285714286,0,0,1.10761750547169e-07,0.000566453857974004
B.1.1.7,2020-12-28,10137,0,4599.42857142857,0,0,1.06764044497432e-07,0.000546014511630124
B.1.1.7,2020-12-29,6942,0,4968.28571428572,0,0,9.88345058505529e-08,0.000505471378049601
B.1.1.7,2020-12-30,5229,1,5164.71428571429,0.142857142857143,2.76602218349791e-05,9.50650084082435e-08,0.000486197645008259
B.1.1.7,2020-12-31,4381,1,5285.42857142857,0.285714285714286,5.40569760527596e-05,9.29065862974299e-08,0.000475161297913833
B.1.1.7,2021-01-01,2773,3,5430.57142857143,0.714285714285714,0.000131530488767296,1.98677106599728e-05,0.000860321480349202
B.1.1.7,2021-01-02,5198,2,5536.28571428571,1,0.000180626515972545,1.94908711538438e-05,0.000844010117986627
B.1.1.7,2021-01-03,5027,21,5669.57142857143,4,0.000705520699473379,0.000238174744311471,0.0016766036971223
B.1.1.7,2021-01-04,14010,2,6222.85714285714,4.28571428571429,0.00068870523415978,0.000217005952081608,0.00152768613718934
B.1.1.7,2021-01-05,8497,1,6445,4.42857142857143,0.000687132882633271,0.000209529868385286,0.00147508906303417
B.1.1.7,2021-01-06,6077,0,6566.14285714286,4.28571428571429,0.00065269890999282,0.000205667963686671,0.00144791817290535
B.1.1.7,2021-01-07,6462,1,6863.42857142857,4.28571428571429,0.000624427608025976,0.000196766177876551,0.00138528618325418
B.1.1.7,2021-01-08,6440,0,7387.28571428571,3.85714285714286,0.000522132621685908,0.000182806453242207,0.00128706030326076
B.1.1.7,2021-01-09,5929,2,7491.71428571429,3.85714285714286,0.000514854505930361,0.000180244062359089,0.00126902945559459
B.1.1.7,2021-01-10,4432,8,7406.71428571429,2,0.000270025266649951,5.61139777671131e-05,0.000865954103485334
B.1.1.7,2021-01-11,13320,0,7308.14285714286,1.71428571428571,0.000234572003831343,5.68741989001002e-05,0.000877681063107372
B.1.1.7,2021-01-12,9069,1,7389.85714285714,1.71428571428571,0.000231978194049759,5.62430721686007e-05,0.000867945486862753
B.1.1.7,2021-01-13,7553,0,7600.71428571429,1.71428571428571,0.000225542712151114,5.46816809165113e-05,0.00084385954114985
B.1.1.7,2021-01-14,8303,1,7863.71428571429,1.71428571428571,0.00021799949133452,5.28528058150059e-05,0.000815646712037266
B.1.1.7,2021-01-15,14143,0,8964.14285714286,1.71428571428571,0.000191238107380197,4.6366683156752e-05,0.000715583643261519
B.1.1.7,2021-01-16,6218,0,9005.42857142857,1.42857142857143,0.000158634474443986,1.19822310397993e-05,0.0005189470972774
B.1.1.7,2021-01-17,5142,6,9106.85714285714,1.14285714285714,0.000125494133149275,1.18480250579288e-05,0.000513136130577796
B.1.1.7,2021-01-18,13792,1,9174.28571428571,1.28571428571429,0.000140143257552164,1.17614941395769e-05,0.000509389422531981
B.1.1.7,2021-01-19,10098,0,9321.28571428571,1.14285714285714,0.000122607243022882,1.15760015949505e-05,0.000501357722154983
B.1.1.7,2021-01-20,8369,1,9437.85714285714,1.28571428571429,0.000136229470975554,1.14324944618627e-05,0.000495143918122887
B.1.1.7,2021-01-21,7817,0,9368.42857142857,1.14285714285714,0.000121990271275866,1.15179226602681e-05,0.000498842931009991
B.1.1.7,2021-01-22,7708,0,8449.14285714286,1.14285714285714,0.000135263086703639,1.27707592750839e-05,0.000553088808224689
B.1.1.7,2021-01-23,4791,0,8245.28571428571,1.14285714285714,0.000138607342723981,1.30867443382757e-05,0.000566770015905549
B.1.1.7,2021-01-24,4228,0,8114.71428571429,0.285714285714286,3.52094079538053e-05,6.05076298938046e-08,0.000309485766316852
B.1.1.7,2021-01-25,13840,0,8121.57142857143,0.142857142857143,1.75898401083534e-05,6.04554825959441e-08,0.000309219083392452
B.1.1.7,2021-01-26,9946,0,8099.85714285714,0.142857142857143,1.76369953614702e-05,6.06196775982387e-08,0.000310058781559613
B.1.1.7,2021-01-27,10235,3,8366.42857142857,0.428571428571429,5.1225134465978e-05,5.86923106479248e-08,0.000300202124782719
B.1.1.7,2021-01-28,9612,1,8622.85714285714,0.571428571428571,6.62690523525514e-05,1.25130574730094e-05,0.000541930955887393
B.1.1.7,2021-01-29,9334,0,8855.14285714286,0.571428571428571,6.45307004807537e-05,1.21852095212204e-05,0.000527735772426263
B.1.1.7,2021-01-30,6295,0,9070,0.571428571428571,6.30020475665459e-05,1.18963587295548e-05,0.000515228927513989
B.1.1.7,2021-01-31,5178,1,9205.71428571429,0.714285714285714,7.75915580384854e-05,1.17206103867024e-05,0.000507619189400232
B.1.1.7,2021-02-01,12817,0,9059.57142857143,0.714285714285714,7.88432123878455e-05,1.19094896524488e-05,0.000515797481867253
B.1.1.7,2021-02-02,10073,0,9077.71428571429,0.714285714285714,7.86856351504469e-05,1.1885874820815e-05,0.000514774985692301
B.1.1.7,2021-02-03,9108,0,8916.71428571429,0.285714285714286,3.20425525097329e-05,5.50656923245893e-08,0.000281655142959749
B.1.1.7,2021-02-04,8396,0,8743,0.142857142857143,1.63396022940802e-05,5.61615583009275e-08,0.000287259575531715
B.1.1.7,2021-02-05,7594,1,8494.42857142857,0.285714285714286,3.36354921713392e-05,5.78078752333368e-08,0.000295679042642137
B.1.1.7,2021-02-06,5380,0,8363.71428571429,0.285714285714286,3.41611724114372e-05,5.87063447368336e-08,0.000300273896201207
B.1.1.7,2021-02-07,4893,0,8323,0.142857142857143,1.7164140677297e-05,5.89955298568299e-08,0.000301752810334979
B.1.1.7,2021-02-08,14208,0,8521.71428571429,0.142857142857143,1.67638972708375e-05,5.76179464617382e-08,0.000294707727191813
B.1.1.7,2021-02-09,11111,0,8670,0.142857142857143,1.64771791069369e-05,5.66344159029243e-08,0.000289677834684773
B.1.1.7,2021-02-10,11019,0,8943,0.142857142857143,1.59741857158831e-05,5.49056042176019e-08,0.000280836424337826
B.1.1.7,2021-02-11,9972,0,9168.14285714286,0.142857142857143,1.55819062904156e-05,5.35581539835482e-08,0.000273945301223339
B.1.1.7,2021-02-12,9522,0,9443.57142857143,0,0,5.19929635119573e-08,0.000265940552477159
B.1.1.7,2021-02-13,5954,0,9525.57142857143,0,0,5.15454187924724e-08,0.000263651692718434
B.1.1.7,2021-02-14,5466,0,9607.42857142857,0,0,5.11108325352194e-08,0.00026142910089369
B.1.1.7,2021-02-15,21680,0,10674.8571428571,0,0,4.59974752021898e-08,0.000235277635485537
B.1.1.7,2021-02-16,11634,0,10749.5714285714,0,0,4.56765700551842e-08,0.000233636393549491
B.1.1.7,2021-02-17,10121,0,10621.2857142857,0,0,4.62313331378554e-08,0.000236473680205691
B.1.1.7,2021-02-18,9429,0,10543.7142857143,0,0,4.65689401362224e-08,0.000238200337343177
B.1.1.7,2021-02-19,9446,0,10532.8571428571,0,0,4.66175726394877e-08,0.000238449063168772
B.1.1.7,2021-02-20,6362,0,10591.1428571429,0,0,4.63622846278506e-08,0.000237143418824794
B.1.1.7,2021-02-21,6052,0,10674.8571428571,0,0,4.59974752021898e-08,0.000235277635485537
B.1.1.7,2021-02-22,15964,0,9858.28571428571,0,0,4.98095043463432e-08,0.000254773726506956
B.1.1.7,2021-02-23,11028,0,9771.71428571429,0,0,5.02478493780883e-08,0.000257015556643305
B.1.1.7,2021-02-24,11531,0,9973.14285714286,0,0,4.92351586851516e-08,0.000251836340107904
B.1.1.7,2021-02-25,11980,0,10337.5714285714,0,0,4.74968729492392e-08,0.000242946141359388
B.1.1.7,2021-02-26,10284,0,10457.2857142857,0,0,4.69563744687816e-08,0.000240181827739113
B.1.1.7,2021-02-27,6480,0,10474.1428571429,0,0,4.68801629655174e-08,0.000239792052672814
B.1.1.7,2021-02-28,6084,1,10478.7142857143,0.142857142857143,1.36330793036223e-05,4.68577948774126e-08,0.000239677653590056
B.1.1.7,2021-03-01,16333,0,10531.4285714286,0.142857142857143,1.35648399348888e-05,4.66264258281156e-08,0.000238494341863366
B.1.1.7,2021-03-02,13539,0,10890.1428571429,0.142857142857143,1.31180228515958e-05,4.50893732849835e-08,0.000230633218885299
B.1.1.7,2021-03-03,12940,0,11091.4285714286,0.142857142857143,1.28799587841319e-05,4.42722459221575e-08,0.000226454066165671
B.1.1.7,2021-03-04,11041,0,10957.2857142857,0.142857142857143,1.30376396657149e-05,4.4813666519101e-08,0.000229223133830681
B.1.1.7,2021-03-05,11044,0,11065.8571428571,0.142857142857143,1.29097223118731e-05,4.4372262292462e-08,0.000226965595283451
B.1.1.7,2021-03-06,7019,0,11142.8571428571,0.142857142857143,1.28205128205128e-05,4.40656493971042e-08,0.00022539743688463
B.1.1.7,2021-03-07,6121,0,11148.1428571429,0,0,4.40458859159191e-08,0.000225296357322166
B.1.1.7,2021-03-08,18598,0,11471.7142857143,0,0,4.28019392863827e-08,0.00021893422012792
B.1.1.7,2021-03-09,14368,0,11590.1428571429,0,0,4.23661739881207e-08,0.00021670549870164
B.1.1.7,2021-03-10,14354,0,11792.1428571429,0,0,4.16404459078175e-08,0.00021299375170608
B.1.1.7,2021-03-11,13263,0,12109.5714285714,0,0,4.05470199628259e-08,0.000207401382548224
B.1.1.7,2021-03-12,13103,0,12403.7142857143,0,0,3.95859926044528e-08,0.000202486145222583
B.1.1.7,2021-03-13,8736,0,12649,0,0,3.88192619293116e-08,0.000198564633678837
B.1.1.7,2021-03-14,7666,0,12869.7142857143,0,0,3.81526815050494e-08,0.00019515533690918
B.1.1.7,2021-03-15,29337,0,14403.8571428571,0,0,3.40895603848677e-08,0.000174373818678407
B.1.1.7,2021-03-16,16789,0,14749.7142857143,0,0,3.32899137524604e-08,0.000170283840272453
B.1.1.7,2021-03-17,13898,0,14684.5714285714,0,0,3.34372619021876e-08,0.000171037487840139
B.1.1.7,2021-03-18,14768,0,14899.5714285714,0,0,3.29547860254127e-08,0.000168569746676392
B.1.1.7,2021-03-19,12322,0,14788,0,0,3.32043717387068e-08,0.000169846314778289
B.1.1.7,2021-03-20,9473,1,14893.2857142857,0.142857142857143,9.59205010886977e-06,3.29702751534342e-08,0.000168648969730837
B.1.1.7,2021-03-21,9061,1,15092.5714285714,0.285714285714286,1.8930789035287e-05,3.25333874794012e-08,0.000166414395518286
B.1.1.7,2021-03-22,22329,0,14091.4285714286,0.285714285714286,2.02757502027575e-05,3.48467701558403e-08,0.000178246728510689
B.1.1.7,2021-03-23,15632,0,13926.1428571429,0.285714285714286,2.05163977308864e-05,3.52596391604714e-08,0.000180358428198937
B.1.1.7,2021-03-24,15117,0,14100.2857142857,0.285714285714286,2.02630139206906e-05,3.48245279306009e-08,0.000178132966155137
B.1.1.7,2021-03-25,15373,0,14186.7142857143,0.285714285714286,2.01395672007009e-05,3.46109746448529e-08,0.000177040704008943
B.1.1.7,2021-03-26,14023,0,14429.7142857143,0.285714285714286,1.98004118485664e-05,3.40281388161e-08,0.000174059664408232
B.1.1.7,2021-03-27,9587,0,14446,0.142857142857143,9.88904491604201e-06,3.39904508207975e-08,0.000173866900714194
B.1.1.7,2021-03-28,7980,0,14291.5714285714,0,0,3.43567003154901e-08,0.000175740164180708
B.1.1.7,2021-03-29,21844,0,14222.2857142857,0,0,3.45257993653063e-08,0.000176605057228984
B.1.1.7,2021-03-30,17466,0,14484.2857142857,0,0,3.39012755372754e-08,0.000173410793608823
B.1.1.7,2021-03-31,15787,0,14580,0,0,3.36780610935455e-08,0.000172269112075708
B.1.1.7,2021-04-01,15480,0,14595.2857142857,0,0,3.36434490838343e-08,0.000172092080898113
B.1.1.7,2021-04-02,12109,0,14321.8571428571,0,0,3.42847352949624e-08,0.000175372083566708
B.1.1.7,2021-04-03,9695,0,14337.2857142857,0,0,3.42488657257245e-08,0.000175188620849132
B.1.1.7,2021-04-04,8317,0,14385.4285714286,0,0,3.41345857837585e-08,0.000174604111048033
B.1.1.7,2021-04-05,18512,0,13909.4285714286,0,0,3.53027337811488e-08,0.000180578843852288
B.1.1.7,2021-04-06,16348,0,13749.7142857143,0,0,3.57109543278859e-08,0.000182666763244093
B.1.1.7,2021-04-07,16278,0,13819.8571428571,0,0,3.5530077227498e-08,0.000181741634435366
B.1.1.7,2021-04-08,15714,0,13853.2857142857,0,0,3.54454405877391e-08,0.000181308744665765
B.1.1.7,2021-04-09,15350,0,14316.2857142857,0,0,3.42991041733829e-08,0.000175445576286513
B.1.1.7,2021-04-10,11094,0,14516.1428571429,0,0,3.38265426813514e-08,0.000173028555409471
B.1.1.7,2021-04-11,8477,0,14539,0,0,3.37730316374787e-08,0.000172754860891361
B.1.1.7,2021-04-12,22453,0,15102,0,0,3.25139996068224e-08,0.000166315231156075
B.1.1.7,2021-04-13,17770,0,15305.1428571429,0,0,3.20827526913602e-08,0.000164109502966076
B.1.1.7,2021-04-14,16075,0,15276.1428571429,0,0,3.21436576781749e-08,0.000164421018181782
B.1.1.7,2021-04-15,24287,0,16500.8571428571,0,0,2.97574154225978e-08,0.000152215856934193
B.1.1.7,2021-04-16,14834,1,16427.1428571429,0.142857142857143,8.69640838333768e-06,2.98914639513633e-08,0.000152901492828032
B.1.1.7,2021-04-17,9960,0,16265.1428571429,0.142857142857143,8.78302417088252e-06,3.01891794554056e-08,0.000154424256336878
B.1.1.7,2021-04-18,7453,0,16118.8571428571,0.142857142857143,8.86273397617697e-06,3.04626177438149e-08,0.000155822844033874
B.1.1.7,2021-04-19,20876,0,15893.5714285714,0.142857142857143,8.98836007370455e-06,3.08938484644281e-08,0.00015802850768526
B.1.1.7,2021-04-20,16253,0,15676.8571428571,0.142857142857143,9.11261367985566e-06,3.1321472250658e-08,0.000160215717746522
B.1.1.7,2021-04-21,15210,0,15553.2857142857,0.142857142857143,9.18501373159553e-06,3.15711861372678e-08,0.000161492952068652
B.1.1.7,2021-04-22,14939,0,14217.8571428571,0.142857142857143,1.00477267018337e-05,3.45355124613134e-08,0.000176654736887024
B.1.1.7,2021-04-23,14173,0,14123.4285714286,0,0,3.47678154812393e-08,0.000177842898790583
B.1.1.7,2021-04-24,9151,0,14007.8571428571,0,0,3.50532400489316e-08,0.00017930275992231
B.1.1.7,2021-04-25,7345,0,13992.4285714286,0,0,3.50933230823227e-08,0.000179507772458307
B.1.1.7,2021-04-26,21833,0,14129.1428571429,0,0,3.47530512940403e-08,0.000177767384340729
B.1.1.7,2021-04-27,16866,0,14216.7142857143,0,0,3.45379415866887e-08,0.00017666716117143
B.1.1.7,2021-04-28,15029,0,14190.8571428571,0,0,3.46012190607341e-08,0.000176990807057648
B.1.1.7,2021-04-29,14942,0,14191.2857142857,0,0,3.46012190607341e-08,0.000176990807057648
B.1.1.7,2021-04-30,14926,0,14298.8571428571,0,0,3.43398814674409e-08,0.000175654140572171
B.1.1.7,2021-05-01,9197,0,14305.4285714286,0,0,3.43254784152987e-08,0.000175580473049148
B.1.1.7,2021-05-02,7350,0,14306.1428571429,0,0,3.43230790800385e-08,0.000175568201136566
B.1.1.7,2021-05-03,21207,0,14216.7142857143,0,0,3.45379415866887e-08,0.00017666716117143
B.1.1.7,2021-05-04,14477,0,13875.4285714286,0,0,3.53892398196459e-08,0.000181021295336648
B.1.1.7,2021-05-05,14474,0,13796.1428571429,0,0,3.55918854593512e-08,0.00018205776397534
B.1.1.7,2021-05-06,13440,0,13581.5714285714,0,0,3.61526661367569e-08,0.000184925974973943
B.1.1.7,2021-05-07,12845,0,13284.2857142857,0,0,3.69636636956534e-08,0.000189073949486338
B.1.1.7,2021-05-08,8175,0,13138.2857142857,0,0,3.73744257675747e-08,0.000191174850120946
B.1.1.7,2021-05-09,6310,0,12989.7142857143,0,0,3.78002385799558e-08,0.000193352725241344
B.1.1.7,2021-05-10,19713,0,12776.2857142857,0,0,3.84333860897526e-08,0.000196591031919559
B.1.1.7,2021-05-11,13569,0,12646.5714285714,0,0,3.88254006971789e-08,0.000198596031004094
B.1.1.7,2021-05-12,11923,0,12282.1428571429,0,0,3.99792015854729e-08,0.000204497241205147
B.1.1.7,2021-05-13,10132,0,11809.5714285714,0,0,4.15769817135508e-08,0.000212669162486441
B.1.1.7,2021-05-14,10385,0,11458.1428571429,0,0,4.28542358531255e-08,0.000219201690563491
B.1.1.7,2021-05-15,13631,0,12237.5714285714,0,0,4.01229382174215e-08,0.00020523239167275
B.1.1.7,2021-05-16,5550,0,12129,0,0,4.04835046306191e-08,0.000207076529960698
B.1.1.7,2021-05-17,18843,0,12004.7142857143,0,0,4.09016512325217e-08,0.000209215161261102
B.1.1.7,2021-05-18,12480,0,11849.1428571429,0,0,4.14401374183509e-08,0.000211969268551637
B.1.1.7,2021-05-19,11122,0,11734.7142857143,0,0,4.18427002581704e-08,0.000214028185955127
B.1.1.7,2021-05-20,9918,0,11704.1428571429,0,0,4.19535252722496e-08,0.000214595002436967
B.1.1.7,2021-05-21,9333,0,11553.8571428571,0,0,4.24981758266443e-08,0.000217380622568216
B.1.1.7,2021-05-22,5769,0,10430.7142857143,0,0,4.70734137212277e-08,0.000240780411384362
B.1.1.7,2021-05-23,4452,0,10273.8571428571,0,0,4.77927388072942e-08,0.00024445930800193
B.1.1.7,2021-05-24,14656,0,9675.71428571429,0,0,5.07463682678022e-08,0.000259565128113314
B.1.1.7,2021-05-25,11176,0,9489.42857142857,0,0,5.1746402055889e-08,0.000264679573901929
B.1.1.7,2021-05-26,10089,0,9341.85714285714,0,0,5.25606299874787e-08,0.000268843738504186
B.1.1.7,2021-05-27,9083,0,9222.57142857143,0,0,5.32387764999129e-08,0.000272311935554844
B.1.1.7,2021-05-28,8409,0,9090.57142857143,0,0,5.40117745249992e-08,0.000276265210382207
B.1.1.7,2021-05-29,5939,0,9114.85714285714,0,0,5.38695642110539e-08,0.000275537918044282
B.1.1.7,2021-05-30,5228,0,9225.71428571429,0,0,5.32214654190442e-08,0.000272223402882415
B.1.1.7,2021-05-31,12325,0,8892.71428571429,0,0,5.52142967803746e-08,0.000282415131580837
B.1.1.7,2021-06-01,11368,0,8920.14285714286,0,0,5.50471729917301e-08,0.000281560431885923
B.1.1.7,2021-06-02,9952,0,8900.57142857143,0,0,5.5164672921666e-08,0.000282161346746027
B.1.1.7,2021-06-03,9689,0,8987.14285714286,0,0,5.46367960128515e-08,0.000279461690593957
B.1.1.7,2021-06-04,9464,0,9137.85714285714,0,0,5.37339802701661e-08,0.000274844513823437
B.1.1.7,2021-06-05,7300,0,9332.28571428571,0,0,5.26169514845394e-08,0.000269131780034453
B.1.1.7,2021-06-06,6150,0,9464,0,0,5.18830911780374e-08,0.000265378637350934
B.1.1.7,2021-06-07,14597,0,9788.57142857143,0,0,5.01605890254992e-08,0.000256569280993326
B.1.1.7,2021-06-08,11000,0,9736,0,0,5.04336419101196e-08,0.000257965754767944
B.1.1.7,2021-06-09,9254,0,9636.28571428571,0,0,5.095701605047e-08,0.000260642440542744
B.1.1.7,2021-06-10,7865,0,9375.71428571429,0,0,5.23700355209145e-08,0.000267868992445423
B.1.1.7,2021-06-11,7418,0,9083.42857142857,0,0,5.40593449620729e-08,0.000276508495120815
B.1.1.7,2021-06-12,4526,0,8687.14285714286,0,0,5.65235885366699e-08,0.000289111048734339
B.1.1.7,2021-06-13,3712,0,8338.85714285714,0,0,5.88823388097638e-08,0.00030117394318878
B.1.1.7,2021-06-14,9938,0,7673.28571428572,0,0,6.399303328107e-08,0.000327310067510345
B.1.1.7,2021-06-15,16105,0,8402.57142857143,0,0,5.84338849880715e-08,0.000298880514867235
B.1.1.7,2021-06-16,9250,0,8402,0,0,5.84408395410221e-08,0.000298916081034781
B.1.1.7,2021-06-17,8220,0,8452.71428571429,0,0,5.80882552989903e-08,0.000297112933706173
B.1.1.7,2021-06-18,9144,0,8699.28571428572,0,0,5.6445618245074e-08,0.000288712298072617
B.1.1.7,2021-06-19,5215,0,8797.71428571429,0,0,5.58104787521442e-08,0.000285464102418095
B.1.1.7,2021-06-20,5017,0,8984.14285714286,0,0,5.46550402077428e-08,0.000279554994748421
B.1.1.7,2021-06-21,10979,0,9132.85714285714,0,0,5.37633969512458e-08,0.000274994956829861
B.1.1.7,2021-06-22,11879,0,8529.14285714286,0,0,5.75706591129916e-08,0.000294465894637385
B.1.1.7,2021-06-23,10671,0,8732.14285714286,0,0,5.62323049165196e-08,0.000287621383868621
B.1.1.7,2021-06-24,9369,0,8896.28571428571,0,0,5.51956773740586e-08,0.000282319908787239
B.1.1.7,2021-06-25,8378,0,8786.85714285714,0,0,5.58803430718313e-08,0.000285821399220594
B.1.1.7,2021-06-26,8289,0,9226,0,0,5.32214654190442e-08,0.000272223402882415
B.1.1.7,2021-06-27,7127,0,9527.42857142857,0,0,5.15400084780789e-08,0.000263624022935892
B.1.1.7,2021-06-28,13336,0,9864.14285714286,0,0,4.97792073603244e-08,0.000254618778314614
B.1.1.7,2021-06-29,14737,0,10272.4285714286,0,0,4.78020440214745e-08,0.000244506898240349
B.1.1.7,2021-06-30,12306,0,10506,0,0,4.67373750833448e-08,0.000239061779892954
B.1.1.7,2021-07-01,12289,0,10923.1428571429,0,0,4.49531547329682e-08,0.000229936537849801
B.1.1.7,2021-07-02,10936,0,11288.5714285714,0,0,4.3495763473715e-08,0.00022248277340014
B.1.1.7,2021-07-03,7877,0,11229.7142857143,0,0,4.37242757500849e-08,0.000223651493208071
B.1.1.7,2021-07-04,8367,0,11406.8571428571,0,0,4.30458303190205e-08,0.000220181598550687
B.1.1.7,2021-07-05,15174,0,11669.4285714286,0,0,4.2079357984371e-08,0.000215238575647697
B.1.1.7,2021-07-06,14604,0,11650.4285714286,0,0,4.21479837906766e-08,0.000215589563142083
B.1.1.7,2021-07-07,16524,0,12253,0,0,4.00738211200596e-08,0.000204981179110851
B.1.1.7,2021-07-08,13814,0,12470.8571428571,0,0,3.93733225484682e-08,0.000201398427031104
B.1.1.7,2021-07-09,13848,0,12886.8571428571,0,0,3.81023530325567e-08,0.000194897926106096
B.1.1.7,2021-07-10,9622,1,13136.1428571429,0.142857142857143,1.0875120985721e-05,3.73801160379588e-08,0.000191203953797851
B.1.1.7,2021-07-11,8943,0,13218.4285714286,0.142857142857143,1.0807422537799e-05,3.71482268360874e-08,0.000190017924293576
B.1.1.7,2021-07-12,17695,0,13578.5714285714,0.142857142857143,1.05207785376118e-05,3.61606531761556e-08,0.00018496682602292
B.1.1.7,2021-07-13,17285,0,13961.5714285714,0.142857142857143,1.02321678894107e-05,3.51687263792936e-08,0.000179893437286525
B.1.1.7,2021-07-14,16332,0,13934.1428571429,0.142857142857143,1.02523093326772e-05,3.52393957253969e-08,0.000180254889264636
B.1.1.7,2021-07-15,22969,0,15242,0.142857142857143,9.37259827169288e-06,3.22153586666353e-08,0.000164787752354143
B.1.1.7,2021-07-16,17061,0,15701,0.142857142857143,9.09860154494254e-06,3.12735961055262e-08,0.000159970841087154
B.1.1.7,2021-07-17,11817,0,16014.5714285714,0,0,3.06604362084692e-08,0.000156834648715681
B.1.1.7,2021-07-18,10915,0,16296.2857142857,0,0,3.0131751238627e-08,0.000154130521092435
B.1.1.7,2021-07-19,23789,0,17166.8571428571,0,0,2.86029825102336e-08,0.00014631110549973
B.1.1.7,2021-07-20,25921,0,18400.5714285714,0,0,2.66848476045409e-08,0.000136500055646071
B.1.1.7,2021-07-21,21406,0,19125.4285714286,0,0,2.56746736501098e-08,0.000131333087874109
B.1.1.7,2021-07-22,21865,0,18967.7142857143,0,0,2.5887182643946e-08,0.000132420058443996
B.1.1.7,2021-07-23,20720,0,19490.4285714286,0,0,2.51938560226924e-08,0.00012887373060394
B.1.1.7,2021-07-24,16859,0,20210.7142857143,0,0,2.42951105226894e-08,0.000124276677690271
B.1.1.7,2021-07-25,15275,0,20833.5714285714,0,0,2.35686215128259e-08,0.000120560695457571
B.1.1.7,2021-07-26,27524,0,21367.1428571429,0,0,2.29807089304356e-08,0.000117553519823203
B.1.1.7,2021-07-27,26658,0,21472.4285714286,0,0,2.2868332517984e-08,0.000116978712916947
B.1.1.7,2021-07-28,25718,0,22088.4285714286,0,0,2.22305774836301e-08,0.000113716580794231
B.1.1.7,2021-07-29,27012,0,22823.7142857143,0,0,2.15137212951674e-08,0.000110049831703874
B.1.1.7,2021-07-30,25028,1,23439.1428571429,0.142857142857143,6.09481087801845e-06,2.09492434035345e-08,0.000107162494439901
B.1.1.7,2021-07-31,18070,0,23612.1428571429,0.142857142857143,6.05015579151163e-06,2.07957544703717e-08,0.000106377388173728
B.1.1.7,2021-08-01,16137,0,23735.2857142857,0.142857142857143,6.01876651399062e-06,2.06879874226034e-08,0.000105826152086587
B.1.1.7,2021-08-02,28844,0,23923.8571428571,0.142857142857143,5.97132569401733e-06,2.05245536839773e-08,0.00010499017634204
B.1.1.7,2021-08-03,30866,0,24525,0.142857142857143,5.82495995340032e-06,2.00215921811421e-08,0.000102417486372905
B.1.1.7,2021-08-04,29396,0,25050.4285714286,0.142857142857143,5.70278238752687e-06,1.96019821658918e-08,0.00010027114114697
B.1.1.7,2021-08-05,29232,0,25367.5714285714,0.142857142857143,5.63148676882184e-06,1.93562643784725e-08,9.90142691026903e-05
B.1.1.7,2021-08-06,27294,0,25691.2857142857,0,0,1.91129101899477e-08,9.77694855489048e-05
B.1.1.7,2021-08-07,22263,0,26290.2857142857,0,0,1.86774395077433e-08,9.55420010602672e-05
B.1.1.7,2021-08-08,17810,0,26529.2857142857,0,0,1.85091758737272e-08,9.46813111726555e-05
B.1.1.7,2021-08-09,28254,0,26445,0,0,1.85679679316853e-08,9.49820401313088e-05
B.1.1.7,2021-08-10,32312,0,26651.5714285714,0,0,1.84237561195218e-08,9.42443779887327e-05
B.1.1.7,2021-08-11,25072,0,26033.8571428571,0,0,1.88610985138337e-08,9.64814393890509e-05
B.1.1.7,2021-08-12,27438,0,25777.5714285714,0,0,1.90484052994248e-08,9.74395356569837e-05
B.1.1.7,2021-08-13,24301,0,25350,0,0,1.93700083351641e-08,9.90845709166595e-05
B.1.1.7,2021-08-14,19694,0,24983,0,0,1.96545506991872e-08,0.000100540034453756
B.1.1.7,2021-08-15,33159,0,27175.7142857143,0,0,1.80685177002665e-08,9.24272850568965e-05
B.1.1.7,2021-08-16,33635,0,27944.4285714286,0,0,1.75719353449573e-08,8.98871931052651e-05
B.1.1.7,2021-08-17,35460,0,28394.1428571429,0,0,1.72934504113954e-08,8.84626987895893e-05
B.1.1.7,2021-08-18,36370,0,30008.1428571429,0,0,1.63633185697681e-08,8.37049131835983e-05
B.1.1.7,2021-08-19,33877,0,30928,0,0,1.58765709234527e-08,8.12151055492758e-05
B.1.1.7,2021-08-20,28960,0,31593.5714285714,0,0,1.55418962215738e-08,7.95031766364647e-05
B.1.1.7,2021-08-21,20347,0,31686.8571428571,0,0,1.54962817764909e-08,7.92698492767999e-05
B.1.1.7,2021-08-22,14884,0,29076.1428571429,0,0,1.68878226865362e-08,8.63878454478195e-05
B.1.1.7,2021-08-23,31978,0,28839.4285714286,0,0,1.70266062551338e-08,8.7097746975961e-05
B.1.1.7,2021-08-24,33981,0,28628.1428571429,0,0,1.71520981675976e-08,8.77396590174635e-05
B.1.1.7,2021-08-25,28579,0,27515.1428571429,0,0,1.78459056048479e-08,9.1288592171729e-05
B.1.1.7,2021-08-26,28391,0,26731.4285714286,0,0,1.83693076090557e-08,9.39658666574825e-05
B.1.1.7,2021-08-27,27220,0,26482.8571428571,0,0,1.85413253282291e-08,9.48457597884098e-05
B.1.1.7,2021-08-28,18297,0,26190,0,0,1.87487539819263e-08,9.5906783448919e-05
B.1.1.7,2021-08-29,14614,0,26151.4285714286,0,0,1.8776714455241e-08,9.60498047186092e-05
B.1.1.7,2021-08-30,32268,0,26192.8571428571,0,0,1.87466066250654e-08,9.58957994527396e-05
B.1.1.7,2021-08-31,35924,0,26470.4285714286,0,0,1.85504312961686e-08,9.48923379790701e-05
B.1.1.7,2021-09-01,29364,0,26582.5714285714,0,0,1.84715771787015e-08,9.44889889687294e-05
B.1.1.7,2021-09-02,28801,0,26641.1428571429,0,0,1.84313631704244e-08,9.4283289048145e-05
B.1.1.7,2021-09-03,26209,0,26496.7142857143,0,0,1.85315288946472e-08,9.47956497693844e-05
B.1.1.7,2021-09-04,17176,0,26336.5714285714,0,0,1.86441087819273e-08,9.53715102191569e-05
B.1.1.7,2021-09-05,14248,0,26284.2857142857,0,0,1.86817030740123e-08,9.55638097331315e-05
B.1.1.7,2021-09-06,23551,0,25039,0,0,1.96105935171389e-08,0.000100315189081657
B.1.1.7,2021-09-07,33742,0,24727.2857142857,0,0,1.98580332911389e-08,0.000101580867604199
B.1.1.7,2021-09-08,29604,0,24761.5714285714,0,0,1.98299651165608e-08,0.000101437296238935
B.1.1.7,2021-09-09,28961,0,24784.4285714286,0,0,1.98123628407242e-08,0.000101347258918866
B.1.1.7,2021-09-10,27098,0,24911.4285714286,0,0,1.97113574663305e-08,0.000100830606687809
B.1.1.7,2021-09-11,16546,0,24821.4285714286,0,0,1.97828293778475e-08,0.000101196192441736
B.1.1.7,2021-09-12,15034,3,24933.7142857143,0.428571428571429,1.71884310400147e-05,1.96931752006677e-08,0.000100737602599439
B.1.1.7,2021-09-13,30747,0,25961.7142857143,0.428571428571429,1.6507824708912e-05,1.89134051894964e-08,9.67489943066305e-05
B.1.1.7,2021-09-14,26822,0,24973.1428571429,0.428571428571429,1.71612932750612e-05,1.96624209399001e-08,0.000100580291520549
B.1.1.7,2021-09-15,33338,0,25506.5714285714,0.428571428571429,1.68023926607149e-05,1.92507837506566e-08,9.84747242396823e-05
B.1.1.7,2021-09-16,23512,0,24728.1428571429,0.428571428571429,1.73313228998769e-05,1.98572302403229e-08,0.000101576759925669
B.1.1.7,2021-09-17,23351,0,24192.8571428571,0.428571428571429,1.77147918511957e-05,2.02963452013597e-08,0.000103822871772043
B.1.1.7,2021-09-18,14432,0,23890.8571428571,0.428571428571429,1.79387213279437e-05,2.05529034076203e-08,0.00010513518732386
B.1.1.7,2021-09-19,13722,0,23703.4285714286,0,0,2.07159167403376e-08,0.000105969012555939
B.1.1.7,2021-09-20,27069,0,23178,0,0,2.11851435449144e-08,0.00010836913840521
B.1.1.7,2021-09-21,26467,0,23127.2857142857,0,0,2.12318608292058e-08,0.00010860810005936
B.1.1.7,2021-09-22,19463,0,21145.1428571429,0,0,2.32219790662223e-08,0.000118787618797059
B.1.1.7,2021-09-23,21004,0,20786.8571428571,0,0,2.36219101963474e-08,0.00012083326688189
B.1.1.7,2021-09-24,22421,0,20654,0,0,2.37740200073573e-08,0.000121611307585873
B.1.1.7,2021-09-25,12267,0,20344.7142857143,0,0,2.41350955432747e-08,0.000123458204248578
B.1.1.7,2021-09-26,12235,0,20132.2857142857,0,0,2.43904458061697e-08,0.000124764315435897
B.1.1.7,2021-09-27,27043,0,20128.5714285714,0,0,2.43940808801934e-08,0.000124782908757223
B.1.1.7,2021-09-28,24626,0,19865.5714285714,0,0,2.47170227136467e-08,0.000126434746936672
B.1.1.7,2021-09-29,24529,0,20589.2857142857,0,0,2.38490742837321e-08,0.000121995209516245
B.1.1.7,2021-09-30,21710,3,20690.1428571429,0.428571428571429,2.07137974604884e-05,2.37326544017125e-08,0.000121399722839231
B.1.1.7,2021-10-01,19285,3,20242.1428571429,0.857142857142857,4.23444722820142e-05,5.33043604211636e-06,0.000230892198787913
B.1.1.7,2021-10-02,13146,0,20367.7142857143,0.857142857142857,4.20834093172668e-05,5.29746071783376e-06,0.000229464005737645
B.1.1.7,2021-10-03,13380,4,20531.2857142857,1.42857142857143,6.95802225175516e-05,5.25540264258376e-06,0.000227642427109487
B.1.1.7,2021-10-04,26467,0,20449,1.42857142857143,6.98602097203496e-05,5.27647688337276e-06,0.000228555174620726
B.1.1.7,2021-10-05,25089,0,20515.1428571429,1.42857142857143,6.96349734690751e-05,5.25950146025649e-06,0.000227819951277741
B.1.1.7,2021-10-06,22382,0,20208.4285714286,1.42857142857143,7.06918612460148e-05,5.33940459821528e-06,0.000231280635249687
B.1.1.7,2021-10-07,23713,2,20494.5714285714,1.28571428571429,6.27343826239701e-05,5.26463398213351e-06,0.000228042246229188
B.1.1.7,2021-10-08,20574,0,20678.7142857143,0.857142857142857,4.14504908428957e-05,5.21778926830093e-06,0.000226013350322352
B.1.1.7,2021-10-09,15293,0,20985.4285714286,0.857142857142857,4.0844667728628e-05,5.14170356757181e-06,0.000222717986635645
B.1.1.7,2021-10-10,13726,0,21034.8571428571,0.285714285714286,1.35828964168319e-05,2.33434141649949e-08,0.00011940875987687
B.1.1.7,2021-10-11,23632,0,20629.8571428571,0.285714285714286,1.38495523132215e-05,2.38016772785782e-08,0.000121752774303188
B.1.1.7,2021-10-12,25079,3,20628.4285714286,0.714285714285714,3.46262785753364e-05,5.23068968434728e-06,0.000226572081883369
B.1.1.7,2021-10-13,20517,0,20362,0.714285714285714,3.50793494885431e-05,5.29902171716371e-06,0.000229531614172385
B.1.1.7,2021-10-14,21405,0,20032.2857142857,0.428571428571429,2.13940353429464e-05,2.45122017016615e-08,0.000125387093672198
B.1.1.7,2021-10-15,25817,0,20781.2857142857,0.428571428571429,2.06229505942847e-05,2.36287303596794e-08,0.000120868151969818
B.1.1.7,2021-10-16,13054,1,20461.4285714286,0.571428571428571,2.79271102422677e-05,5.27338229693594e-06,0.000228421144891633
B.1.1.7,2021-10-17,12443,1,20278.1428571429,0.714285714285714,3.5224414746349e-05,5.32097270487451e-06,0.000230482332742921
B.1.1.7,2021-10-18,26663,0,20711.1428571429,0.714285714285714,3.44879912814358e-05,5.20972732840803e-06,0.000225664178461926
B.1.1.7,2021-10-19,26358,0,20893.8571428571,0.285714285714286,1.36745591663989e-05,2.35009417801828e-08,0.00012021451376026
B.1.1.7,2021-10-20,22356,1,21156.5714285714,0.428571428571429,2.02571305099395e-05,2.32088079899371e-08,0.000118720248661498
B.1.1.7,2021-10-21,22092,0,21254.7142857143,0.428571428571429,2.01635939589873e-05,2.31018008663578e-08,0.000118172906386787
B.1.1.7,2021-10-22,22056,0,20717.4285714286,0.428571428571429,2.06865165285267e-05,2.37017245386037e-08,0.000121241516814564
B.1.1.7,2021-10-23,17407,0,21339.2857142857,0.285714285714286,1.33891213389121e-05,2.3010862748987e-08,0.000117707756959269
B.1.1.7,2021-10-24,14387,1,21617,0.285714285714286,1.32171108717345e-05,2.27149407536509e-08,0.000116194111362701
B.1.1.7,2021-10-25,28031,0,21812.4285714286,0.285714285714286,1.30986920955943e-05,2.2511870761184e-08,0.00011515540389201
B.1.1.7,2021-10-26,26589,1,21845.4285714286,0.428571428571429,1.96183575511058e-05,2.24778637494966e-08,0.000114981457157991
B.1.1.7,2021-10-27,24649,0,22173,0.285714285714286,1.28856846486396e-05,2.21453577237973e-08,0.000113280678890438
B.1.1.7,2021-10-28,24692,1,22544.4285714286,0.428571428571429,1.90100816799843e-05,2.17809221074196e-08,0.000111416576492328
B.1.1.7,2021-10-29,21382,0,22448.1428571429,0.428571428571429,1.90916206876802e-05,2.18740682778436e-08,0.000111893023114813
B.1.1.7,2021-10-30,16114,0,22263.4285714286,0.428571428571429,1.92500192500193e-05,2.2055834306975e-08,0.000112822763450754
B.1.1.7,2021-10-31,16412,0,22552.7142857143,0.285714285714286,1.26687316699289e-05,2.17722303076567e-08,0.000111372117564459
B.1.1.7,2021-11-01,24034,0,21981.7142857143,0.285714285714286,1.29978163668504e-05,2.23377749373753e-08,0.000114264899042965
B.1.1.7,2021-11-02,27709,1,22141.7142857143,0.285714285714286,1.2903891813771e-05,2.21763620719785e-08,0.000113439267195703
B.1.1.7,2021-11-03,29292,1,22805,0.428571428571429,1.87928712375106e-05,2.15316452692492e-08,0.000110141513734953
B.1.1.7,2021-11-04,27344,0,23183.8571428571,0.285714285714286,1.23238460258678e-05,2.1179660906968e-08,0.00010834109438335
B.1.1.7,2021-11-05,25948,1,23836.1428571429,0.428571428571429,1.79798984735066e-05,2.06003273805908e-08,0.000105377764517077
B.1.1.7,2021-11-06,17481,1,24031.4285714286,0.571428571428571,2.37783854476281e-05,4.48997218533524e-06,0.000194490277886761
B.1.1.7,2021-11-07,17210,0,24145.4285714286,0.571428571428571,2.36661184015904e-05,4.46877272434969e-06,0.000193572076388704
B.1.1.7,2021-11-08,33398,1,25483.1428571429,0.714285714285714,2.80297339417654e-05,4.23413536198424e-06,0.000183409292332182
B.1.1.7,2021-11-09,29810,5,25783.2857142857,1.28571428571429,4.98661923837702e-05,4.18486839263145e-06,0.000181275392719615
B.1.1.7,2021-11-10,29582,8,25824.7142857143,2.28571428571429,8.85087927953843e-05,1.60934959432482e-05,0.000248427504510484
B.1.1.7,2021-11-11,25087,10,25502.2857142857,3.71428571428571,0.000145645208272648,5.29468929681959e-05,0.000372922238719431
B.1.1.7,2021-11-12,24734,12,25328.8571428571,5.28571428571429,0.000208683489187939,7.53275596817465e-05,0.000432651389555949
B.1.1.7,2021-11-13,18783,4,25514.8571428571,5.71428571428571,0.000223959149851067,9.81588197612376e-05,0.000484661493518335
B.1.1.7,2021-11-14,14955,7,25192.7142857143,6.71428571428571,0.000266516963521199,0.000124291599806416,0.000545477729824051
B.1.1.7,2021-11-15,45927,55,26982.5714285714,14.4285714285714,0.000534736708351423,0.000297385399871357,0.000847095479412308
B.1.1.7,2021-11-16,30586,56,27093.4285714286,21.7142857142857,0.000801459499931454,0.000523566674905851,0.00120689167379062
B.1.1.7,2021-11-17,28094,60,26880.8571428571,29.1428571428571,0.00108414910238832,0.000737849360184689,0.00152706784789858
B.1.1.7,2021-11-18,26497,38,27082.2857142857,33.1428571428572,0.00122378360129974,0.000854239719372493,0.00168925765605577
B.1.1.7,2021-11-19,23484,45,26903.7142857143,37.8571428571429,0.00140713443709313,0.00101534542031439,0.00191665023706766
B.1.1.7,2021-11-20,19115,33,26951.1428571429,42,0.00155837547307827,0.00113912448021257,0.00208457428715603
B.1.1.7,2021-11-21,17812,31,27359.2857142857,45.4285714285714,0.00166044435161737,0.00121558479907072,0.00217933541918081
B.1.1.7,2021-11-22,34430,125,25716.8571428571,55.4285714285714,0.0021553400215534,0.00162840938598474,0.0027608779111733
B.1.1.7,2021-11-23,28261,143,25384.7142857143,67.8571428571429,0.00267314975829099,0.00209809904224357,0.00337271618018342
B.1.1.7,2021-11-24,26148,218,25106.7142857143,90.4285714285714,0.00360176845123957,0.00290131129378168,0.00438238993767448
B.1.1.7,2021-11-25,18774,149,24003.4285714286,106.285714285714,0.0044279388658763,0.00363578624848117,0.00531589873322225
B.1.1.7,2021-11-26,25292,221,24261.7142857143,131.428571428571,0.00541711809317443,0.00453518254673381,0.00638155348188152
B.1.1.7,2021-11-27,18394,195,24158.7142857143,154.571428571429,0.00639816451916197,0.00546716956607536,0.00748270940557649
B.1.1.7,2021-11-28,19968,193,24466.7142857143,177.714285714286,0.00726351252722358,0.00626761741929009,0.00839912830960499
B.1.1.7,2021-11-29,42992,505,25689.8571428571,232,0.00903080148363167,0.00792851852239164,0.010243583115194
B.1.1.7,2021-11-30,35093,539,26665.8571428571,288.571428571429,0.0108217570890545,0.00964751492203052,0.0121341903486063
B.1.1.7,2021-12-01,31108,644,27374.4285714286,349.428571428571,0.0127647804781313,0.0114712622063452,0.0141304026153589
B.1.1.7,2021-12-02,29958,665,28972.1428571429,423.142857142857,0.0146051625946106,0.0132671718767685,0.0160304028443307
B.1.1.7,2021-12-03,27311,695,29260.5714285714,490.857142857143,0.0167753778854041,0.0153556837096117,0.0182999249104536
B.1.1.7,2021-12-04,22374,595,29829.1428571429,548,0.0183712955690504,0.0168937859097223,0.0199424333335287
B.1.1.7,2021-12-05,20746,682,29940.2857142857,617.857142857143,0.0206363141872871,0.0190767820935897,0.0222984508220793
B.1.1.7,2021-12-06,43429,1711,30002.7142857143,790.142857142857,0.0263357124831563,0.0245643504787403,0.0281884272264881
B.1.1.7,2021-12-07,33823,2137,29821.2857142857,1018.42857142857,0.0341510618014937,0.0321211134438202,0.0362433425363212
B.1.1.7,2021-12-08,30575,2384,29745.1428571429,1267,0.0425951896107888,0.0403448001649394,0.0449349950237024
B.1.1.7,2021-12-09,27464,2641,29388.8571428571,1549.28571428571,0.052716773121008,0.0501960724574483,0.0553056117744666
B.1.1.7,2021-12-10,26505,3404,29273.7142857143,1936.28571428571,0.0661441761502274,0.0633297621077989,0.0690235649162866
B.1.1.7,2021-12-11,19280,2922,28831.7142857143,2268.71428571429,0.078688150944892,0.075631452662972,0.0818476879520473
B.1.1.7,2021-12-12,18206,4332,28468.8571428571,2790.14285714286,0.0980068445720135,0.0945885334088579,0.101495869063545
B.1.1.7,2021-12-13,35619,7706,27353.1428571429,3646.57142857143,0.133314531628645,0.129341311796372,0.137398071916501
B.1.1.7,2021-12-14,36339,10628,27712.5714285714,4859.57142857143,0.17535620760047,0.170925719252663,0.179880005287275
B.1.1.7,2021-12-15,42028,15100,29348.7142857143,6676.14285714286,0.227476501769364,0.222700539873244,0.232292048718603
B.1.1.7,2021-12-16,30003,10580,29711.4285714286,7810.28571428571,0.262871429945187,0.257883581742322,0.267893827357378
B.1.1.7,2021-12-17,27832,10306,29901,8796.28571428571,0.294180318861768,0.289026056630908,0.29935531521671
B.1.1.7,2021-12-18,24683,11934,30672.8571428571,10083.7142857143,0.328750407526431,0.323517423068754,0.334031274460528
B.1.1.7,2021-12-19,18895,9641,30771.2857142857,10842.1428571429,0.352346111170433,0.347021385474033,0.357695870175331
B.1.1.7,2021-12-20,37423,15811,31029,12000,0.386734989848207,0.381327060588006,0.392164048142801
B.1.1.7,2021-12-21,33652,15793,30645.1428571429,12737.8571428571,0.415656640996476,0.410153559526678,0.421188850880471
B.1.1.7,2021-12-22,32829,15532,29331,12799.5714285714,0.436383738316847,0.430729250459984,0.442080000671479
B.1.1.7,2021-12-23,28701,13872,29145,13269.8571428571,0.455304757003162,0.449596988742649,0.461031204109592
B.1.1.7,2021-12-24,14639,7151,27260.2857142857,12819.1428571429,0.470249761557892,0.464327916326825,0.476177300260548
B.1.1.7,2021-12-25,8644,4532,24969,11761.7142857143,0.471052676747739,0.464876370418166,0.477258576425255
B.1.1.7,2021-12-26,19584,10897,25067.4285714286,11941.1428571429,0.476360900884472,0.470183631736229,0.482548518684209
B.1.1.7,2021-12-27,41353,21142,25628.8571428571,12702.7142857143,0.495641074235516,0.489529050437725,0.501770851314254
B.1.1.7,2021-12-28,37844,21307,26227.7142857143,13490.4285714286,0.51435776768304,0.50828589272141,0.520382592126549
B.1.1.7,2021-12-29,40200,22573,27280.7142857143,14496.2857142857,0.531374859267405,0.525434251317682,0.537276737528639
B.1.1.7,2021-12-30,37720,21244,28569.1428571429,15549.4285714286,0.544273541883351,0.538481885471338,0.55003167129449
B.1.1.7,2021-12-31,20267,11477,29373.1428571429,16167.4285714286,0.550415345407856,0.544709828691829,0.556087102168947
B.1.1.7,2022-01-01,13121,8100,30012.7142857143,16677.1428571429,0.5556692639786,0.55003252671893,0.561275167539906
B.1.1.7,2022-01-02,27188,16664,31099,17501,0.562751213865398,0.557232467301824,0.568258280841072
B.1.1.7,2022-01-03,45821,26075,31737.2857142857,18205.7142857143,0.57363803727927,0.568204783126615,0.57908619200495
B.1.1.7,2022-01-04,43709,25162,32575.1428571429,18756.4285714286,0.575789602940016,0.570405457093488,0.581139020781397
B.1.1.7,2022-01-05,33682,19622,31644,18334.8571428571,0.579410224461419,0.573968616502682,0.584846334908485
B.1.1.7,2022-01-06,29453,17547,30463,17806.7142857143,0.584535806903926,0.579003452382723,0.590070855032597
B.1.1.7,2022-01-07,25209,13438,31169,18086.8571428571,0.580283523464248,0.574802078080138,0.585759225378145
B.1.1.7,2022-01-08,17325,9608,31769.5714285714,18302.2857142857,0.576094825686753,0.570637291607521,0.581504969522588
B.1.1.7,2022-01-09,15094,9130,30041.8571428571,17226,0.573399970517326,0.567797672797225,0.578982673210498
B.1.1.7,2022-01-10,35016,19486,28498.2857142857,16284.7142857143,0.571427855309593,0.565691046246065,0.57718166286288
B.1.1.7,2022-01-11,30481,16714,26608.5714285714,15077.8571428571,0.566654139375067,0.560689375922872,0.572596888510152
B.1.1.7,2022-01-12,25154,13315,25390.2857142857,14176.8571428571,0.558357527063219,0.552254958647723,0.564470608249923
B.1.1.7,2022-01-13,22856,12161,24447.8571428571,13407.4285714286,0.548409150670523,0.542144884384918,0.554620491792263
B.1.1.7,2022-01-14,24648,13783,24367.7142857143,13456.7142857143,0.55223539343628,0.54599129686352,0.558477581143567
B.1.1.7,2022-01-15,19950,9874,24742.7142857143,13494.7142857143,0.545401532341411,0.539197460358466,0.551605480875519
B.1.1.7,2022-01-16,15026,8024,24733,13336.7142857143,0.539227521356661,0.533022688286361,0.545446275247796
B.1.1.7,2022-01-17,26368,13520,23497.5714285714,12484.4285714286,0.531307186760942,0.524895285505274,0.537655525158532
B.1.1.7,2022-01-18,26577,13283,22939.8571428571,11994.2857142857,0.522857907945622,0.516376156471088,0.529302474074088
B.1.1.7,2022-01-19,21508,10313,22419,11565.4285714286,0.515876201946053,0.509313678824494,0.522396398168478
B.1.1.7,2022-01-20,17977,9409,21722,11172.2857142857,0.514330435240112,0.507669289618666,0.520961459344552
B.1.1.7,2022-01-21,17835,9020,20748.7142857143,10491.8571428571,0.505663001494069,0.498859668549158,0.512464598745046
B.1.1.7,2022-01-22,12573,6115,19694.8571428571,9954.85714285714,0.505454650960367,0.498475312408697,0.51243955974012
B.1.1.7,2022-01-23,11152,5548,19141.4285714286,9601.14285714286,0.501589670870961,0.494510378679375,0.508676015813274
B.1.1.7,2022-01-24,15978,7523,17657.1428571429,8744.42857142857,0.495234627831715,0.48784103078327,0.502589263131993
B.1.1.7,2022-01-25,12348,5461,15624.4285714286,7627,0.488145852191166,0.480324134299316,0.495998736569881
B.1.1.7,2022-01-26,10064,4494,13989.5714285714,6795.71428571429,0.485770012356143,0.477497247012171,0.494059745860158
B.1.1.7,2022-01-27,7234,3090,12454.8571428571,5893,0.473148742888603,0.464382037631884,0.481917074591356
B.1.1.7,2022-01-28,5707,2636,10722.2857142857,4981,0.464546471967598,0.455129165401776,0.474007667662498
B.1.1.7,2022-01-29,4058,1680,9505.85714285714,4347.42857142857,0.457342089839347,0.447289911362579,0.467316357181419
B.1.1.7,2022-01-30,1113,521,8071.71428571429,3629.28571428571,0.449630101589324,0.43874652890956,0.460447203784656
B.1.1.7,2022-01-31,1213,631,5962.42857142857,2644.71428571429,0.443563265208328,0.431062077216656,0.456278771462755
B.1.1.7,2022-02-01,116,57,4215,1872.71428571429,0.444297576681918,0.429407039653777,0.459400059680801
B.1.1.7,2022-02-02,16,14,2779.57142857143,1232.71428571429,0.443490774528447,0.425124445750119,0.462043439340812
B.1.1.7,2022-02-03,62,30,1755,795.571428571429,0.453317053317053,0.43036220402663,0.476913333427427
