CountryName,CountryCode,RegionName,RegionCode,Date,ConfirmedCases,ConfirmedDeaths,PopulationVaccinated
Mali,MLI,,,20200101,,,
Mali,MLI,,,20200102,,,
Mali,MLI,,,20200103,,,
Mali,MLI,,,20200104,,,
Mali,MLI,,,20200105,,,
Mali,MLI,,,20200106,,,
Mali,MLI,,,20200107,,,
Mali,MLI,,,20200108,,,
Mali,MLI,,,20200109,,,
Mali,MLI,,,20200110,,,
Mali,MLI,,,20200111,,,
Mali,MLI,,,20200112,,,
Mali,MLI,,,20200113,,,
Mali,MLI,,,20200114,,,
Mali,MLI,,,20200115,,,
Mali,MLI,,,20200116,,,
Mali,MLI,,,20200117,,,
Mali,MLI,,,20200118,,,
Mali,MLI,,,20200119,,,
Mali,MLI,,,20200120,,,
Mali,MLI,,,20200121,,,
Mali,MLI,,,20200122,0.0,0.0,0.0
Mali,MLI,,,20200123,0.0,0.0,0.0
Mali,MLI,,,20200124,0.0,0.0,0.0
Mali,MLI,,,20200125,0.0,0.0,0.0
Mali,MLI,,,20200126,0.0,0.0,0.0
Mali,MLI,,,20200127,0.0,0.0,0.0
Mali,MLI,,,20200128,0.0,0.0,0.0
Mali,MLI,,,20200129,0.0,0.0,0.0
Mali,MLI,,,20200130,0.0,0.0,0.0
Mali,MLI,,,20200131,0.0,0.0,0.0
Mali,MLI,,,20200201,0.0,0.0,0.0
Mali,MLI,,,20200202,0.0,0.0,0.0
Mali,MLI,,,20200203,0.0,0.0,0.0
Mali,MLI,,,20200204,0.0,0.0,0.0
Mali,MLI,,,20200205,0.0,0.0,0.0
Mali,MLI,,,20200206,0.0,0.0,0.0
Mali,MLI,,,20200207,0.0,0.0,0.0
Mali,MLI,,,20200208,0.0,0.0,0.0
Mali,MLI,,,20200209,0.0,0.0,0.0
Mali,MLI,,,20200210,0.0,0.0,0.0
Mali,MLI,,,20200211,0.0,0.0,0.0
Mali,MLI,,,20200212,0.0,0.0,0.0
Mali,MLI,,,20200213,0.0,0.0,0.0
Mali,MLI,,,20200214,0.0,0.0,0.0
Mali,MLI,,,20200215,0.0,0.0,0.0
Mali,MLI,,,20200216,0.0,0.0,0.0
Mali,MLI,,,20200217,0.0,0.0,0.0
Mali,MLI,,,20200218,0.0,0.0,0.0
Mali,MLI,,,20200219,0.0,0.0,0.0
Mali,MLI,,,20200220,0.0,0.0,0.0
Mali,MLI,,,20200221,0.0,0.0,0.0
Mali,MLI,,,20200222,0.0,0.0,0.0
Mali,MLI,,,20200223,0.0,0.0,0.0
Mali,MLI,,,20200224,0.0,0.0,0.0
Mali,MLI,,,20200225,0.0,0.0,0.0
Mali,MLI,,,20200226,0.0,0.0,0.0
Mali,MLI,,,20200227,0.0,0.0,0.0
Mali,MLI,,,20200228,0.0,0.0,0.0
Mali,MLI,,,20200229,0.0,0.0,0.0
Mali,MLI,,,20200301,0.0,0.0,0.0
Mali,MLI,,,20200302,0.0,0.0,0.0
Mali,MLI,,,20200303,0.0,0.0,0.0
Mali,MLI,,,20200304,0.0,0.0,0.0
Mali,MLI,,,20200305,0.0,0.0,0.0
Mali,MLI,,,20200306,0.0,0.0,0.0
Mali,MLI,,,20200307,0.0,0.0,0.0
Mali,MLI,,,20200308,0.0,0.0,0.0
Mali,MLI,,,20200309,0.0,0.0,0.0
Mali,MLI,,,20200310,0.0,0.0,0.0
Mali,MLI,,,20200311,0.0,0.0,0.0
Mali,MLI,,,20200312,0.0,0.0,0.0
Mali,MLI,,,20200313,0.0,0.0,0.0
Mali,MLI,,,20200314,0.0,0.0,0.0
Mali,MLI,,,20200315,0.0,0.0,0.0
Mali,MLI,,,20200316,0.0,0.0,0.0
Mali,MLI,,,20200317,0.0,0.0,0.0
Mali,MLI,,,20200318,0.0,0.0,0.0
Mali,MLI,,,20200319,0.0,0.0,0.0
Mali,MLI,,,20200320,0.0,0.0,0.0
Mali,MLI,,,20200321,0.0,0.0,0.0
Mali,MLI,,,20200322,0.0,0.0,0.0
Mali,MLI,,,20200323,0.0,0.0,0.0
Mali,MLI,,,20200324,0.0,0.0,0.0
Mali,MLI,,,20200325,2.0,0.0,0.0
Mali,MLI,,,20200326,4.0,0.0,0.0
Mali,MLI,,,20200327,11.0,0.0,0.0
Mali,MLI,,,20200328,18.0,0.0,0.0
Mali,MLI,,,20200329,18.0,1.0,0.0
Mali,MLI,,,20200330,25.0,2.0,0.0
Mali,MLI,,,20200331,28.0,2.0,0.0
Mali,MLI,,,20200401,31.0,3.0,0.0
Mali,MLI,,,20200402,36.0,3.0,0.0
Mali,MLI,,,20200403,39.0,3.0,0.0
Mali,MLI,,,20200404,41.0,3.0,0.0
Mali,MLI,,,20200405,45.0,5.0,0.0
Mali,MLI,,,20200406,47.0,5.0,0.0
Mali,MLI,,,20200407,56.0,5.0,0.0
Mali,MLI,,,20200408,59.0,7.0,0.0
Mali,MLI,,,20200409,74.0,7.0,0.0
Mali,MLI,,,20200410,87.0,7.0,0.0
Mali,MLI,,,20200411,87.0,7.0,0.0
Mali,MLI,,,20200412,105.0,9.0,0.0
Mali,MLI,,,20200413,123.0,10.0,0.0
Mali,MLI,,,20200414,144.0,13.0,0.0
Mali,MLI,,,20200415,148.0,13.0,0.0
Mali,MLI,,,20200416,171.0,13.0,0.0
Mali,MLI,,,20200417,171.0,13.0,0.0
Mali,MLI,,,20200418,216.0,13.0,0.0
Mali,MLI,,,20200419,224.0,14.0,0.0
Mali,MLI,,,20200420,246.0,14.0,0.0
Mali,MLI,,,20200421,258.0,14.0,0.0
Mali,MLI,,,20200422,293.0,17.0,0.0
Mali,MLI,,,20200423,309.0,21.0,0.0
Mali,MLI,,,20200424,325.0,21.0,0.0
Mali,MLI,,,20200425,370.0,21.0,0.0
Mali,MLI,,,20200426,389.0,23.0,0.0
Mali,MLI,,,20200427,408.0,23.0,0.0
Mali,MLI,,,20200428,424.0,24.0,0.0
Mali,MLI,,,20200429,482.0,25.0,0.0
Mali,MLI,,,20200430,490.0,26.0,0.0
Mali,MLI,,,20200501,508.0,26.0,0.0
Mali,MLI,,,20200502,544.0,26.0,0.0
Mali,MLI,,,20200503,563.0,27.0,0.0
Mali,MLI,,,20200504,580.0,29.0,0.0
Mali,MLI,,,20200505,612.0,32.0,0.0
Mali,MLI,,,20200506,631.0,32.0,0.0
Mali,MLI,,,20200507,650.0,32.0,0.0
Mali,MLI,,,20200508,668.0,35.0,0.0
Mali,MLI,,,20200509,692.0,37.0,0.0
Mali,MLI,,,20200510,704.0,38.0,0.0
Mali,MLI,,,20200511,712.0,39.0,0.0
Mali,MLI,,,20200512,730.0,40.0,0.0
Mali,MLI,,,20200513,758.0,44.0,0.0
Mali,MLI,,,20200514,779.0,46.0,0.0
Mali,MLI,,,20200515,806.0,46.0,0.0
Mali,MLI,,,20200516,835.0,48.0,0.0
Mali,MLI,,,20200517,860.0,52.0,0.0
Mali,MLI,,,20200518,874.0,52.0,0.0
Mali,MLI,,,20200519,901.0,53.0,0.0
Mali,MLI,,,20200520,931.0,55.0,0.0
Mali,MLI,,,20200521,947.0,60.0,0.0
Mali,MLI,,,20200522,969.0,62.0,0.0
Mali,MLI,,,20200523,1015.0,63.0,0.0
Mali,MLI,,,20200524,1030.0,65.0,0.0
Mali,MLI,,,20200525,1059.0,67.0,0.0
Mali,MLI,,,20200526,1077.0,70.0,0.0
Mali,MLI,,,20200527,1116.0,70.0,0.0
Mali,MLI,,,20200528,1194.0,72.0,0.0
Mali,MLI,,,20200529,1226.0,73.0,0.0
Mali,MLI,,,20200530,1250.0,76.0,0.0
Mali,MLI,,,20200531,1265.0,77.0,0.0
Mali,MLI,,,20200601,1315.0,78.0,0.0
Mali,MLI,,,20200602,1351.0,78.0,0.0
Mali,MLI,,,20200603,1386.0,79.0,0.0
Mali,MLI,,,20200604,1461.0,85.0,0.0
Mali,MLI,,,20200605,1485.0,87.0,0.0
Mali,MLI,,,20200606,1523.0,90.0,0.0
Mali,MLI,,,20200607,1533.0,90.0,0.0
Mali,MLI,,,20200608,1547.0,92.0,0.0
Mali,MLI,,,20200609,1586.0,94.0,0.0
Mali,MLI,,,20200610,1667.0,96.0,0.0
Mali,MLI,,,20200611,1722.0,97.0,0.0
Mali,MLI,,,20200612,1752.0,101.0,0.0
Mali,MLI,,,20200613,1776.0,104.0,0.0
Mali,MLI,,,20200614,1809.0,104.0,0.0
Mali,MLI,,,20200615,1860.0,104.0,0.0
Mali,MLI,,,20200616,1885.0,104.0,0.0
Mali,MLI,,,20200617,1890.0,107.0,0.0
Mali,MLI,,,20200618,1906.0,107.0,0.0
Mali,MLI,,,20200619,1923.0,108.0,0.0
Mali,MLI,,,20200620,1933.0,109.0,0.0
Mali,MLI,,,20200621,1933.0,109.0,0.0
Mali,MLI,,,20200622,1961.0,111.0,0.0
Mali,MLI,,,20200623,1978.0,111.0,0.0
Mali,MLI,,,20200624,2005.0,112.0,0.0
Mali,MLI,,,20200625,2039.0,113.0,0.0
Mali,MLI,,,20200626,2060.0,113.0,0.0
Mali,MLI,,,20200627,2118.0,113.0,0.0
Mali,MLI,,,20200628,2147.0,114.0,0.0
Mali,MLI,,,20200629,2173.0,115.0,0.0
Mali,MLI,,,20200630,2181.0,116.0,0.0
Mali,MLI,,,20200701,2202.0,116.0,0.0
Mali,MLI,,,20200702,2260.0,117.0,0.0
Mali,MLI,,,20200703,2285.0,117.0,0.0
Mali,MLI,,,20200704,2303.0,118.0,0.0
Mali,MLI,,,20200705,2330.0,119.0,0.0
Mali,MLI,,,20200706,2331.0,119.0,0.0
Mali,MLI,,,20200707,2348.0,119.0,0.0
Mali,MLI,,,20200708,2358.0,120.0,0.0
Mali,MLI,,,20200709,2370.0,120.0,0.0
Mali,MLI,,,20200710,2404.0,121.0,0.0
Mali,MLI,,,20200711,2406.0,121.0,0.0
Mali,MLI,,,20200712,2411.0,121.0,0.0
Mali,MLI,,,20200713,2412.0,121.0,0.0
Mali,MLI,,,20200714,2423.0,121.0,0.0
Mali,MLI,,,20200715,2433.0,121.0,0.0
Mali,MLI,,,20200716,2440.0,121.0,0.0
Mali,MLI,,,20200717,2467.0,121.0,0.0
Mali,MLI,,,20200718,2472.0,121.0,0.0
Mali,MLI,,,20200719,2475.0,121.0,0.0
Mali,MLI,,,20200720,2475.0,121.0,0.0
Mali,MLI,,,20200721,2477.0,122.0,0.0
Mali,MLI,,,20200722,2494.0,123.0,0.0
Mali,MLI,,,20200723,2494.0,123.0,0.0
Mali,MLI,,,20200724,2503.0,123.0,0.0
Mali,MLI,,,20200725,2503.0,123.0,0.0
Mali,MLI,,,20200726,2510.0,123.0,0.0
Mali,MLI,,,20200727,2513.0,124.0,0.0
Mali,MLI,,,20200728,2520.0,124.0,0.0
Mali,MLI,,,20200729,2521.0,124.0,0.0
Mali,MLI,,,20200730,2522.0,124.0,0.0
Mali,MLI,,,20200731,2535.0,124.0,0.0
Mali,MLI,,,20200801,2535.0,124.0,0.0
Mali,MLI,,,20200802,2541.0,124.0,0.0
Mali,MLI,,,20200803,2543.0,124.0,0.0
Mali,MLI,,,20200804,2543.0,124.0,0.0
Mali,MLI,,,20200805,2546.0,124.0,0.0
Mali,MLI,,,20200806,2552.0,124.0,0.0
Mali,MLI,,,20200807,2561.0,125.0,0.0
Mali,MLI,,,20200808,2565.0,125.0,0.0
Mali,MLI,,,20200809,2567.0,125.0,0.0
Mali,MLI,,,20200810,2573.0,125.0,0.0
Mali,MLI,,,20200811,2577.0,125.0,0.0
Mali,MLI,,,20200812,2582.0,125.0,0.0
Mali,MLI,,,20200813,2597.0,125.0,0.0
Mali,MLI,,,20200814,2597.0,125.0,0.0
Mali,MLI,,,20200815,2614.0,125.0,0.0
Mali,MLI,,,20200816,2640.0,125.0,0.0
Mali,MLI,,,20200817,2640.0,125.0,0.0
Mali,MLI,,,20200818,2666.0,125.0,0.0
Mali,MLI,,,20200819,2667.0,125.0,0.0
Mali,MLI,,,20200820,2667.0,125.0,0.0
Mali,MLI,,,20200821,2688.0,125.0,0.0
Mali,MLI,,,20200822,2699.0,125.0,0.0
Mali,MLI,,,20200823,2705.0,125.0,0.0
Mali,MLI,,,20200824,2708.0,125.0,0.0
Mali,MLI,,,20200825,2713.0,125.0,0.0
Mali,MLI,,,20200826,2717.0,126.0,0.0
Mali,MLI,,,20200827,2730.0,126.0,0.0
Mali,MLI,,,20200828,2736.0,126.0,0.0
Mali,MLI,,,20200829,2757.0,126.0,0.0
Mali,MLI,,,20200830,2773.0,126.0,0.0
Mali,MLI,,,20200831,2776.0,126.0,0.0
Mali,MLI,,,20200901,2777.0,126.0,0.0
Mali,MLI,,,20200902,2802.0,126.0,0.0
Mali,MLI,,,20200903,2807.0,126.0,0.0
Mali,MLI,,,20200904,2814.0,126.0,0.0
Mali,MLI,,,20200905,2833.0,126.0,0.0
Mali,MLI,,,20200906,2842.0,127.0,0.0
Mali,MLI,,,20200907,2870.0,127.0,0.0
Mali,MLI,,,20200908,2882.0,127.0,0.0
Mali,MLI,,,20200909,2898.0,128.0,0.0
Mali,MLI,,,20200910,2909.0,128.0,0.0
Mali,MLI,,,20200911,2912.0,128.0,0.0
Mali,MLI,,,20200912,2916.0,128.0,0.0
Mali,MLI,,,20200913,2924.0,128.0,0.0
Mali,MLI,,,20200914,2935.0,128.0,0.0
Mali,MLI,,,20200915,2940.0,128.0,0.0
Mali,MLI,,,20200916,2966.0,128.0,0.0
Mali,MLI,,,20200917,2966.0,128.0,0.0
Mali,MLI,,,20200918,2991.0,128.0,0.0
Mali,MLI,,,20200919,3006.0,128.0,0.0
Mali,MLI,,,20200920,3013.0,128.0,0.0
Mali,MLI,,,20200921,3024.0,128.0,0.0
Mali,MLI,,,20200922,3030.0,129.0,0.0
Mali,MLI,,,20200923,3034.0,130.0,0.0
Mali,MLI,,,20200924,3041.0,130.0,0.0
Mali,MLI,,,20200925,3064.0,130.0,0.0
Mali,MLI,,,20200926,3080.0,130.0,0.0
Mali,MLI,,,20200927,3086.0,130.0,0.0
Mali,MLI,,,20200928,3090.0,130.0,0.0
Mali,MLI,,,20200929,3101.0,131.0,0.0
Mali,MLI,,,20200930,3118.0,131.0,0.0
Mali,MLI,,,20201001,3131.0,131.0,0.0
Mali,MLI,,,20201002,3156.0,131.0,0.0
Mali,MLI,,,20201003,3170.0,131.0,0.0
Mali,MLI,,,20201004,3184.0,131.0,0.0
Mali,MLI,,,20201005,3189.0,131.0,0.0
Mali,MLI,,,20201006,3195.0,131.0,0.0
Mali,MLI,,,20201007,3210.0,131.0,0.0
Mali,MLI,,,20201008,3235.0,131.0,0.0
Mali,MLI,,,20201009,3248.0,131.0,0.0
Mali,MLI,,,20201010,3273.0,132.0,0.0
Mali,MLI,,,20201011,3286.0,132.0,0.0
Mali,MLI,,,20201012,3296.0,132.0,0.0
Mali,MLI,,,20201013,3297.0,132.0,0.0
Mali,MLI,,,20201014,3352.0,132.0,0.0
Mali,MLI,,,20201015,3368.0,132.0,0.0
Mali,MLI,,,20201016,3378.0,132.0,0.0
Mali,MLI,,,20201017,3379.0,132.0,0.0
Mali,MLI,,,20201018,3388.0,132.0,0.0
Mali,MLI,,,20201019,3407.0,132.0,0.0
Mali,MLI,,,20201020,3411.0,132.0,0.0
Mali,MLI,,,20201021,3428.0,132.0,0.0
Mali,MLI,,,20201022,3440.0,132.0,0.0
Mali,MLI,,,20201023,3444.0,132.0,0.0
Mali,MLI,,,20201024,3472.0,132.0,0.0
Mali,MLI,,,20201025,3490.0,132.0,0.0
Mali,MLI,,,20201026,3499.0,133.0,0.0
Mali,MLI,,,20201027,3515.0,136.0,0.0
Mali,MLI,,,20201028,3530.0,136.0,0.0
Mali,MLI,,,20201029,3537.0,136.0,0.0
Mali,MLI,,,20201030,3545.0,136.0,0.0
Mali,MLI,,,20201031,3554.0,136.0,0.0
Mali,MLI,,,20201101,3565.0,136.0,0.0
Mali,MLI,,,20201102,3573.0,136.0,0.0
Mali,MLI,,,20201103,3584.0,136.0,0.0
Mali,MLI,,,20201104,3609.0,137.0,0.0
Mali,MLI,,,20201105,3633.0,137.0,0.0
Mali,MLI,,,20201106,3657.0,137.0,0.0
Mali,MLI,,,20201107,3676.0,137.0,0.0
Mali,MLI,,,20201108,3706.0,137.0,0.0
Mali,MLI,,,20201109,3712.0,137.0,0.0
Mali,MLI,,,20201110,3745.0,137.0,0.0
Mali,MLI,,,20201111,3753.0,138.0,0.0
Mali,MLI,,,20201112,3792.0,138.0,0.0
Mali,MLI,,,20201113,3806.0,139.0,0.0
Mali,MLI,,,20201114,3868.0,139.0,0.0
Mali,MLI,,,20201115,3900.0,141.0,0.0
Mali,MLI,,,20201116,3948.0,141.0,0.0
Mali,MLI,,,20201117,3980.0,141.0,0.0
Mali,MLI,,,20201118,4033.0,141.0,0.0
Mali,MLI,,,20201119,4093.0,142.0,0.0
Mali,MLI,,,20201120,4169.0,143.0,0.0
Mali,MLI,,,20201121,4206.0,143.0,0.0
Mali,MLI,,,20201122,4255.0,145.0,0.0
Mali,MLI,,,20201123,4326.0,146.0,0.0
Mali,MLI,,,20201124,4417.0,148.0,0.0
Mali,MLI,,,20201125,4461.0,148.0,0.0
Mali,MLI,,,20201126,4505.0,148.0,0.0
Mali,MLI,,,20201127,4567.0,149.0,0.0
Mali,MLI,,,20201128,4659.0,149.0,0.0
Mali,MLI,,,20201129,4688.0,152.0,0.0
Mali,MLI,,,20201130,4710.0,156.0,0.0
Mali,MLI,,,20201201,4762.0,160.0,0.0
Mali,MLI,,,20201202,4837.0,161.0,0.0
Mali,MLI,,,20201203,4880.0,162.0,0.0
Mali,MLI,,,20201204,4938.0,163.0,0.0
Mali,MLI,,,20201205,5062.0,163.0,0.0
Mali,MLI,,,20201206,5135.0,164.0,0.0
Mali,MLI,,,20201207,5290.0,175.0,0.0
Mali,MLI,,,20201208,5442.0,180.0,0.0
Mali,MLI,,,20201209,5469.0,181.0,0.0
Mali,MLI,,,20201210,5576.0,184.0,0.0
Mali,MLI,,,20201211,5649.0,185.0,0.0
Mali,MLI,,,20201212,5721.0,189.0,0.0
Mali,MLI,,,20201213,5814.0,194.0,0.0
Mali,MLI,,,20201214,5836.0,201.0,0.0
Mali,MLI,,,20201215,5878.0,205.0,0.0
Mali,MLI,,,20201216,5969.0,209.0,0.0
Mali,MLI,,,20201217,6049.0,211.0,0.0
Mali,MLI,,,20201218,6120.0,215.0,0.0
Mali,MLI,,,20201219,6164.0,220.0,0.0
Mali,MLI,,,20201220,6191.0,222.0,0.0
Mali,MLI,,,20201221,6232.0,225.0,0.0
Mali,MLI,,,20201222,6291.0,225.0,0.0
Mali,MLI,,,20201223,6347.0,229.0,0.0
Mali,MLI,,,20201224,6441.0,235.0,0.0
Mali,MLI,,,20201225,6488.0,245.0,0.0
Mali,MLI,,,20201226,6574.0,249.0,0.0
Mali,MLI,,,20201227,6629.0,253.0,0.0
Mali,MLI,,,20201228,6703.0,256.0,0.0
Mali,MLI,,,20201229,6796.0,262.0,0.0
Mali,MLI,,,20201230,7029.0,269.0,0.0
Mali,MLI,,,20201231,7090.0,269.0,0.0
Mali,MLI,,,20210101,7203.0,271.0,0.0
Mali,MLI,,,20210102,7226.0,276.0,0.0
Mali,MLI,,,20210103,7253.0,278.0,0.0
Mali,MLI,,,20210104,7260.0,279.0,0.0
Mali,MLI,,,20210105,7349.0,284.0,0.0
Mali,MLI,,,20210106,7395.0,285.0,0.0
Mali,MLI,,,20210107,7427.0,286.0,0.0
Mali,MLI,,,20210108,7512.0,290.0,0.0
Mali,MLI,,,20210109,7565.0,295.0,0.0
Mali,MLI,,,20210110,7600.0,298.0,0.0
Mali,MLI,,,20210111,7664.0,299.0,0.0
Mali,MLI,,,20210112,7687.0,303.0,0.0
Mali,MLI,,,20210113,7738.0,303.0,0.0
Mali,MLI,,,20210114,7759.0,305.0,0.0
Mali,MLI,,,20210115,7800.0,308.0,0.0
Mali,MLI,,,20210116,7823.0,308.0,0.0
Mali,MLI,,,20210117,7839.0,310.0,0.0
Mali,MLI,,,20210118,7855.0,311.0,0.0
Mali,MLI,,,20210119,7880.0,317.0,0.0
Mali,MLI,,,20210120,7897.0,318.0,0.0
Mali,MLI,,,20210121,7911.0,320.0,0.0
Mali,MLI,,,20210122,7937.0,321.0,0.0
Mali,MLI,,,20210123,7965.0,323.0,0.0
Mali,MLI,,,20210124,7983.0,323.0,0.0
Mali,MLI,,,20210125,7995.0,324.0,0.0
Mali,MLI,,,20210126,8006.0,327.0,0.0
Mali,MLI,,,20210127,8037.0,327.0,0.0
Mali,MLI,,,20210128,8056.0,328.0,0.0
Mali,MLI,,,20210129,8063.0,329.0,0.0
Mali,MLI,,,20210130,8069.0,330.0,0.0
Mali,MLI,,,20210131,8091.0,330.0,0.0
Mali,MLI,,,20210201,8100.0,330.0,0.0
Mali,MLI,,,20210202,8111.0,333.0,0.0
Mali,MLI,,,20210203,8119.0,333.0,0.0
Mali,MLI,,,20210204,8130.0,333.0,0.0
Mali,MLI,,,20210205,8145.0,336.0,0.0
Mali,MLI,,,20210206,8160.0,338.0,0.0
Mali,MLI,,,20210207,8176.0,338.0,0.0
Mali,MLI,,,20210208,8181.0,339.0,0.0
Mali,MLI,,,20210209,8192.0,339.0,0.0
Mali,MLI,,,20210210,8203.0,339.0,0.0
Mali,MLI,,,20210211,8218.0,340.0,0.0
Mali,MLI,,,20210212,8222.0,340.0,0.0
Mali,MLI,,,20210213,8226.0,342.0,0.0
Mali,MLI,,,20210214,8229.0,342.0,0.0
Mali,MLI,,,20210215,8235.0,342.0,0.0
Mali,MLI,,,20210216,8241.0,342.0,0.0
Mali,MLI,,,20210217,8256.0,342.0,0.0
Mali,MLI,,,20210218,8256.0,342.0,0.0
Mali,MLI,,,20210219,8260.0,344.0,0.0
Mali,MLI,,,20210220,8292.0,347.0,0.0
Mali,MLI,,,20210221,8299.0,348.0,0.0
Mali,MLI,,,20210222,8306.0,348.0,0.0
Mali,MLI,,,20210223,8324.0,348.0,0.0
Mali,MLI,,,20210224,8332.0,348.0,0.0
Mali,MLI,,,20210225,8349.0,349.0,0.0
Mali,MLI,,,20210226,8358.0,350.0,0.0
Mali,MLI,,,20210227,8365.0,352.0,0.0
Mali,MLI,,,20210228,8376.0,353.0,0.0
Mali,MLI,,,20210301,8390.0,355.0,0.0
Mali,MLI,,,20210302,8420.0,355.0,0.0
Mali,MLI,,,20210303,8446.0,357.0,0.0
Mali,MLI,,,20210304,8470.0,357.0,0.0
Mali,MLI,,,20210305,8509.0,358.0,0.0
Mali,MLI,,,20210306,8560.0,358.0,0.0
Mali,MLI,,,20210307,8580.0,358.0,0.0
Mali,MLI,,,20210308,8613.0,358.0,0.0
Mali,MLI,,,20210309,8613.0,358.0,0.0
Mali,MLI,,,20210310,8710.0,358.0,0.0
Mali,MLI,,,20210311,8782.0,359.0,0.0
Mali,MLI,,,20210312,8813.0,360.0,0.0
Mali,MLI,,,20210313,8862.0,360.0,0.0
Mali,MLI,,,20210314,8913.0,360.0,0.0
Mali,MLI,,,20210315,8933.0,363.0,0.0
Mali,MLI,,,20210316,9018.0,364.0,0.0
Mali,MLI,,,20210317,9066.0,365.0,0.0
Mali,MLI,,,20210318,9118.0,366.0,0.0
Mali,MLI,,,20210319,9191.0,367.0,0.0
Mali,MLI,,,20210320,9270.0,367.0,0.0
Mali,MLI,,,20210321,9330.0,368.0,0.0
Mali,MLI,,,20210322,9380.0,371.0,0.0
Mali,MLI,,,20210323,9474.0,372.0,0.0
Mali,MLI,,,20210324,9577.0,372.0,0.0
Mali,MLI,,,20210325,9647.0,375.0,0.0
Mali,MLI,,,20210326,9719.0,376.0,0.0
Mali,MLI,,,20210327,9773.0,376.0,0.0
Mali,MLI,,,20210328,9871.0,379.0,0.0
Mali,MLI,,,20210329,9921.0,384.0,0.0
Mali,MLI,,,20210330,9998.0,384.0,0.0
Mali,MLI,,,20210331,10042.0,385.0,0.0
Mali,MLI,,,20210401,10199.0,386.0,0.0
Mali,MLI,,,20210402,10285.0,390.0,0.0
Mali,MLI,,,20210403,10432.0,391.0,0.0
Mali,MLI,,,20210404,10580.0,392.0,0.0
Mali,MLI,,,20210405,10620.0,393.0,0.0
Mali,MLI,,,20210406,10758.0,396.0,0.0
Mali,MLI,,,20210407,10841.0,400.0,0.0
Mali,MLI,,,20210408,11254.0,402.0,0.0
Mali,MLI,,,20210409,11393.0,404.0,0.0
Mali,MLI,,,20210410,11705.0,405.0,0.0
Mali,MLI,,,20210411,11844.0,408.0,0.0
Mali,MLI,,,20210412,12002.0,414.0,0.0
Mali,MLI,,,20210413,12179.0,417.0,0.0
Mali,MLI,,,20210414,12467.0,419.0,0.0
Mali,MLI,,,20210415,12706.0,421.0,0.0
Mali,MLI,,,20210416,12835.0,426.0,0.0
Mali,MLI,,,20210417,12980.0,429.0,0.0
Mali,MLI,,,20210418,13070.0,433.0,0.0
Mali,MLI,,,20210419,13145.0,441.0,0.0
Mali,MLI,,,20210420,13246.0,444.0,0.0
Mali,MLI,,,20210421,13336.0,451.0,0.0
Mali,MLI,,,20210422,13420.0,456.0,0.0
Mali,MLI,,,20210423,13504.0,460.0,0.0
Mali,MLI,,,20210424,13560.0,462.0,0.0
Mali,MLI,,,20210425,13627.0,467.0,0.0
Mali,MLI,,,20210426,13658.0,474.0,0.0
Mali,MLI,,,20210427,13722.0,476.0,0.0
Mali,MLI,,,20210428,13780.0,477.0,0.0
Mali,MLI,,,20210429,13815.0,481.0,0.0
Mali,MLI,,,20210430,13858.0,484.0,0.0
Mali,MLI,,,20210501,13896.0,485.0,0.0
Mali,MLI,,,20210502,13915.0,489.0,0.0
Mali,MLI,,,20210503,13937.0,491.0,0.0
Mali,MLI,,,20210504,13969.0,492.0,0.0
Mali,MLI,,,20210505,13998.0,493.0,0.0
Mali,MLI,,,20210506,14029.0,493.0,0.0
Mali,MLI,,,20210507,14059.0,497.0,0.0
Mali,MLI,,,20210508,14082.0,499.0,0.0
Mali,MLI,,,20210509,14108.0,500.0,0.0
Mali,MLI,,,20210510,14115.0,502.0,0.0
Mali,MLI,,,20210511,14133.0,506.0,0.0
Mali,MLI,,,20210512,14149.0,507.0,0.0
Mali,MLI,,,20210513,14149.0,508.0,0.0
Mali,MLI,,,20210514,14163.0,510.0,0.06
Mali,MLI,,,20210515,14176.0,511.0,0.06
Mali,MLI,,,20210516,14190.0,511.0,0.06
Mali,MLI,,,20210517,14194.0,511.0,0.06
Mali,MLI,,,20210518,14207.0,511.0,0.06
Mali,MLI,,,20210519,14221.0,512.0,0.06
Mali,MLI,,,20210520,14226.0,512.0,0.06
Mali,MLI,,,20210521,14236.0,512.0,0.07
Mali,MLI,,,20210522,14240.0,513.0,0.07
Mali,MLI,,,20210523,14241.0,514.0,0.07
Mali,MLI,,,20210524,14244.0,514.0,0.07
Mali,MLI,,,20210525,14252.0,514.0,0.07
Mali,MLI,,,20210526,14256.0,514.0,0.12
Mali,MLI,,,20210527,14259.0,514.0,0.12
Mali,MLI,,,20210528,14262.0,516.0,0.12
Mali,MLI,,,20210529,14265.0,517.0,0.12
Mali,MLI,,,20210530,14265.0,517.0,0.12
Mali,MLI,,,20210531,14267.0,517.0,0.15
Mali,MLI,,,20210601,14271.0,517.0,0.15
Mali,MLI,,,20210602,14281.0,517.0,0.15
Mali,MLI,,,20210603,14281.0,517.0,0.15
Mali,MLI,,,20210604,14287.0,517.0,0.15
Mali,MLI,,,20210605,14296.0,518.0,0.15
Mali,MLI,,,20210606,14298.0,519.0,0.15
Mali,MLI,,,20210607,14302.0,519.0,0.15
Mali,MLI,,,20210608,14324.0,520.0,0.18
Mali,MLI,,,20210609,14328.0,521.0,0.18
Mali,MLI,,,20210610,14329.0,521.0,0.19
Mali,MLI,,,20210611,14336.0,523.0,0.19
Mali,MLI,,,20210612,14349.0,523.0,0.19
Mali,MLI,,,20210613,14350.0,523.0,0.19
Mali,MLI,,,20210614,14352.0,523.0,0.19
Mali,MLI,,,20210615,14356.0,523.0,0.19
Mali,MLI,,,20210616,14359.0,523.0,0.19
Mali,MLI,,,20210617,14364.0,523.0,0.19
Mali,MLI,,,20210618,14375.0,524.0,0.19
Mali,MLI,,,20210619,14380.0,524.0,0.19
Mali,MLI,,,20210620,14381.0,524.0,0.2
Mali,MLI,,,20210621,14385.0,524.0,0.2
Mali,MLI,,,20210622,14385.0,524.0,0.2
Mali,MLI,,,20210623,14391.0,525.0,0.2
Mali,MLI,,,20210624,14396.0,525.0,0.21
Mali,MLI,,,20210625,14404.0,525.0,0.21
Mali,MLI,,,20210626,14414.0,525.0,0.21
Mali,MLI,,,20210627,14417.0,525.0,0.21
Mali,MLI,,,20210628,14419.0,525.0,0.21
Mali,MLI,,,20210629,14422.0,525.0,0.21
Mali,MLI,,,20210630,14426.0,525.0,0.21
Mali,MLI,,,20210701,14428.0,525.0,0.21
Mali,MLI,,,20210702,14435.0,525.0,0.21
Mali,MLI,,,20210703,14438.0,526.0,0.21
Mali,MLI,,,20210704,14449.0,527.0,0.21
Mali,MLI,,,20210705,14451.0,527.0,0.22
Mali,MLI,,,20210706,14454.0,527.0,0.22
Mali,MLI,,,20210707,14454.0,527.0,0.22
Mali,MLI,,,20210708,14455.0,528.0,0.22
Mali,MLI,,,20210709,14457.0,528.0,0.22
Mali,MLI,,,20210710,14461.0,528.0,0.22
Mali,MLI,,,20210711,14463.0,528.0,0.22
Mali,MLI,,,20210712,14476.0,528.0,0.23
Mali,MLI,,,20210713,14486.0,528.0,0.23
Mali,MLI,,,20210714,14492.0,528.0,0.23
Mali,MLI,,,20210715,14496.0,529.0,0.23
Mali,MLI,,,20210716,14502.0,529.0,0.23
Mali,MLI,,,20210717,14509.0,530.0,0.23
Mali,MLI,,,20210718,14513.0,530.0,0.23
Mali,MLI,,,20210719,14513.0,530.0,0.23
Mali,MLI,,,20210720,14522.0,530.0,0.23
Mali,MLI,,,20210721,14524.0,530.0,0.23
Mali,MLI,,,20210722,14527.0,530.0,0.23
Mali,MLI,,,20210723,14532.0,530.0,0.23
Mali,MLI,,,20210724,14540.0,530.0,0.23
Mali,MLI,,,20210725,14542.0,530.0,0.23
Mali,MLI,,,20210726,14546.0,531.0,0.23
Mali,MLI,,,20210727,14551.0,531.0,0.23
Mali,MLI,,,20210728,14563.0,531.0,0.23
Mali,MLI,,,20210729,14566.0,531.0,0.23
Mali,MLI,,,20210730,14574.0,532.0,0.23
Mali,MLI,,,20210731,14584.0,532.0,0.23
Mali,MLI,,,20210801,14587.0,533.0,0.23
Mali,MLI,,,20210802,14589.0,534.0,0.23
Mali,MLI,,,20210803,14595.0,534.0,0.25
Mali,MLI,,,20210804,14605.0,534.0,0.25
Mali,MLI,,,20210805,14615.0,534.0,0.25
Mali,MLI,,,20210806,14633.0,534.0,0.25
Mali,MLI,,,20210807,14637.0,534.0,0.25
Mali,MLI,,,20210808,14642.0,534.0,0.25
Mali,MLI,,,20210809,14647.0,534.0,0.38
Mali,MLI,,,20210810,14652.0,534.0,0.38
Mali,MLI,,,20210811,14662.0,534.0,0.38
Mali,MLI,,,20210812,14669.0,534.0,0.38
Mali,MLI,,,20210813,14685.0,534.0,0.38
Mali,MLI,,,20210814,14692.0,534.0,0.38
Mali,MLI,,,20210815,14695.0,535.0,0.38
Mali,MLI,,,20210816,14697.0,535.0,0.38
Mali,MLI,,,20210817,14701.0,535.0,0.38
Mali,MLI,,,20210818,14714.0,535.0,0.38
Mali,MLI,,,20210819,14735.0,535.0,0.38
Mali,MLI,,,20210820,14740.0,535.0,0.38
Mali,MLI,,,20210821,14749.0,536.0,0.38
Mali,MLI,,,20210822,14757.0,536.0,0.38
Mali,MLI,,,20210823,14763.0,536.0,0.38
Mali,MLI,,,20210824,14778.0,536.0,0.38
Mali,MLI,,,20210825,14795.0,537.0,0.38
Mali,MLI,,,20210826,14803.0,537.0,0.38
Mali,MLI,,,20210827,14814.0,538.0,0.38
Mali,MLI,,,20210828,14846.0,539.0,0.38
Mali,MLI,,,20210829,14857.0,539.0,0.38
Mali,MLI,,,20210830,14873.0,539.0,0.38
Mali,MLI,,,20210831,14889.0,539.0,0.38
Mali,MLI,,,20210901,14895.0,539.0,0.38
Mali,MLI,,,20210902,14909.0,539.0,0.38
Mali,MLI,,,20210903,14919.0,540.0,0.38
Mali,MLI,,,20210904,14930.0,541.0,0.38
Mali,MLI,,,20210905,14939.0,542.0,0.38
Mali,MLI,,,20210906,14942.0,542.0,0.38
Mali,MLI,,,20210907,14949.0,542.0,0.38
Mali,MLI,,,20210908,14961.0,542.0,0.38
Mali,MLI,,,20210909,14968.0,542.0,0.38
Mali,MLI,,,20210910,14977.0,543.0,0.38
Mali,MLI,,,20210911,14981.0,543.0,0.38
Mali,MLI,,,20210912,14983.0,543.0,0.38
Mali,MLI,,,20210913,14984.0,543.0,0.38
Mali,MLI,,,20210914,14991.0,543.0,0.38
Mali,MLI,,,20210915,15002.0,543.0,0.38
Mali,MLI,,,20210916,15020.0,545.0,0.38
Mali,MLI,,,20210917,15029.0,545.0,0.38
Mali,MLI,,,20210918,15060.0,545.0,0.38
Mali,MLI,,,20210919,15068.0,545.0,0.38
Mali,MLI,,,20210920,15074.0,545.0,0.38
Mali,MLI,,,20210921,15082.0,547.0,0.38
Mali,MLI,,,20210922,15103.0,547.0,0.38
Mali,MLI,,,20210923,15123.0,547.0,0.38
Mali,MLI,,,20210924,15130.0,547.0,0.38
Mali,MLI,,,20210925,15153.0,547.0,0.38
Mali,MLI,,,20210926,15163.0,547.0,0.38
Mali,MLI,,,20210927,15165.0,547.0,1.03
Mali,MLI,,,20210928,15183.0,548.0,1.03
Mali,MLI,,,20210929,15194.0,548.0,1.03
Mali,MLI,,,20210930,15219.0,548.0,1.03
Mali,MLI,,,20211001,15255.0,549.0,1.06
Mali,MLI,,,20211002,15278.0,549.0,1.06
Mali,MLI,,,20211003,15287.0,549.0,1.06
Mali,MLI,,,20211004,15303.0,550.0,1.06
Mali,MLI,,,20211005,15337.0,551.0,1.06
Mali,MLI,,,20211006,15368.0,552.0,1.06
Mali,MLI,,,20211007,15394.0,552.0,1.06
Mali,MLI,,,20211008,15415.0,553.0,1.06
Mali,MLI,,,20211009,15450.0,553.0,1.06
Mali,MLI,,,20211010,15471.0,553.0,1.06
Mali,MLI,,,20211011,15490.0,553.0,1.06
Mali,MLI,,,20211012,15511.0,554.0,1.06
Mali,MLI,,,20211013,15536.0,555.0,1.06
Mali,MLI,,,20211014,15563.0,555.0,1.06
Mali,MLI,,,20211015,15577.0,555.0,1.14
Mali,MLI,,,20211016,15603.0,557.0,1.14
Mali,MLI,,,20211017,15619.0,557.0,1.14
Mali,MLI,,,20211018,15643.0,557.0,1.14
Mali,MLI,,,20211019,15674.0,558.0,1.14
Mali,MLI,,,20211020,15697.0,558.0,1.14
Mali,MLI,,,20211021,15741.0,558.0,1.14
Mali,MLI,,,20211022,15776.0,558.0,1.14
Mali,MLI,,,20211023,15809.0,558.0,1.14
Mali,MLI,,,20211024,15848.0,558.0,1.14
Mali,MLI,,,20211025,15866.0,559.0,1.14
Mali,MLI,,,20211026,15879.0,559.0,1.14
Mali,MLI,,,20211027,15924.0,561.0,1.16
Mali,MLI,,,20211028,15947.0,562.0,1.16
Mali,MLI,,,20211029,15978.0,563.0,1.16
Mali,MLI,,,20211030,16038.0,563.0,1.16
Mali,MLI,,,20211031,16073.0,563.0,1.16
Mali,MLI,,,20211101,16098.0,565.0,1.16
Mali,MLI,,,20211102,16148.0,568.0,1.2
Mali,MLI,,,20211103,16195.0,569.0,1.2
Mali,MLI,,,20211104,16233.0,570.0,1.2
Mali,MLI,,,20211105,16294.0,571.0,1.2
Mali,MLI,,,20211106,16342.0,574.0,1.2
Mali,MLI,,,20211107,16371.0,576.0,1.2
Mali,MLI,,,20211108,16406.0,576.0,1.2
Mali,MLI,,,20211109,16468.0,579.0,1.2
Mali,MLI,,,20211110,16526.0,581.0,1.2
Mali,MLI,,,20211111,16562.0,582.0,1.2
Mali,MLI,,,20211112,16605.0,584.0,1.2
Mali,MLI,,,20211113,16643.0,585.0,1.2
Mali,MLI,,,20211114,16666.0,585.0,1.2
Mali,MLI,,,20211115,16679.0,588.0,1.2
Mali,MLI,,,20211116,16716.0,589.0,1.2
Mali,MLI,,,20211117,16758.0,589.0,1.2
Mali,MLI,,,20211118,16796.0,589.0,1.2
Mali,MLI,,,20211119,16852.0,590.0,1.2
Mali,MLI,,,20211120,16919.0,591.0,1.2
Mali,MLI,,,20211121,16946.0,592.0,1.25
Mali,MLI,,,20211122,16963.0,594.0,1.25
Mali,MLI,,,20211123,17024.0,601.0,1.25
Mali,MLI,,,20211124,17096.0,601.0,1.38
Mali,MLI,,,20211125,17144.0,601.0,1.38
Mali,MLI,,,20211126,17219.0,602.0,1.38
Mali,MLI,,,20211127,17300.0,603.0,1.38
Mali,MLI,,,20211128,17339.0,605.0,1.42
Mali,MLI,,,20211129,17364.0,606.0,1.42
Mali,MLI,,,20211130,17434.0,606.0,1.42
Mali,MLI,,,20211201,17500.0,610.0,1.42
Mali,MLI,,,20211202,17572.0,611.0,1.42
Mali,MLI,,,20211203,17698.0,613.0,1.42
Mali,MLI,,,20211204,17812.0,617.0,1.42
Mali,MLI,,,20211205,17915.0,618.0,1.42
Mali,MLI,,,20211206,17971.0,618.0,1.42
Mali,MLI,,,20211207,18112.0,619.0,1.42
Mali,MLI,,,20211208,18253.0,621.0,1.42
Mali,MLI,,,20211209,18329.0,622.0,1.42
Mali,MLI,,,20211210,18404.0,623.0,1.42
Mali,MLI,,,20211211,18504.0,628.0,1.42
Mali,MLI,,,20211212,18591.0,629.0,1.42
Mali,MLI,,,20211213,18627.0,630.0,1.42
Mali,MLI,,,20211214,18718.0,633.0,1.42
Mali,MLI,,,20211215,18855.0,634.0,1.42
Mali,MLI,,,20211216,18938.0,634.0,1.52
Mali,MLI,,,20211217,19064.0,637.0,1.52
Mali,MLI,,,20211218,19192.0,639.0,1.52
Mali,MLI,,,20211219,19306.0,639.0,1.52
Mali,MLI,,,20211220,19365.0,646.0,1.56
Mali,MLI,,,20211221,19470.0,647.0,1.56
Mali,MLI,,,20211222,19553.0,648.0,1.56
Mali,MLI,,,20211223,19758.0,652.0,1.66
Mali,MLI,,,20211224,19866.0,652.0,1.66
Mali,MLI,,,20211225,20011.0,653.0,1.66
Mali,MLI,,,20211226,20079.0,654.0,1.66
Mali,MLI,,,20211227,20120.0,658.0,1.66
Mali,MLI,,,20211228,20287.0,658.0,1.74
Mali,MLI,,,20211229,20468.0,658.0,1.74
Mali,MLI,,,20211230,20670.0,658.0,1.74
Mali,MLI,,,20211231,21008.0,660.0,1.74
Mali,MLI,,,20220101,21378.0,668.0,1.74
Mali,MLI,,,20220102,21549.0,668.0,1.82
Mali,MLI,,,20220103,21806.0,668.0,1.82
Mali,MLI,,,20220104,22383.0,670.0,1.82
Mali,MLI,,,20220105,22834.0,670.0,2.29
Mali,MLI,,,20220106,23600.0,670.0,2.29
Mali,MLI,,,20220107,23980.0,671.0,2.41
Mali,MLI,,,20220108,23980.0,671.0,2.41
Mali,MLI,,,20220109,25197.0,672.0,2.41
Mali,MLI,,,20220110,26011.0,675.0,2.41
Mali,MLI,,,20220111,26513.0,675.0,2.41
Mali,MLI,,,20220112,27149.0,677.0,2.41
Mali,MLI,,,20220113,27653.0,678.0,2.41
Mali,MLI,,,20220114,27980.0,683.0,2.41
Mali,MLI,,,20220115,28321.0,688.0,2.41
Mali,MLI,,,20220116,28585.0,691.0,2.41
Mali,MLI,,,20220117,28755.0,692.0,2.41
Mali,MLI,,,20220118,29039.0,692.0,2.41
Mali,MLI,,,20220119,29257.0,701.0,2.41
Mali,MLI,,,20220120,29359.0,704.0,2.41
Mali,MLI,,,20220121,29430.0,704.0,2.79
Mali,MLI,,,20220122,29597.0,704.0,2.79
Mali,MLI,,,20220123,29677.0,705.0,2.79
Mali,MLI,,,20220124,29742.0,707.0,2.79
Mali,MLI,,,20220125,29858.0,709.0,2.79
Mali,MLI,,,20220126,29895.0,710.0,2.79
Mali,MLI,,,20220127,29949.0,711.0,2.79
Mali,MLI,,,20220128,29983.0,711.0,2.79
Mali,MLI,,,20220129,30008.0,711.0,2.79
Mali,MLI,,,20220130,30045.0,711.0,2.79
Mali,MLI,,,20220131,30052.0,714.0,2.79
Mali,MLI,,,20220201,30101.0,715.0,2.79
Mali,MLI,,,20220202,30131.0,715.0,2.79
Mali,MLI,,,20220203,30148.0,715.0,2.79
Mali,MLI,,,20220204,30156.0,715.0,2.79
Mali,MLI,,,20220205,30156.0,715.0,2.79
Mali,MLI,,,20220206,30205.0,715.0,2.79
Mali,MLI,,,20220207,30215.0,715.0,2.79
Mali,MLI,,,20220208,30227.0,715.0,2.79
Mali,MLI,,,20220209,30236.0,715.0,2.79
Mali,MLI,,,20220210,30251.0,715.0,2.79
Mali,MLI,,,20220211,30257.0,716.0,2.79
Mali,MLI,,,20220212,30259.0,716.0,2.79
Mali,MLI,,,20220213,30265.0,716.0,2.79
Mali,MLI,,,20220214,30266.0,716.0,3.15
Mali,MLI,,,20220215,30286.0,717.0,3.15
Mali,MLI,,,20220216,30303.0,717.0,3.15
Mali,MLI,,,20220217,30321.0,717.0,3.15
Mali,MLI,,,20220218,30333.0,717.0,3.15
Mali,MLI,,,20220219,30338.0,717.0,3.15
Mali,MLI,,,20220220,30340.0,720.0,3.15
Mali,MLI,,,20220221,30346.0,720.0,3.4
Mali,MLI,,,20220222,30352.0,722.0,3.4
Mali,MLI,,,20220223,30355.0,722.0,3.4
Mali,MLI,,,20220224,30358.0,722.0,3.4
Mali,MLI,,,20220225,30365.0,722.0,3.53
Mali,MLI,,,20220226,30371.0,722.0,3.53
Mali,MLI,,,20220227,30378.0,722.0,3.53
Mali,MLI,,,20220228,30381.0,722.0,3.53
Mali,MLI,,,20220301,30383.0,722.0,3.53
Mali,MLI,,,20220302,30391.0,722.0,3.53
Mali,MLI,,,20220303,30392.0,724.0,3.53
Mali,MLI,,,20220304,30396.0,724.0,3.9
Mali,MLI,,,20220305,30398.0,724.0,3.9
Mali,MLI,,,20220306,30398.0,725.0,3.9
Mali,MLI,,,20220307,30398.0,725.0,3.9
Mali,MLI,,,20220308,30401.0,725.0,3.9
Mali,MLI,,,20220309,30402.0,725.0,3.9
Mali,MLI,,,20220310,30407.0,726.0,3.9
Mali,MLI,,,20220311,30409.0,726.0,4.01
Mali,MLI,,,20220312,30414.0,726.0,4.01
Mali,MLI,,,20220313,30420.0,726.0,4.01
Mali,MLI,,,20220314,30423.0,726.0,4.01
Mali,MLI,,,20220315,30428.0,726.0,4.01
Mali,MLI,,,20220316,30433.0,727.0,4.01
Mali,MLI,,,20220317,30439.0,727.0,4.01
Mali,MLI,,,20220318,30444.0,727.0,4.14
Mali,MLI,,,20220319,30448.0,727.0,4.14
Mali,MLI,,,20220320,30453.0,727.0,4.14
Mali,MLI,,,20220321,30454.0,727.0,4.14
Mali,MLI,,,20220322,30458.0,727.0,4.14
Mali,MLI,,,20220323,30463.0,727.0,4.14
Mali,MLI,,,20220324,30466.0,727.0,4.14
Mali,MLI,,,20220325,30468.0,727.0,4.33
Mali,MLI,,,20220326,30470.0,727.0,4.33
Mali,MLI,,,20220327,30472.0,727.0,4.33
Mali,MLI,,,20220328,30473.0,727.0,4.33
Mali,MLI,,,20220329,30476.0,727.0,4.33
Mali,MLI,,,20220330,30480.0,727.0,4.33
Mali,MLI,,,20220331,30484.0,727.0,4.33
Mali,MLI,,,20220401,30489.0,728.0,4.33
Mali,MLI,,,20220402,30493.0,728.0,4.33
Mali,MLI,,,20220403,30495.0,728.0,4.33
Mali,MLI,,,20220404,30506.0,728.0,4.33
Mali,MLI,,,20220405,30512.0,728.0,4.33
Mali,MLI,,,20220406,30519.0,728.0,4.33
Mali,MLI,,,20220407,30526.0,729.0,4.33
Mali,MLI,,,20220408,30535.0,729.0,4.52
Mali,MLI,,,20220409,30546.0,729.0,4.52
Mali,MLI,,,20220410,30566.0,729.0,4.52
Mali,MLI,,,20220411,30578.0,729.0,4.52
Mali,MLI,,,20220412,30589.0,729.0,4.52
Mali,MLI,,,20220413,30602.0,729.0,4.52
Mali,MLI,,,20220414,30617.0,729.0,4.52
Mali,MLI,,,20220415,30633.0,729.0,4.52
Mali,MLI,,,20220416,30651.0,729.0,4.52
Mali,MLI,,,20220417,30658.0,729.0,4.52
Mali,MLI,,,20220418,30669.0,729.0,4.52
Mali,MLI,,,20220419,30678.0,730.0,4.52
Mali,MLI,,,20220420,30691.0,730.0,4.52
Mali,MLI,,,20220421,30700.0,731.0,4.52
Mali,MLI,,,20220422,30716.0,731.0,4.52
Mali,MLI,,,20220423,30727.0,731.0,4.52
Mali,MLI,,,20220424,30740.0,731.0,4.52
Mali,MLI,,,20220425,30752.0,731.0,4.52
Mali,MLI,,,20220426,30769.0,731.0,4.53
Mali,MLI,,,20220427,30785.0,731.0,4.53
Mali,MLI,,,20220428,30804.0,731.0,4.53
Mali,MLI,,,20220429,30815.0,732.0,4.53
Mali,MLI,,,20220430,30833.0,732.0,4.53
Mali,MLI,,,20220501,30843.0,732.0,4.71
Mali,MLI,,,20220502,30850.0,732.0,4.71
Mali,MLI,,,20220503,30860.0,732.0,4.71
Mali,MLI,,,20220504,30874.0,732.0,4.71
Mali,MLI,,,20220505,30888.0,732.0,4.71
Mali,MLI,,,20220506,30907.0,733.0,4.71
Mali,MLI,,,20220507,30927.0,733.0,4.71
Mali,MLI,,,20220508,30937.0,733.0,4.76
Mali,MLI,,,20220509,30940.0,733.0,4.76
Mali,MLI,,,20220510,30950.0,733.0,4.76
Mali,MLI,,,20220511,30960.0,733.0,4.76
Mali,MLI,,,20220512,30978.0,733.0,4.76
Mali,MLI,,,20220513,30991.0,733.0,4.76
Mali,MLI,,,20220514,31003.0,733.0,4.76
Mali,MLI,,,20220515,31004.0,733.0,4.76
Mali,MLI,,,20220516,31014.0,734.0,4.76
Mali,MLI,,,20220517,31023.0,734.0,4.76
Mali,MLI,,,20220518,31041.0,734.0,4.76
Mali,MLI,,,20220519,31043.0,734.0,4.76
Mali,MLI,,,20220520,31048.0,734.0,4.76
Mali,MLI,,,20220521,31054.0,734.0,4.76
Mali,MLI,,,20220522,31056.0,734.0,4.99
Mali,MLI,,,20220523,31057.0,734.0,4.99
Mali,MLI,,,20220524,31058.0,734.0,4.99
Mali,MLI,,,20220525,31069.0,734.0,4.99
Mali,MLI,,,20220526,31071.0,734.0,4.99
Mali,MLI,,,20220527,31082.0,734.0,4.99
Mali,MLI,,,20220528,31088.0,734.0,4.99
Mali,MLI,,,20220529,31096.0,734.0,4.99
Mali,MLI,,,20220530,31097.0,734.0,4.99
Mali,MLI,,,20220531,31097.0,734.0,4.99
Mali,MLI,,,20220601,31102.0,735.0,4.99
Mali,MLI,,,20220602,31103.0,735.0,4.99
Mali,MLI,,,20220603,31108.0,735.0,4.99
Mali,MLI,,,20220604,31109.0,735.0,4.99
Mali,MLI,,,20220605,31110.0,735.0,5.51
Mali,MLI,,,20220606,31111.0,735.0,5.51
Mali,MLI,,,20220607,31115.0,735.0,5.51
Mali,MLI,,,20220608,31118.0,735.0,5.51
Mali,MLI,,,20220609,31120.0,735.0,5.51
Mali,MLI,,,20220610,31122.0,735.0,5.51
Mali,MLI,,,20220611,31122.0,735.0,5.51
Mali,MLI,,,20220612,31125.0,735.0,5.51
Mali,MLI,,,20220613,31127.0,736.0,5.51
Mali,MLI,,,20220614,31132.0,736.0,5.51
Mali,MLI,,,20220615,31134.0,736.0,5.51
Mali,MLI,,,20220616,31135.0,736.0,5.51
Mali,MLI,,,20220617,31136.0,736.0,5.51
Mali,MLI,,,20220618,31137.0,736.0,5.51
Mali,MLI,,,20220619,31137.0,736.0,5.77
Mali,MLI,,,20220620,31140.0,736.0,5.77
Mali,MLI,,,20220621,31142.0,736.0,5.77
Mali,MLI,,,20220622,31147.0,736.0,5.77
Mali,MLI,,,20220623,31149.0,736.0,5.77
Mali,MLI,,,20220624,31150.0,736.0,5.77
Mali,MLI,,,20220625,31153.0,737.0,5.77
Mali,MLI,,,20220626,31156.0,737.0,5.77
Mali,MLI,,,20220627,31158.0,737.0,5.77
Mali,MLI,,,20220628,31160.0,737.0,5.77
Mali,MLI,,,20220629,31163.0,737.0,5.77
Mali,MLI,,,20220630,31165.0,737.0,5.77
Mali,MLI,,,20220701,31169.0,737.0,5.77
Mali,MLI,,,20220702,31171.0,737.0,5.77
Mali,MLI,,,20220703,31171.0,737.0,6.09
Mali,MLI,,,20220704,31176.0,737.0,6.09
Mali,MLI,,,20220705,31176.0,737.0,6.09
Mali,MLI,,,20220706,31181.0,737.0,6.09
Mali,MLI,,,20220707,31182.0,737.0,6.09
Mali,MLI,,,20220708,31184.0,737.0,6.09
Mali,MLI,,,20220709,31186.0,737.0,6.09
Mali,MLI,,,20220710,31187.0,737.0,6.09
Mali,MLI,,,20220711,31189.0,737.0,6.09
Mali,MLI,,,20220712,31192.0,737.0,6.09
Mali,MLI,,,20220713,31195.0,737.0,6.09
Mali,MLI,,,20220714,31196.0,737.0,6.09
Mali,MLI,,,20220715,31196.0,737.0,6.09
Mali,MLI,,,20220716,31198.0,737.0,6.09
Mali,MLI,,,20220717,31200.0,737.0,6.32
Mali,MLI,,,20220718,31203.0,737.0,6.32
Mali,MLI,,,20220719,31203.0,737.0,6.32
Mali,MLI,,,20220720,31205.0,737.0,6.32
Mali,MLI,,,20220721,31208.0,737.0,6.32
Mali,MLI,,,20220722,31208.0,737.0,6.32
Mali,MLI,,,20220723,31212.0,737.0,6.32
Mali,MLI,,,20220724,31216.0,737.0,6.39
Mali,MLI,,,20220725,31216.0,737.0,6.39
Mali,MLI,,,20220726,31217.0,737.0,6.39
Mali,MLI,,,20220727,31217.0,737.0,6.39
Mali,MLI,,,20220728,31221.0,739.0,6.39
Mali,MLI,,,20220729,31222.0,739.0,6.39
Mali,MLI,,,20220730,31222.0,739.0,6.39
Mali,MLI,,,20220731,31228.0,739.0,6.39
Mali,MLI,,,20220801,31228.0,739.0,6.39
Mali,MLI,,,20220802,31230.0,739.0,6.39
Mali,MLI,,,20220803,31232.0,739.0,6.39
Mali,MLI,,,20220804,31232.0,739.0,6.39
Mali,MLI,,,20220805,31234.0,739.0,6.39
Mali,MLI,,,20220806,31236.0,739.0,6.39
Mali,MLI,,,20220807,31236.0,739.0,6.63
Mali,MLI,,,20220808,31237.0,739.0,6.63
Mali,MLI,,,20220809,31237.0,739.0,6.63
Mali,MLI,,,20220810,31238.0,739.0,6.63
Mali,MLI,,,20220811,31240.0,739.0,6.63
Mali,MLI,,,20220812,31242.0,739.0,6.63
Mali,MLI,,,20220813,31244.0,739.0,6.63
Mali,MLI,,,20220814,31245.0,739.0,6.63
Mali,MLI,,,20220815,31245.0,739.0,6.63
Mali,MLI,,,20220816,31249.0,739.0,6.63
Mali,MLI,,,20220817,31249.0,739.0,6.63
Mali,MLI,,,20220818,31255.0,739.0,6.63
Mali,MLI,,,20220819,31257.0,739.0,6.63
Mali,MLI,,,20220820,31259.0,739.0,6.63
Mali,MLI,,,20220821,31260.0,739.0,6.98
Mali,MLI,,,20220822,31262.0,739.0,6.98
Mali,MLI,,,20220823,31263.0,739.0,6.98
Mali,MLI,,,20220824,31275.0,739.0,6.98
Mali,MLI,,,20220825,31290.0,739.0,6.98
Mali,MLI,,,20220826,31302.0,739.0,6.98
Mali,MLI,,,20220827,31314.0,739.0,6.98
Mali,MLI,,,20220828,31325.0,739.0,7.17
Mali,MLI,,,20220829,31337.0,739.0,7.17
Mali,MLI,,,20220830,31365.0,739.0,7.17
Mali,MLI,,,20220831,31412.0,739.0,7.17
Mali,MLI,,,20220901,31462.0,739.0,7.17
Mali,MLI,,,20220902,31518.0,739.0,7.17
Mali,MLI,,,20220903,31576.0,739.0,7.17
Mali,MLI,,,20220904,31623.0,739.0,7.31
Mali,MLI,,,20220905,31664.0,739.0,7.31
Mali,MLI,,,20220906,31781.0,739.0,7.31
Mali,MLI,,,20220907,31912.0,739.0,7.31
Mali,MLI,,,20220908,31998.0,739.0,7.31
Mali,MLI,,,20220909,32117.0,739.0,7.31
Mali,MLI,,,20220910,32205.0,739.0,7.31
Mali,MLI,,,20220911,32248.0,739.0,7.31
Mali,MLI,,,20220912,32263.0,739.0,7.31
Mali,MLI,,,20220913,32330.0,739.0,7.31
Mali,MLI,,,20220914,32385.0,739.0,7.31
Mali,MLI,,,20220915,32440.0,739.0,7.31
Mali,MLI,,,20220916,32478.0,739.0,7.31
Mali,MLI,,,20220917,32497.0,739.0,7.31
Mali,MLI,,,20220918,32508.0,740.0,7.72
Mali,MLI,,,20220919,32532.0,740.0,7.72
Mali,MLI,,,20220920,32548.0,740.0,7.72
Mali,MLI,,,20220921,32580.0,740.0,7.72
Mali,MLI,,,20220922,32592.0,740.0,7.72
Mali,MLI,,,20220923,32595.0,741.0,7.72
Mali,MLI,,,20220924,32601.0,741.0,7.72
Mali,MLI,,,20220925,32604.0,741.0,7.72
Mali,MLI,,,20220926,32607.0,741.0,7.72
Mali,MLI,,,20220927,32622.0,741.0,7.72
Mali,MLI,,,20220928,32622.0,741.0,7.72
Mali,MLI,,,20220929,32625.0,742.0,7.72
Mali,MLI,,,20220930,32638.0,742.0,7.72
Mali,MLI,,,20221001,32641.0,742.0,7.72
Mali,MLI,,,20221002,32683.0,742.0,8.15
Mali,MLI,,,20221003,32683.0,742.0,8.15
Mali,MLI,,,20221004,32686.0,742.0,8.15
Mali,MLI,,,20221005,32689.0,742.0,8.15
Mali,MLI,,,20221006,32692.0,742.0,8.15
Mali,MLI,,,20221007,32695.0,742.0,8.15
Mali,MLI,,,20221008,32697.0,742.0,8.15
Mali,MLI,,,20221009,32697.0,742.0,8.53
Mali,MLI,,,20221010,32697.0,742.0,8.53
Mali,MLI,,,20221011,32697.0,742.0,8.53
Mali,MLI,,,20221012,32698.0,742.0,8.53
Mali,MLI,,,20221013,32701.0,742.0,8.53
Mali,MLI,,,20221014,32704.0,742.0,8.53
Mali,MLI,,,20221015,32706.0,742.0,8.53
Mali,MLI,,,20221016,32709.0,742.0,8.97
Mali,MLI,,,20221017,32711.0,742.0,8.97
Mali,MLI,,,20221018,32711.0,742.0,8.97
Mali,MLI,,,20221019,32712.0,742.0,8.97
Mali,MLI,,,20221020,32714.0,742.0,8.97
Mali,MLI,,,20221021,32715.0,742.0,8.97
Mali,MLI,,,20221022,32715.0,742.0,8.97
Mali,MLI,,,20221023,32715.0,742.0,9.24
Mali,MLI,,,20221024,32719.0,742.0,9.24
Mali,MLI,,,20221025,32722.0,742.0,9.24
Mali,MLI,,,20221026,32722.0,742.0,9.24
Mali,MLI,,,20221027,32723.0,742.0,9.24
Mali,MLI,,,20221028,32724.0,742.0,9.24
Mali,MLI,,,20221029,32731.0,742.0,9.24
Mali,MLI,,,20221030,32731.0,742.0,9.34
Mali,MLI,,,20221031,32733.0,742.0,9.34
Mali,MLI,,,20221101,32735.0,742.0,9.34
Mali,MLI,,,20221102,32737.0,742.0,9.34
Mali,MLI,,,20221103,32738.0,742.0,9.34
Mali,MLI,,,20221104,32738.0,742.0,9.34
Mali,MLI,,,20221105,32738.0,742.0,9.34
Mali,MLI,,,20221106,32738.0,742.0,9.56
Mali,MLI,,,20221107,32738.0,742.0,9.56
Mali,MLI,,,20221108,32739.0,742.0,9.56
Mali,MLI,,,20221109,32741.0,742.0,9.56
Mali,MLI,,,20221110,32744.0,742.0,9.56
Mali,MLI,,,20221111,32745.0,742.0,9.56
Mali,MLI,,,20221112,32745.0,742.0,9.56
Mali,MLI,,,20221113,32745.0,742.0,9.8
Mali,MLI,,,20221114,32745.0,742.0,9.8
Mali,MLI,,,20221115,32749.0,742.0,9.8
Mali,MLI,,,20221116,32750.0,742.0,9.8
Mali,MLI,,,20221117,32750.0,742.0,9.8
Mali,MLI,,,20221118,32755.0,742.0,9.8
Mali,MLI,,,20221119,32755.0,742.0,9.8
Mali,MLI,,,20221120,32755.0,742.0,9.97
Mali,MLI,,,20221121,32755.0,742.0,9.97
Mali,MLI,,,20221122,32756.0,742.0,9.97
Mali,MLI,,,20221123,32756.0,742.0,9.97
Mali,MLI,,,20221124,32757.0,742.0,9.97
Mali,MLI,,,20221125,32757.0,742.0,9.97
Mali,MLI,,,20221126,32757.0,742.0,9.97
Mali,MLI,,,20221127,32758.0,742.0,10.48
Mali,MLI,,,20221128,32758.0,742.0,10.48
Mali,MLI,,,20221129,32758.0,742.0,10.48
Mali,MLI,,,20221130,32760.0,742.0,10.48
Mali,MLI,,,20221201,32760.0,742.0,10.48
Mali,MLI,,,20221202,32760.0,742.0,10.48
Mali,MLI,,,20221203,32760.0,742.0,10.48
Mali,MLI,,,20221204,32760.0,742.0,10.98
Mali,MLI,,,20221205,32760.0,742.0,10.98
Mali,MLI,,,20221206,32760.0,742.0,10.98
Mali,MLI,,,20221207,32760.0,742.0,10.98
Mali,MLI,,,20221208,32762.0,742.0,10.98
Mali,MLI,,,20221209,32763.0,742.0,10.98
Mali,MLI,,,20221210,32763.0,742.0,10.98
Mali,MLI,,,20221211,32763.0,742.0,10.98
Mali,MLI,,,20221212,32764.0,743.0,10.98
Mali,MLI,,,20221213,32764.0,743.0,10.98
Mali,MLI,,,20221214,32764.0,743.0,10.98
Mali,MLI,,,20221215,32764.0,743.0,10.98
Mali,MLI,,,20221216,32764.0,743.0,10.98
Mali,MLI,,,20221217,32764.0,743.0,10.98
Mali,MLI,,,20221218,32767.0,743.0,11.48
Mali,MLI,,,20221219,32767.0,743.0,11.48
Mali,MLI,,,20221220,32767.0,743.0,11.48
Mali,MLI,,,20221221,32767.0,743.0,11.48
Mali,MLI,,,20221222,32767.0,743.0,11.48
Mali,MLI,,,20221223,32768.0,743.0,11.48
Mali,MLI,,,20221224,32768.0,743.0,11.48
Mali,MLI,,,20221225,32768.0,743.0,11.83
Mali,MLI,,,20221226,32768.0,743.0,11.83
Mali,MLI,,,20221227,32768.0,743.0,11.83
Mali,MLI,,,20221228,32770.0,743.0,11.83
Mali,MLI,,,20221229,32770.0,743.0,11.83
Mali,MLI,,,20221230,32770.0,743.0,11.83
Mali,MLI,,,20221231,32770.0,743.0,11.83
