index,date,fac_aggregate_cases,fac_aggregate_cases_per_pop,cum_risk_factor,cum_risk_factor_u,hosp_risk_lower,hosp_risk_upper,death_risk_lower,death_risk_upper,f_risk
14.0,19095,195,0.00277856939298946,1.5282131661442,4.5846394984326,0.493519065221227,0.386510116520313,0.0114377586206897,0.0247270422413793,High Risk
28.0,19094,191,0.00272157309774865,1.49686520376176,4.49059561128527,0.483395597216689,0.378581703873743,0.0112031379310345,0.024219820862069,High Risk
42.0,19093,183,0.00260758050726703,1.43416927899687,4.3025078369906,0.463148661207613,0.362724878580602,0.0107338965517241,0.0232053781034483,High Risk
56.0,19092,183,0.00260758050726703,1.43416927899687,4.3025078369906,0.463148661207613,0.362724878580602,0.0107338965517241,0.0232053781034483,High Risk
70.0,19091,183,0.00260758050726703,1.43416927899687,4.3025078369906,0.463148661207613,0.362724878580602,0.0107338965517241,0.0232053781034483,High Risk
84.0,19090,163,0.00232259903106298,1.27742946708464,3.83228840125392,0.412531321184923,0.323082815347749,0.00956079310344827,0.0206692712068965,High Risk
98.0,19089,165,0.00235109717868339,1.29310344827586,3.87931034482759,0.417593055187192,0.327047021671034,0.00967810344827586,0.0209228818965517,High Risk
112.0,19088,166,0.00236534625249359,1.30094043887147,3.90282131661442,0.420123922188327,0.329029124832677,0.00973675862068965,0.0210496872413793,High Risk
126.0,19087,166,0.00236534625249359,1.30094043887147,3.90282131661442,0.420123922188327,0.329029124832677,0.00973675862068965,0.0210496872413793,High Risk
140.0,19086,170,0.0024223425477344,1.33228840125392,3.99686520376176,0.430247390192865,0.336957537479248,0.00997137931034483,0.0215569086206896,High Risk
154.0,19085,170,0.0024223425477344,1.33228840125392,3.99686520376176,0.430247390192865,0.336957537479248,0.00997137931034483,0.0215569086206896,High Risk
168.0,19084,170,0.0024223425477344,1.33228840125392,3.99686520376176,0.430247390192865,0.336957537479248,0.00997137931034483,0.0215569086206896,High Risk
182.0,19083,152,0.00216585921915076,1.19122257053292,3.57366771159875,0.384691784172444,0.30127968056968,0.00891558620689655,0.0192744124137931,High Risk
196.0,19082,150,0.00213736107153035,1.17554858934169,3.52664576802508,0.379630050170175,0.297315474246395,0.00879827586206896,0.0190208017241379,High Risk
210.0,19081,143,0.00203761755485893,1.12068965517241,3.36206896551724,0.361913981162233,0.283440752114897,0.00838768965517241,0.0181331643103448,High Risk
224.0,19080,147,0.00209461385009974,1.15203761755486,3.45611285266458,0.372037449166771,0.291369164761467,0.00862231034482758,0.0186403856896552,High Risk
238.0,19079,131,0.00186662866913651,1.02664576802508,3.07993730407523,0.331543577148619,0.259655514175185,0.00768382758620689,0.0166115001724138,High Risk
252.0,19078,131,0.00186662866913651,1.02664576802508,3.07993730407523,0.331543577148619,0.259655514175185,0.00768382758620689,0.0166115001724138,High Risk
266.0,19077,131,0.00186662866913651,1.02664576802508,3.07993730407523,0.331543577148619,0.259655514175185,0.00768382758620689,0.0166115001724138,High Risk
280.0,19076,122,0.00173838700484469,0.956112852664577,2.86833855799373,0.308765774138409,0.241816585720401,0.00715593103448276,0.0154702520689655,Medium Risk
294.0,19075,114,0.00162439441436307,0.893416927899686,2.68025078369906,0.288518838129333,0.22595976042726,0.00668668965517241,0.0144558093103448,Medium Risk
308.0,19074,114,0.00162439441436307,0.893416927899686,2.68025078369906,0.288518838129333,0.22595976042726,0.00668668965517241,0.0144558093103448,Medium Risk
322.0,19073,112,0.00159589626674266,0.877742946708464,2.63322884012539,0.283457104127064,0.221995554103975,0.00656937931034483,0.0142021986206897,Medium Risk
336.0,19072,86,0.0012254203476774,0.673981191222571,2.02194357366771,0.217654562097567,0.170460871901266,0.00504434482758621,0.0109052596551724,Medium Risk
350.0,19071,86,0.0012254203476774,0.673981191222571,2.02194357366771,0.217654562097567,0.170460871901266,0.00504434482758621,0.0109052596551724,Medium Risk
364.0,19070,86,0.0012254203476774,0.67398119122257,2.02194357366771,0.217654562097567,0.170460871901266,0.00504434482758621,0.0109052596551724,Medium Risk
378.0,19069,94,0.00133941293815902,0.736677115987461,2.21003134796238,0.237901498106643,0.186317697194408,0.00551358620689655,0.0119197024137931,Medium Risk
392.0,19068,80,0.00113992590481619,0.626959247648903,1.88087774294671,0.20246936009076,0.158568252931411,0.00469241379310345,0.0101444275862069,Medium Risk
406.0,19067,86,0.0012254203476774,0.673981191222571,2.02194357366771,0.217654562097567,0.170460871901266,0.00504434482758621,0.0109052596551724,Medium Risk
420.0,19066,86,0.0012254203476774,0.673981191222571,2.02194357366771,0.217654562097567,0.170460871901266,0.00504434482758621,0.0109052596551724,Medium Risk
434.0,19065,93,0.00132516386434882,0.72884012539185,2.18652037617555,0.235370631105508,0.184335594032765,0.00545493103448276,0.0117928970689655,Medium Risk
448.0,19064,93,0.00132516386434882,0.72884012539185,2.18652037617555,0.235370631105508,0.184335594032765,0.00545493103448276,0.0117928970689655,Medium Risk
462.0,19063,93,0.00132516386434882,0.72884012539185,2.18652037617555,0.235370631105508,0.184335594032765,0.00545493103448276,0.0117928970689655,Medium Risk
476.0,19062,106,0.00151040182388145,0.830721003134796,2.49216300940439,0.268271902120257,0.210102935134119,0.00621744827586207,0.0134413665517241,Medium Risk
490.0,19061,121,0.00172413793103448,0.948275862068965,2.8448275862069,0.306234907137274,0.239834482558759,0.00709727586206896,0.0153434467241379,Medium Risk
504.0,19060,128,0.0018238814477059,1.00313479623824,3.00940438871473,0.323950976145216,0.253709204690257,0.00750786206896552,0.016231084137931,High Risk
518.0,19059,178,0.00253633513821602,1.39498432601881,4.18495297805643,0.450494326201941,0.352814362772389,0.0104406206896552,0.0225713513793103,High Risk
532.0,19058,164,0.00233684810487318,1.28526645768025,3.85579937304075,0.415062188186058,0.325064918509392,0.00961944827586207,0.0207960765517241,High Risk
546.0,19057,164,0.00233684810487318,1.28526645768025,3.85579937304075,0.415062188186058,0.325064918509392,0.00961944827586207,0.0207960765517241,High Risk
560.0,19056,164,0.00233684810487318,1.28526645768025,3.85579937304075,0.415062188186058,0.325064918509392,0.00961944827586207,0.0207960765517241,High Risk
574.0,19055,168,0.00239384440011399,1.3166144200627,3.94984326018809,0.425185656190596,0.332993331155962,0.00985406896551724,0.0213032979310345,High Risk
588.0,19054,197,0.00280706754060986,1.54388714733542,4.63166144200627,0.498580799223496,0.390474322843599,0.0115550689655172,0.0249806529310345,High Risk
602.0,19053,200,0.00284981476204047,1.56739811912226,4.70219435736677,0.5061734002269,0.396420632328527,0.0117310344827586,0.0253610689655172,High Risk
616.0,19052,220,0.00313479623824451,1.72413793103448,5.17241379310345,0.55679074024959,0.436062695561379,0.0129041379310345,0.027897175862069,High Risk
630.0,19051,254,0.00361926474779139,1.99059561128527,5.9717868338558,0.642840218288163,0.503454203057229,0.0148984137931034,0.0322085575862069,High Risk
644.0,19050,254,0.00361926474779139,1.99059561128527,5.9717868338558,0.642840218288163,0.503454203057229,0.0148984137931034,0.0322085575862069,High Risk
658.0,19049,254,0.00361926474779139,1.99059561128527,5.9717868338558,0.642840218288163,0.503454203057229,0.0148984137931034,0.0322085575862069,High Risk
672.0,19048,301,0.0042889712168709,2.358934169279,7.07680250783699,0.761790967341484,0.596613051654433,0.0176552068965517,0.0381684087931034,High Risk
686.0,19047,325,0.00463094898831576,2.54702194357367,7.641065830721,0.822531775368712,0.644183527533856,0.0190629310344828,0.0412117370689655,High Risk
700.0,19046,351,0.00500142490738102,2.75078369905956,8.25235109717868,0.888334317398209,0.695718209736564,0.0205879655172414,0.0445086760344828,High Risk
714.0,19045,315,0.00448845825021374,2.46865203761755,7.40595611285266,0.797223105357367,0.624362495917429,0.0184763793103448,0.0399436836206896,High Risk
728.0,19044,438,0.00624109432886862,3.43260188087774,10.2978056426332,1.10851974649691,0.868161184799473,0.0256909655172414,0.0555407410344827,High Risk
742.0,19043,438,0.00624109432886862,3.43260188087774,10.2978056426332,1.10851974649691,0.868161184799473,0.0256909655172414,0.0555407410344827,High Risk
756.0,19042,438,0.00624109432886862,3.43260188087774,10.2978056426332,1.10851974649691,0.868161184799473,0.0256909655172414,0.0555407410344827,High Risk
770.0,19041,511,0.00728127671701339,4.00470219435737,12.0141065830721,1.29327303757973,1.01285471559939,0.0299727931034483,0.0647975312068965,High Risk
784.0,19040,560,0.00797948133371331,4.38871473354232,13.166144200627,1.41728552063532,1.10997777051987,0.0328468965517241,0.0710109931034482,High Risk
798.0,19039,632,0.00900541464804788,4.95297805642633,14.858934169279,1.599507944717,1.25268919815814,0.0370700689655172,0.0801409779310345,High Risk
812.0,19038,666,0.00948988315759476,5.21943573667712,15.6583072100313,1.68555742275558,1.32008070565399,0.0390643448275862,0.0844523596551724,High Risk
826.0,19037,806,0.0114847534910231,6.3166144200627,18.9498432601881,2.03987880291441,1.59757514828396,0.0472760689655172,0.102205107931034,High Risk
840.0,19036,806,0.0114847534910231,6.3166144200627,18.9498432601881,2.03987880291441,1.59757514828396,0.0472760689655172,0.102205107931034,High Risk
854.0,19035,806,0.0114847534910231,6.3166144200627,18.9498432601881,2.03987880291441,1.59757514828396,0.0472760689655172,0.102205107931034,High Risk
868.0,19034,845,0.012040467369621,6.62225705329154,19.8667711598746,2.13858261595865,1.67487717158803,0.0495636206896552,0.10715051637931,High Risk
882.0,19033,911,0.0129809062410943,7.13949843260188,21.4184952978056,2.30561983803353,1.80569598025644,0.0534348620689655,0.115519669137931,High Risk
896.0,19032,997,0.0142063265887717,7.81347962382445,23.4404388714734,2.52327440013109,1.9761568521577,0.0584792068965517,0.126424928793103,High Risk
910.0,19031,1029,0.0146622969506982,8.06426332288401,24.192789968652,2.6042621441674,2.03958415333027,0.0603561724137931,0.130482699827586,High Risk
924.0,19030,1246,0.0177543459675121,9.76489028213166,29.294670846395,3.15346028341359,2.46970053940672,0.0730843448275862,0.157999459655172,High Risk
938.0,19029,1246,0.0177543459675121,9.76489028213166,29.294670846395,3.15346028341359,2.46970053940672,0.0730843448275862,0.157999459655172,High Risk
952.0,19028,1246,0.0177543459675121,9.76489028213166,29.294670846395,3.15346028341359,2.46970053940672,0.0730843448275862,0.157999459655172,High Risk
966.0,19027,1348,0.0192077514961527,10.564263322884,31.692789968652,3.4116087175293,2.67187506189427,0.0790671724137931,0.170933604827586,High Risk
980.0,19026,1458,0.020775149615275,11.4263322884013,34.2789968652038,3.6900040876541,2.88990640967496,0.0855192413793103,0.184882192758621,High Risk
994.0,19025,1440,0.0205186662866914,11.2852664576803,33.8557993730408,3.64444848163368,2.85422855276539,0.0844634482758621,0.182599696551724,High Risk
1008.0,19024,1963,0.0279709318894272,15.384012539185,46.1520376175549,4.96809192322702,3.89086850630449,0.115140103448276,0.248918891896552,High Risk
1022.0,19023,1768,0.0251923624964377,13.8557993730408,41.5673981191223,4.47457285800579,3.50435838978418,0.103702344827586,0.224191849655172,High Risk
1036.0,19022,1768,0.0251923624964377,13.8557993730408,41.5673981191223,4.47457285800579,3.50435838978418,0.103702344827586,0.224191849655172,High Risk
1050.0,19021,1768,0.0251923624964377,13.8557993730408,41.5673981191223,4.47457285800579,3.50435838978418,0.103702344827586,0.224191849655172,High Risk
1064.0,19020,1832,0.0261043032202907,14.3573667711599,43.0721003134796,4.6365483460784,3.6312129921293,0.107456275862069,0.232307391724138,High Risk
1078.0,19019,1836,0.0261612995155315,14.3887147335423,43.166144200627,4.64667181408294,3.63914140477587,0.107690896551724,0.232814613103448,High Risk
1092.0,19018,1835,0.0261470504417213,14.3808777429467,43.1426332288401,4.64414094708181,3.63715930161423,0.10763224137931,0.232687807758621,High Risk
1106.0,19017,1936,0.0275862068965517,15.1724137931034,45.5172413793103,4.89975851419639,3.83735172094014,0.113556413793103,0.245495147586207,High Risk
1120.0,19016,2050,0.0292106013109148,16.0658307210031,48.1974921630094,5.18827735232572,4.0633114813674,0.120243103448276,0.259950956896552,High Risk
1134.0,19015,2050,0.0292106013109148,16.0658307210031,48.1974921630094,5.18827735232572,4.0633114813674,0.120243103448276,0.259950956896552,High Risk
1148.0,19014,2050,0.0292106013109148,16.0658307210031,48.1974921630094,5.18827735232572,4.0633114813674,0.120243103448276,0.259950956896552,High Risk
1162.0,19013,2063,0.0293958392704474,16.1677115987461,48.5031347962382,5.22117862334047,4.08907882246875,0.121005620689655,0.26159942637931,High Risk
1176.0,19012,2002,0.0285266457680251,15.6896551724138,47.0689655172414,5.06679573627127,3.96817052960855,0.117427655172414,0.253864300344827,High Risk
1190.0,19011,2117,0.0301652892561983,16.5909090909091,49.7727272727273,5.35784544140173,4.19611239319745,0.124173,0.268446915,High Risk
1204.0,19010,1631,0.02324023938444,12.782131661442,38.346394984326,4.12784407885037,3.23281025663913,0.0956665862068965,0.206819517413793,High Risk
1218.0,19009,1795,0.0255770874893132,14.0673981191223,42.2021943573668,4.54290626703643,3.55787517514853,0.105286034482759,0.227615593965517,High Risk
1232.0,19008,1795,0.0255770874893132,14.0673981191223,42.2021943573668,4.54290626703643,3.55787517514853,0.105286034482759,0.227615593965517,High Risk
1246.0,19007,1795,0.0255770874893132,14.0673981191223,42.2021943573668,4.54290626703643,3.55787517514853,0.105286034482759,0.227615593965517,High Risk
1260.0,19006,1771,0.0252351097178683,13.8793103448276,41.6379310344828,4.4821654590092,3.5103046992691,0.103878310344828,0.224572265689655,High Risk
1274.0,19005,1757,0.0250356226845255,13.769592476489,41.3087774294671,4.44673332099332,3.48255525500611,0.103057137931034,0.222796990862069,High Risk
1288.0,19004,1708,0.0243374180678256,13.3855799373041,40.1567398119122,4.32272083793772,3.38543220008562,0.100183034482759,0.216583528965517,High Risk
1302.0,19003,1662,0.0236819606725563,13.025078369906,39.0752351097179,4.20630095588554,3.29425545465006,0.0974848965517241,0.210750483103448,High Risk
1316.0,19002,1300,0.018523795953263,10.1880877742947,30.564263322884,3.29012710147485,2.57673411013542,0.076251724137931,0.164846948275862,High Risk
1330.0,19001,1300,0.018523795953263,10.1880877742947,30.564263322884,3.29012710147485,2.57673411013542,0.076251724137931,0.164846948275862,High Risk
1344.0,19000,1300,0.018523795953263,10.1880877742947,30.564263322884,3.29012710147485,2.57673411013542,0.076251724137931,0.164846948275862,High Risk
1358.0,18999,1162,0.0165574237674551,9.10658307210031,27.3197492163009,2.94086745531829,2.30320387382874,0.0681573103448276,0.147347810689655,High Risk
1372.0,18998,1093,0.0155742376745512,8.56583072100313,25.6974921630094,2.76623763224001,2.1664387556754,0.0641101034482758,0.138598241896552,High Risk
1386.0,18997,972,0.0138500997435167,7.61755485893417,22.8526645768025,2.46000272510273,1.92660427311664,0.0570128275862069,0.123254795172414,High Risk
1400.0,18996,915,0.0130379025363351,7.17084639498433,21.512539184953,2.31574330603807,1.81362439290301,0.0536694827586207,0.116026890517241,High Risk
1414.0,18995,890,0.0126816756910801,6.97492163009404,20.9247648902821,2.2524716310097,1.76407181386194,0.0522031034482759,0.112856756896552,High Risk
1428.0,18994,890,0.0126816756910801,6.97492163009404,20.9247648902821,2.2524716310097,1.76407181386194,0.0522031034482759,0.112856756896552,High Risk
1442.0,18993,890,0.0126816756910801,6.97492163009404,20.9247648902821,2.2524716310097,1.76407181386194,0.0522031034482759,0.112856756896552,High Risk
1456.0,18992,819,0.0116699914505557,6.41849529780564,19.2554858934169,2.07278007392916,1.62334248938532,0.0480385862068965,0.103853577413793,High Risk
1470.0,18991,759,0.0108150470219436,5.94827586206897,17.8448275862069,1.92092805386108,1.50441629968676,0.044519275862069,0.0962452567241379,High Risk
1484.0,18990,720,0.0102593331433457,5.64263322884013,16.9278996865204,1.82222424081684,1.4271142763827,0.042231724137931,0.091299848275862,High Risk
1498.0,18989,639,0.00910515816471929,5.00783699059561,15.0235109717868,1.61722401372495,1.26656392028964,0.0374806551724138,0.0810286153448276,High Risk
1512.0,18988,627,0.00893416927899687,4.91379310344828,14.7413793103448,1.58685360971133,1.24277868234993,0.0367767931034483,0.0795069512068965,High Risk
1526.0,18987,627,0.00893416927899687,4.91379310344828,14.7413793103448,1.58685360971133,1.24277868234993,0.0367767931034483,0.0795069512068965,High Risk
1540.0,18986,627,0.00893416927899687,4.91379310344828,14.7413793103448,1.58685360971133,1.24277868234993,0.0367767931034483,0.0795069512068965,High Risk
1554.0,18985,614,0.00874893131946423,4.81191222570533,14.435736677116,1.55395233869658,1.21701134124858,0.036014275862069,0.0778584817241379,High Risk
1568.0,18984,607,0.00864918780279282,4.75705329153605,14.2711598746082,1.53623626968864,1.20313661911708,0.0356036896551724,0.0769708443103448,High Risk
1582.0,18983,586,0.00834995725277857,4.59247648902821,13.7774294670846,1.48308806266482,1.16151245272258,0.0343719310344828,0.0743079320689655,High Risk
1596.0,18982,566,0.00806497577657452,4.43573667711599,13.307210031348,1.43247072264213,1.12187038948973,0.0331988275862069,0.0717718251724138,High Risk
1610.0,18981,568,0.00809347392419493,4.45141065830721,13.3542319749216,1.4375324566444,1.12583459581302,0.0333161379310345,0.0720254358620689,High Risk
1624.0,18980,568,0.00809347392419493,4.45141065830721,13.3542319749216,1.4375324566444,1.12583459581302,0.0333161379310345,0.0720254358620689,High Risk
1638.0,18979,568,0.00809347392419493,4.45141065830721,13.3542319749216,1.4375324566444,1.12583459581302,0.0333161379310345,0.0720254358620689,High Risk
1652.0,18978,554,0.00789398689085209,4.34169278996865,13.025078369906,1.40210031862851,1.09808515155002,0.0324949655172414,0.0702501610344827,High Risk
1666.0,18977,555,0.0079082359646623,4.34952978056426,13.0485893416928,1.40463118562965,1.10006725471166,0.0325536206896552,0.0703769663793103,High Risk
1680.0,18976,564,0.00803647762895412,4.42006269592476,13.2601880877743,1.42740898863986,1.11790618316644,0.0330815172413793,0.0715182144827586,High Risk
1694.0,18975,576,0.00820746651467655,4.5141065830721,13.5423197492163,1.45777939265347,1.14169142110616,0.0337853793103448,0.0730398786206896,High Risk
1708.0,18974,574,0.00817896836705614,4.49843260188088,13.4952978056426,1.4527176586512,1.13772721478287,0.0336680689655172,0.0727862679310345,High Risk
1722.0,18973,574,0.00817896836705614,4.49843260188088,13.4952978056426,1.4527176586512,1.13772721478287,0.0336680689655172,0.0727862679310345,High Risk
1736.0,18972,574,0.00817896836705614,4.49843260188088,13.4952978056426,1.4527176586512,1.13772721478287,0.0336680689655172,0.0727862679310345,High Risk
1750.0,18971,579,0.00825021373610715,4.53761755485893,13.6128526645768,1.46537199365687,1.14763773059108,0.0339613448275862,0.0734202946551724,High Risk
1764.0,18970,528,0.00752351097178683,4.13793103448276,12.4137931034483,1.33629777659902,1.04655046934731,0.0309699310344828,0.0669532220689655,High Risk
1778.0,18969,508,0.00723852949558279,3.98119122257053,11.9435736677116,1.28568043657633,1.00690840611446,0.0297968275862069,0.0644171151724138,High Risk
1792.0,18968,503,0.00716728412653178,3.94200626959248,11.8260188087774,1.27302610157065,0.996997890306245,0.0295035517241379,0.0637830884482758,High Risk
1806.0,18967,449,0.00639783414078085,3.51880877742947,10.5564263322884,1.13635928350939,0.889964319577542,0.0263361724137931,0.0569355998275862,High Risk
1820.0,18966,449,0.00639783414078085,3.51880877742947,10.5564263322884,1.13635928350939,0.889964319577542,0.0263361724137931,0.0569355998275862,High Risk
1834.0,18965,449,0.00639783414078085,3.51880877742947,10.5564263322884,1.13635928350939,0.889964319577542,0.0263361724137931,0.0569355998275862,High Risk
1848.0,18964,409,0.00582787118837276,3.20532915360502,9.61598746081505,1.03512460346401,0.810680193111837,0.0239899655172414,0.0518633860344827,High Risk
1862.0,18963,389,0.00554288971216871,3.04858934169279,9.14576802507837,0.98450726344132,0.771038129878984,0.0228168620689655,0.049327279137931,High Risk
1876.0,18962,368,0.00524365916215446,2.88401253918495,8.65203761755486,0.931359056417496,0.729413963484489,0.0215851034482759,0.0466643668965517,High Risk
1890.0,18961,343,0.0048874323168994,2.68808777429467,8.06426332288401,0.868087381389133,0.679861384443423,0.020118724137931,0.0434942332758621,High Risk
1904.0,18960,311,0.00443146195497293,2.43730407523511,7.31191222570533,0.787099637352829,0.616434083270859,0.0182417586206896,0.0394364622413793,High Risk
1918.0,18959,311,0.00443146195497293,2.43730407523511,7.31191222570533,0.787099637352829,0.616434083270859,0.0182417586206896,0.0394364622413793,High Risk
1932.0,18958,311,0.00443146195497293,2.43730407523511,7.31191222570533,0.787099637352829,0.616434083270859,0.0182417586206896,0.0394364622413793,High Risk
1946.0,18957,291,0.00414648047876888,2.28056426332288,6.84169278996865,0.736482297330139,0.576792020038006,0.0170686551724138,0.0369003553448276,High Risk
1960.0,18956,291,0.00414648047876888,2.28056426332288,6.84169278996865,0.736482297330139,0.576792020038006,0.0170686551724138,0.0369003553448276,High Risk
1974.0,18955,281,0.00400398974066686,2.20219435736677,6.60658307210031,0.711173627318794,0.55697098842158,0.0164821034482759,0.0356323018965517,High Risk
1988.0,18954,275,0.00391849529780564,2.1551724137931,6.46551724137931,0.695988425311987,0.545078369451724,0.0161301724137931,0.0348714698275862,High Risk
2002.0,18953,206,0.00293530920490168,1.61442006269592,4.84326018808777,0.521358602233707,0.408313251298382,0.0120829655172414,0.0261219010344828,High Risk
2016.0,18952,206,0.00293530920490168,1.61442006269592,4.84326018808777,0.521358602233707,0.408313251298382,0.0120829655172414,0.0261219010344828,High Risk
2030.0,18951,206,0.00293530920490168,1.61442006269592,4.84326018808777,0.521358602233707,0.408313251298382,0.0120829655172414,0.0261219010344828,High Risk
2044.0,18950,204,0.00290681105728128,1.5987460815047,4.79623824451411,0.516296868231438,0.404349044975097,0.0119656551724138,0.0258682903448276,High Risk
2058.0,18949,189,0.00269307495012824,1.48119122257053,4.4435736677116,0.47833386321442,0.374617497550458,0.0110858275862069,0.0239662101724138,High Risk
2072.0,18948,168,0.00239384440011399,1.3166144200627,3.94984326018809,0.425185656190596,0.332993331155962,0.00985406896551724,0.0213032979310345,High Risk
2086.0,18947,165,0.00235109717868339,1.29310344827586,3.87931034482759,0.417593055187192,0.327047021671034,0.00967810344827586,0.0209228818965517,High Risk
2100.0,18946,138,0.00196637218580792,1.08150470219436,3.24451410658307,0.349259646156561,0.273530236306683,0.00809441379310345,0.0174991375862069,High Risk
2114.0,18945,138,0.00196637218580792,1.08150470219436,3.24451410658307,0.349259646156561,0.273530236306683,0.00809441379310345,0.0174991375862069,High Risk
2128.0,18944,138,0.00196637218580792,1.08150470219436,3.24451410658307,0.349259646156561,0.273530236306683,0.00809441379310345,0.0174991375862069,High Risk
2142.0,18943,112,0.00159589626674266,0.877742946708464,2.63322884012539,0.283457104127064,0.221995554103975,0.00656937931034483,0.0142021986206897,Medium Risk
2156.0,18942,112,0.00159589626674266,0.877742946708464,2.63322884012539,0.283457104127064,0.221995554103975,0.00656937931034483,0.0142021986206897,Medium Risk
2170.0,18941,105,0.00149615275007125,0.822884012539185,2.46865203761755,0.265741035119122,0.208120831972476,0.00615879310344827,0.0133145612068965,Medium Risk
2184.0,18940,98,0.00139640923339983,0.768025078369906,2.30407523510972,0.248024966111181,0.194246109840978,0.00574820689655172,0.0124269237931034,Medium Risk
2198.0,18939,102,0.00145340552864064,0.799373040752351,2.39811912225705,0.258148434115719,0.202174522487549,0.0059828275862069,0.0129341451724138,Medium Risk
2212.0,18938,102,0.00145340552864064,0.799373040752351,2.39811912225705,0.258148434115719,0.202174522487549,0.0059828275862069,0.0129341451724138,Medium Risk
2226.0,18937,102,0.00145340552864064,0.799373040752351,2.39811912225705,0.258148434115719,0.202174522487549,0.0059828275862069,0.0129341451724138,Medium Risk
2240.0,18936,98,0.00139640923339983,0.768025078369906,2.30407523510972,0.248024966111181,0.194246109840978,0.00574820689655172,0.0124269237931034,Medium Risk
2254.0,18935,99,0.00141065830721003,0.775862068965517,2.32758620689655,0.250555833112315,0.196228213002621,0.00580686206896552,0.012553729137931,Medium Risk
2268.0,18934,106,0.00151040182388145,0.830721003134796,2.49216300940439,0.268271902120257,0.210102935134119,0.00621744827586207,0.0134413665517241,Medium Risk
2282.0,18933,107,0.00152465089769165,0.838557993730408,2.51567398119122,0.270802769121391,0.212085038295762,0.00627610344827586,0.0135681718965517,Medium Risk
2296.0,18932,103,0.00146765460245084,0.807210031347962,2.42163009404389,0.260679301116853,0.204156625649191,0.00604148275862069,0.0130609505172414,Medium Risk
2310.0,18931,103,0.00146765460245084,0.807210031347962,2.42163009404389,0.260679301116853,0.204156625649191,0.00604148275862069,0.0130609505172414,Medium Risk
2324.0,18930,103,0.00146765460245084,0.807210031347962,2.42163009404389,0.260679301116853,0.204156625649191,0.00604148275862069,0.0130609505172414,Medium Risk
2338.0,18929,92,0.00131091479053862,0.721003134796238,2.16300940438871,0.232839764104374,0.182353490871122,0.00539627586206896,0.0116660917241379,Medium Risk
2352.0,18928,101,0.00143915645483044,0.79153605015674,2.37460815047022,0.255617567114584,0.200192419325906,0.0059241724137931,0.0128073398275862,Medium Risk
2366.0,18927,100,0.00142490738102023,0.783699059561128,2.35109717868339,0.25308670011345,0.198210316164263,0.00586551724137931,0.0126805344827586,Medium Risk
2380.0,18926,140,0.00199487033342833,1.09717868338558,3.29153605015674,0.35432138015883,0.277494442629969,0.00821172413793103,0.0177527482758621,High Risk
2394.0,18925,118,0.00168139070960388,0.924764890282132,2.7742946708464,0.298642306133871,0.233888173073831,0.00692131034482758,0.0149630306896552,Medium Risk
2408.0,18924,118,0.00168139070960388,0.924764890282132,2.7742946708464,0.298642306133871,0.233888173073831,0.00692131034482758,0.0149630306896552,Medium Risk
2422.0,18923,118,0.00168139070960388,0.924764890282132,2.7742946708464,0.298642306133871,0.233888173073831,0.00692131034482758,0.0149630306896552,Medium Risk
2436.0,18922,117,0.00166714163579367,0.91692789968652,2.75078369905956,0.296111439132736,0.231906069912188,0.00686265517241379,0.0148362253448276,Medium Risk
2450.0,18921,118,0.00168139070960388,0.924764890282132,2.7742946708464,0.298642306133871,0.233888173073831,0.00692131034482758,0.0149630306896552,Medium Risk
2464.0,18920,109,0.00155314904531205,0.85423197492163,2.56269592476489,0.27586450312366,0.216049244619047,0.00639341379310345,0.0138217825862069,Medium Risk
2478.0,18919,107,0.00152465089769165,0.838557993730408,2.51567398119122,0.270802769121391,0.212085038295762,0.00627610344827586,0.0135681718965517,Medium Risk
2492.0,18918,121,0.00172413793103448,0.948275862068966,2.8448275862069,0.306234907137274,0.239834482558759,0.00709727586206896,0.0153434467241379,Medium Risk
2506.0,18917,121,0.00172413793103448,0.948275862068966,2.8448275862069,0.306234907137274,0.239834482558759,0.00709727586206896,0.0153434467241379,Medium Risk
2520.0,18916,121,0.00172413793103448,0.948275862068966,2.8448275862069,0.306234907137274,0.239834482558759,0.00709727586206896,0.0153434467241379,Medium Risk
2534.0,18915,130,0.0018523795953263,1.01880877742947,3.0564263322884,0.329012710147485,0.257673411013542,0.0076251724137931,0.0164846948275862,High Risk
2548.0,18914,126,0.00179538330008549,0.987460815047022,2.96238244514107,0.318889242142947,0.249744998366972,0.00739055172413793,0.0159774734482759,Medium Risk
2562.0,18913,122,0.00173838700484469,0.956112852664577,2.86833855799373,0.308765774138409,0.241816585720401,0.00715593103448276,0.0154702520689655,Medium Risk
2576.0,18912,86,0.0012254203476774,0.673981191222571,2.02194357366771,0.217654562097567,0.170460871901266,0.00504434482758621,0.0109052596551724,Medium Risk
2590.0,18911,131,0.00186662866913651,1.02664576802508,3.07993730407523,0.331543577148619,0.259655514175185,0.00768382758620689,0.0166115001724138,High Risk
2604.0,18910,131,0.00186662866913651,1.02664576802508,3.07993730407523,0.331543577148619,0.259655514175185,0.00768382758620689,0.0166115001724138,High Risk
2618.0,18909,131,0.00186662866913651,1.02664576802508,3.07993730407523,0.331543577148619,0.259655514175185,0.00768382758620689,0.0166115001724138,High Risk
2632.0,18908,130,0.0018523795953263,1.01880877742947,3.0564263322884,0.329012710147485,0.257673411013542,0.0076251724137931,0.0164846948275862,High Risk
2646.0,18907,136,0.00193787403818752,1.06583072100313,3.1974921630094,0.344197912154292,0.269566029983398,0.00797710344827586,0.0172455268965517,High Risk
2660.0,18906,144,0.00205186662866914,1.12852664576803,3.38557993730408,0.364444848163368,0.285422855276539,0.0084463448275862,0.0182599696551724,High Risk
2674.0,18905,156,0.00222285551439156,1.22257053291536,3.66771159874608,0.394815252176982,0.309208093216251,0.00915020689655172,0.0197816337931034,High Risk
2688.0,18904,178,0.00253633513821602,1.39498432601881,4.18495297805643,0.450494326201941,0.352814362772389,0.0104406206896552,0.0225713513793103,High Risk
2702.0,18903,178,0.00253633513821602,1.39498432601881,4.18495297805643,0.450494326201941,0.352814362772389,0.0104406206896552,0.0225713513793103,High Risk
2716.0,18902,178,0.00253633513821602,1.39498432601881,4.18495297805643,0.450494326201941,0.352814362772389,0.0104406206896552,0.0225713513793103,High Risk
2730.0,18901,176,0.00250783699059561,1.37931034482759,4.13793103448276,0.445432592199672,0.348850156449103,0.0103233103448276,0.0223177406896552,High Risk
2744.0,18900,185,0.00263607865488743,1.44984326018809,4.34952978056426,0.468210395209882,0.366689084903887,0.0108512068965517,0.0234589887931034,High Risk
2758.0,18899,210,0.00299230550014249,1.64576802507837,4.93730407523511,0.531482070238245,0.416241663944953,0.0123175862068965,0.0266291224137931,High Risk
2772.0,18898,211,0.00300655457395269,1.65360501567398,4.96081504702194,0.534012937239379,0.418223767106596,0.0123762413793103,0.0267559277586207,High Risk
2786.0,18897,223,0.00317754345967512,1.74764890282132,5.24294670846395,0.564383341252993,0.442009005046307,0.0130801034482759,0.0282775918965517,High Risk
2800.0,18896,223,0.00317754345967512,1.74764890282132,5.24294670846395,0.564383341252993,0.442009005046307,0.0130801034482759,0.0282775918965517,High Risk
2814.0,18895,223,0.00317754345967512,1.74764890282132,5.24294670846395,0.564383341252993,0.442009005046307,0.0130801034482759,0.0282775918965517,High Risk
2828.0,18894,234,0.00333428327158735,1.83385579937304,5.50156739811912,0.592222878265473,0.463812139824376,0.0137253103448276,0.0296724506896552,High Risk
2842.0,18893,247,0.00351952123111998,1.93573667711599,5.80721003134796,0.625124149280221,0.48957948092573,0.0144878275862069,0.0313209201724138,High Risk
2856.0,18892,252,0.00359076660017099,1.97492163009404,5.92476489028213,0.637778484285894,0.499489996733944,0.0147811034482759,0.0319549468965517,High Risk
2870.0,18891,269,0.00383300085494443,2.10815047021944,6.32445141065831,0.68080322330518,0.533185750481868,0.0157782413793103,0.0341106377586207,High Risk
2884.0,18890,218,0.00310629809062411,1.70846394984326,5.12539184952978,0.551729006247321,0.432098489238094,0.0127868275862069,0.0276435651724138,High Risk
2898.0,18889,218,0.00310629809062411,1.70846394984326,5.12539184952978,0.551729006247321,0.432098489238094,0.0127868275862069,0.0276435651724138,High Risk
2912.0,18888,218,0.00310629809062411,1.70846394984326,5.12539184952978,0.551729006247321,0.432098489238094,0.0127868275862069,0.0276435651724138,High Risk
2926.0,18887,210,0.00299230550014249,1.64576802507837,4.93730407523511,0.531482070238245,0.416241663944953,0.0123175862068965,0.0266291224137931,High Risk
2940.0,18886,206,0.00293530920490168,1.61442006269592,4.84326018808777,0.521358602233707,0.408313251298382,0.0120829655172414,0.0261219010344828,High Risk
2954.0,18885,187,0.00266457680250784,1.46551724137931,4.39655172413793,0.473272129212151,0.370653291227172,0.0109685172413793,0.0237125994827586,High Risk
2968.0,18884,184,0.00262182958107723,1.44200626959248,4.32601880877743,0.465679528208748,0.364706981742244,0.0107925517241379,0.0233321834482759,High Risk
2982.0,18883,156,0.00222285551439156,1.22257053291536,3.66771159874608,0.394815252176982,0.309208093216251,0.00915020689655172,0.0197816337931034,High Risk
2996.0,18882,156,0.00222285551439156,1.22257053291536,3.66771159874608,0.394815252176982,0.309208093216251,0.00915020689655172,0.0197816337931034,High Risk
3010.0,18881,156,0.00222285551439156,1.22257053291536,3.66771159874608,0.394815252176982,0.309208093216251,0.00915020689655172,0.0197816337931034,High Risk
3024.0,18880,143,0.00203761755485893,1.12068965517241,3.36206896551724,0.361913981162233,0.283440752114897,0.00838768965517241,0.0181331643103448,High Risk
3038.0,18879,127,0.0018096323738957,0.995297805642633,2.9858934169279,0.321420109144081,0.251727101528614,0.00744920689655172,0.0161042787931034,Medium Risk
3052.0,18878,117,0.00166714163579367,0.91692789968652,2.75078369905956,0.296111439132736,0.231906069912188,0.00686265517241379,0.0148362253448276,Medium Risk
3066.0,18877,84,0.001196922200057,0.658307210031348,1.97492163009404,0.212592828095298,0.166496665577981,0.00492703448275862,0.0106516489655172,Medium Risk
3080.0,18876,105,0.00149615275007125,0.822884012539185,2.46865203761755,0.265741035119122,0.208120831972476,0.00615879310344827,0.0133145612068965,Medium Risk
3094.0,18875,105,0.00149615275007125,0.822884012539185,2.46865203761755,0.265741035119122,0.208120831972476,0.00615879310344827,0.0133145612068965,Medium Risk
3108.0,18874,105,0.00149615275007125,0.822884012539185,2.46865203761755,0.265741035119122,0.208120831972476,0.00615879310344827,0.0133145612068965,Medium Risk
3122.0,18873,104,0.00148190367626104,0.815047021943574,2.44514106583072,0.263210168117988,0.206138728810834,0.00610013793103448,0.013187755862069,Medium Risk
3136.0,18872,103,0.00146765460245084,0.807210031347962,2.42163009404389,0.260679301116853,0.204156625649191,0.00604148275862069,0.0130609505172414,Medium Risk
3150.0,18871,105,0.00149615275007125,0.822884012539185,2.46865203761755,0.265741035119122,0.208120831972476,0.00615879310344827,0.0133145612068965,Medium Risk
3164.0,18870,106,0.00151040182388145,0.830721003134796,2.49216300940439,0.268271902120257,0.210102935134119,0.00621744827586207,0.0134413665517241,Medium Risk
3178.0,18869,98,0.00139640923339983,0.768025078369906,2.30407523510972,0.248024966111181,0.194246109840978,0.00574820689655172,0.0124269237931034,Medium Risk
3192.0,18868,98,0.00139640923339983,0.768025078369906,2.30407523510972,0.248024966111181,0.194246109840978,0.00574820689655172,0.0124269237931034,Medium Risk
3206.0,18867,98,0.00139640923339983,0.768025078369906,2.30407523510972,0.248024966111181,0.194246109840978,0.00574820689655172,0.0124269237931034,Medium Risk
3220.0,18866,98,0.00139640923339983,0.768025078369906,2.30407523510972,0.248024966111181,0.194246109840978,0.00574820689655172,0.0124269237931034,Medium Risk
3234.0,18865,98,0.00139640923339983,0.768025078369906,2.30407523510972,0.248024966111181,0.194246109840978,0.00574820689655172,0.0124269237931034,Medium Risk
3248.0,18864,98,0.00139640923339983,0.768025078369906,2.30407523510972,0.248024966111181,0.194246109840978,0.00574820689655172,0.0124269237931034,Medium Risk
3262.0,18863,103,0.00146765460245084,0.807210031347962,2.42163009404389,0.260679301116853,0.204156625649191,0.00604148275862069,0.0130609505172414,Medium Risk
3276.0,18862,92,0.00131091479053862,0.721003134796238,2.16300940438871,0.232839764104374,0.182353490871122,0.00539627586206896,0.0116660917241379,Medium Risk
3290.0,18861,92,0.00131091479053862,0.721003134796238,2.16300940438871,0.232839764104374,0.182353490871122,0.00539627586206896,0.0116660917241379,Medium Risk
3304.0,18860,92,0.00131091479053862,0.721003134796238,2.16300940438871,0.232839764104374,0.182353490871122,0.00539627586206896,0.0116660917241379,Medium Risk
3318.0,18859,95,0.00135366201196922,0.744514106583072,2.23354231974922,0.240432365107777,0.18829980035605,0.00557224137931034,0.0120465077586207,Medium Risk
3332.0,18858,99,0.00141065830721003,0.775862068965517,2.32758620689655,0.250555833112315,0.196228213002621,0.00580686206896552,0.012553729137931,Medium Risk
3346.0,18857,93,0.00132516386434882,0.72884012539185,2.18652037617555,0.235370631105508,0.184335594032765,0.00545493103448276,0.0117928970689655,Medium Risk
3360.0,18856,93,0.00132516386434882,0.72884012539185,2.18652037617555,0.235370631105508,0.184335594032765,0.00545493103448276,0.0117928970689655,Medium Risk
3374.0,18855,83,0.00118267312624679,0.650470219435737,1.95141065830721,0.210061961094163,0.164514562416339,0.00486837931034483,0.0105248436206897,Medium Risk
3388.0,18854,83,0.00118267312624679,0.650470219435737,1.95141065830721,0.210061961094163,0.164514562416339,0.00486837931034483,0.0105248436206897,Medium Risk
3402.0,18853,83,0.00118267312624679,0.650470219435737,1.95141065830721,0.210061961094163,0.164514562416339,0.00486837931034483,0.0105248436206897,Medium Risk
3416.0,18852,77,0.00109717868338558,0.603448275862069,1.81034482758621,0.194876759087356,0.152621943446483,0.00451644827586207,0.00976401155172413,Medium Risk
3430.0,18851,68,0.000968937019093759,0.532915360501567,1.5987460815047,0.172098956077146,0.134783014991699,0.00398855172413793,0.00862276344827586,Medium Risk
3444.0,18850,62,0.000883442576232545,0.4858934169279,1.4576802507837,0.156913754070339,0.122890396021843,0.00363662068965517,0.00786193137931034,Medium Risk
3458.0,18849,57,0.000812197207181533,0.446708463949843,1.34012539184953,0.144259419064666,0.11297988021363,0.00334334482758621,0.00722790465517241,Medium Risk
3472.0,18848,49,0.000698204616699914,0.384012539184953,1.15203761755486,0.12401248305559,0.097123054920489,0.00287410344827586,0.00621346189655172,Medium Risk
3486.0,18847,49,0.000698204616699914,0.384012539184953,1.15203761755486,0.12401248305559,0.097123054920489,0.00287410344827586,0.00621346189655172,Medium Risk
3500.0,18846,49,0.000698204616699914,0.384012539184953,1.15203761755486,0.12401248305559,0.097123054920489,0.00287410344827586,0.00621346189655172,Medium Risk
3514.0,18845,41,0.000584212026218296,0.321316614420063,0.963949843260188,0.103765547046514,0.0812662296273479,0.00240486206896552,0.00519901913793103,Medium Risk
3528.0,18844,29,0.000413223140495868,0.227272727272727,0.681818181818182,0.0733951430329004,0.0574809916876364,0.001701,0.003677355,Medium Risk
3542.0,18843,27,0.000384724992875463,0.211598746081505,0.634796238244514,0.0683334090306315,0.0535167853643511,0.00158368965517241,0.00342374431034483,Medium Risk
3556.0,18842,21,0.000299230550014249,0.164576802507837,0.493730407523511,0.0531482070238245,0.0416241663944953,0.00123175862068966,0.00266291224137931,Medium Risk
3570.0,18841,13,0.00018523795953263,0.101880877742947,0.30564263322884,0.0329012710147485,0.0257673411013542,0.00076251724137931,0.00164846948275862,Medium Risk
3584.0,18840,13,0.00018523795953263,0.101880877742947,0.30564263322884,0.0329012710147485,0.0257673411013542,0.00076251724137931,0.00164846948275862,Medium Risk
3598.0,18839,13,0.00018523795953263,0.101880877742947,0.30564263322884,0.0329012710147485,0.0257673411013542,0.00076251724137931,0.00164846948275862,Medium Risk
3612.0,18838,11,0.000156739811912226,0.0862068965517241,0.258620689655172,0.0278395370124795,0.021803134778069,0.000645206896551724,0.00139485879310345,Low Risk
3626.0,18837,9,0.000128241664291821,0.0705329153605016,0.211598746081505,0.0227778030102105,0.0178389284547837,0.000527896551724138,0.00114124810344828,Low Risk
3640.0,18836,9,0.000128241664291821,0.0705329153605016,0.211598746081505,0.0227778030102105,0.0178389284547837,0.000527896551724138,0.00114124810344828,Low Risk
3654.0,18835,8,0.000113992590481619,0.0626959247648903,0.188087774294671,0.020246936009076,0.0158568252931411,0.000469241379310345,0.00101444275862069,Low Risk
3668.0,18834,7,9.97435166714164e-05,0.054858934169279,0.164576802507837,0.0177160690079415,0.0138747221314984,0.000410586206896552,0.000887637413793103,Low Risk
3682.0,18833,7,9.97435166714164e-05,0.054858934169279,0.164576802507837,0.0177160690079415,0.0138747221314984,0.000410586206896552,0.000887637413793103,Low Risk
3696.0,18832,7,9.97435166714164e-05,0.054858934169279,0.164576802507837,0.0177160690079415,0.0138747221314984,0.000410586206896552,0.000887637413793103,Low Risk
3710.0,18831,6,8.5494442861214e-05,0.0470219435736677,0.141065830721003,0.015185202006807,0.0118926189698558,0.000351931034482759,0.000760832068965517,Low Risk
3724.0,18830,5,7.12453690510117e-05,0.0391849529780564,0.117554858934169,0.0126543350056725,0.00991051580821317,0.000293275862068965,0.000634026724137931,Low Risk
3738.0,18829,4,5.69962952408093e-05,0.0313479623824451,0.0940438871473354,0.010123468004538,0.00792841264657053,0.000234620689655172,0.000507221379310345,Low Risk
3752.0,18828,5,7.12453690510117e-05,0.0391849529780564,0.117554858934169,0.0126543350056725,0.00991051580821317,0.000293275862068965,0.000634026724137931,Low Risk
3766.0,18827,2,2.84981476204047e-05,0.0156739811912226,0.0470219435736677,0.005061734002269,0.00396420632328527,0.000117310344827586,0.000253610689655172,Low Risk
3780.0,18826,2,2.84981476204047e-05,0.0156739811912226,0.0470219435736677,0.005061734002269,0.00396420632328527,0.000117310344827586,0.000253610689655172,Low Risk
3794.0,18825,2,2.84981476204047e-05,0.0156739811912226,0.0470219435736677,0.005061734002269,0.00396420632328527,0.000117310344827586,0.000253610689655172,Low Risk
3808.0,18824,2,2.84981476204047e-05,0.0156739811912226,0.0470219435736677,0.005061734002269,0.00396420632328527,0.000117310344827586,0.000253610689655172,Low Risk
3822.0,18823,2,2.84981476204047e-05,0.0156739811912226,0.0470219435736677,0.005061734002269,0.00396420632328527,0.000117310344827586,0.000253610689655172,Low Risk
3836.0,18822,3,4.2747221430607e-05,0.0235109717868339,0.0705329153605016,0.0075926010034035,0.0059463094849279,0.000175965517241379,0.000380416034482759,Low Risk
3850.0,18821,3,4.2747221430607e-05,0.0235109717868339,0.0705329153605016,0.0075926010034035,0.0059463094849279,0.000175965517241379,0.000380416034482759,Low Risk
3864.0,18820,2,2.84981476204047e-05,0.0156739811912226,0.0470219435736677,0.005061734002269,0.00396420632328527,0.000117310344827586,0.000253610689655172,Low Risk
3878.0,18819,2,2.84981476204047e-05,0.0156739811912226,0.0470219435736677,0.005061734002269,0.00396420632328527,0.000117310344827586,0.000253610689655172,Low Risk
3892.0,18818,2,2.84981476204047e-05,0.0156739811912226,0.0470219435736677,0.005061734002269,0.00396420632328527,0.000117310344827586,0.000253610689655172,Low Risk
3906.0,18817,4,5.69962952408093e-05,0.0313479623824451,0.0940438871473354,0.010123468004538,0.00792841264657053,0.000234620689655172,0.000507221379310345,Low Risk
3920.0,18816,5,7.12453690510117e-05,0.0391849529780564,0.117554858934169,0.0126543350056725,0.00991051580821317,0.000293275862068965,0.000634026724137931,Low Risk
3934.0,18815,5,7.12453690510117e-05,0.0391849529780564,0.117554858934169,0.0126543350056725,0.00991051580821317,0.000293275862068965,0.000634026724137931,Low Risk
3948.0,18814,4,5.69962952408093e-05,0.0313479623824451,0.0940438871473354,0.010123468004538,0.00792841264657053,0.000234620689655172,0.000507221379310345,Low Risk
3962.0,18813,4,5.69962952408093e-05,0.0313479623824451,0.0940438871473354,0.010123468004538,0.00792841264657053,0.000234620689655172,0.000507221379310345,Low Risk
3976.0,18812,5,7.12453690510117e-05,0.0391849529780564,0.117554858934169,0.0126543350056725,0.00991051580821317,0.000293275862068965,0.000634026724137931,Low Risk
3990.0,18811,6,8.5494442861214e-05,0.0470219435736677,0.141065830721003,0.015185202006807,0.0118926189698558,0.000351931034482759,0.000760832068965517,Low Risk
4004.0,18810,6,8.5494442861214e-05,0.0470219435736677,0.141065830721003,0.015185202006807,0.0118926189698558,0.000351931034482759,0.000760832068965517,Low Risk
4018.0,18809,6,8.5494442861214e-05,0.0470219435736677,0.141065830721003,0.015185202006807,0.0118926189698558,0.000351931034482759,0.000760832068965517,Low Risk
4032.0,18808,5,7.12453690510117e-05,0.0391849529780564,0.117554858934169,0.0126543350056725,0.00991051580821317,0.000293275862068965,0.000634026724137931,Low Risk
4046.0,18807,5,7.12453690510117e-05,0.0391849529780564,0.117554858934169,0.0126543350056725,0.00991051580821317,0.000293275862068965,0.000634026724137931,Low Risk
4060.0,18806,5,7.12453690510117e-05,0.0391849529780564,0.117554858934169,0.0126543350056725,0.00991051580821317,0.000293275862068965,0.000634026724137931,Low Risk
4074.0,18805,5,7.12453690510117e-05,0.0391849529780564,0.117554858934169,0.0126543350056725,0.00991051580821317,0.000293275862068965,0.000634026724137931,Low Risk
4088.0,18804,7,9.97435166714164e-05,0.054858934169279,0.164576802507837,0.0177160690079415,0.0138747221314984,0.000410586206896552,0.000887637413793103,Low Risk
4102.0,18803,5,7.12453690510117e-05,0.0391849529780564,0.117554858934169,0.0126543350056725,0.00991051580821317,0.000293275862068965,0.000634026724137931,Low Risk
4116.0,18802,4,5.69962952408093e-05,0.0313479623824451,0.0940438871473354,0.010123468004538,0.00792841264657053,0.000234620689655172,0.000507221379310345,Low Risk
4130.0,18801,5,7.12453690510117e-05,0.0391849529780564,0.117554858934169,0.0126543350056725,0.00991051580821317,0.000293275862068965,0.000634026724137931,Low Risk
4144.0,18800,5,7.12453690510117e-05,0.0391849529780564,0.117554858934169,0.0126543350056725,0.00991051580821317,0.000293275862068965,0.000634026724137931,Low Risk
4158.0,18799,5,7.12453690510117e-05,0.0391849529780564,0.117554858934169,0.0126543350056725,0.00991051580821317,0.000293275862068965,0.000634026724137931,Low Risk
4172.0,18798,4,5.69962952408093e-05,0.0313479623824451,0.0940438871473354,0.010123468004538,0.00792841264657053,0.000234620689655172,0.000507221379310345,Low Risk
4186.0,18797,3,4.2747221430607e-05,0.0235109717868339,0.0705329153605016,0.0075926010034035,0.0059463094849279,0.000175965517241379,0.000380416034482759,Low Risk
4200.0,18796,6,8.5494442861214e-05,0.0470219435736677,0.141065830721003,0.015185202006807,0.0118926189698558,0.000351931034482759,0.000760832068965517,Low Risk
4214.0,18795,8,0.000113992590481619,0.0626959247648903,0.188087774294671,0.020246936009076,0.0158568252931411,0.000469241379310345,0.00101444275862069,Low Risk
4228.0,18794,9,0.000128241664291821,0.0705329153605016,0.211598746081505,0.0227778030102105,0.0178389284547837,0.000527896551724138,0.00114124810344828,Low Risk
4242.0,18793,9,0.000128241664291821,0.0705329153605016,0.211598746081505,0.0227778030102105,0.0178389284547837,0.000527896551724138,0.00114124810344828,Low Risk
4256.0,18792,9,0.000128241664291821,0.0705329153605016,0.211598746081505,0.0227778030102105,0.0178389284547837,0.000527896551724138,0.00114124810344828,Low Risk
4270.0,18791,11,0.000156739811912226,0.0862068965517241,0.258620689655172,0.0278395370124795,0.021803134778069,0.000645206896551724,0.00139485879310345,Low Risk
4284.0,18790,10,0.000142490738102023,0.0783699059561129,0.235109717868339,0.025308670011345,0.0198210316164263,0.000586551724137931,0.00126805344827586,Low Risk
4298.0,18789,12,0.000170988885722428,0.0940438871473354,0.282131661442006,0.030370404013614,0.0237852379397116,0.000703862068965517,0.00152166413793103,Low Risk
4312.0,18788,10,0.000142490738102023,0.0783699059561129,0.235109717868339,0.025308670011345,0.0198210316164263,0.000586551724137931,0.00126805344827586,Low Risk
4326.0,18787,12,0.000170988885722428,0.0940438871473354,0.282131661442006,0.030370404013614,0.0237852379397116,0.000703862068965517,0.00152166413793103,Low Risk
4340.0,18786,11,0.000156739811912226,0.0862068965517241,0.258620689655172,0.0278395370124795,0.021803134778069,0.000645206896551724,0.00139485879310345,Low Risk
4354.0,18785,15,0.000213736107153035,0.117554858934169,0.352664576802508,0.0379630050170175,0.0297315474246395,0.000879827586206897,0.00190208017241379,Medium Risk
4368.0,18784,17,0.00024223425477344,0.133228840125392,0.399686520376176,0.0430247390192865,0.0336957537479248,0.000997137931034483,0.00215569086206897,Medium Risk
4382.0,18783,18,0.000256483328583642,0.141065830721003,0.423197492163009,0.045555606020421,0.0356778569095674,0.00105579310344828,0.00228249620689655,Medium Risk
4396.0,18782,17,0.00024223425477344,0.133228840125392,0.399686520376176,0.0430247390192865,0.0336957537479248,0.000997137931034483,0.00215569086206897,Medium Risk
4410.0,18781,19,0.000270732402393844,0.148902821316614,0.446708463949843,0.0480864730215555,0.03765996007121,0.00111444827586207,0.00240930155172414,Medium Risk
4424.0,18780,19,0.000270732402393844,0.148902821316614,0.446708463949843,0.0480864730215555,0.03765996007121,0.00111444827586207,0.00240930155172414,Medium Risk
4438.0,18779,21,0.000299230550014249,0.164576802507837,0.493730407523511,0.0531482070238245,0.0416241663944953,0.00123175862068966,0.00266291224137931,Medium Risk
4452.0,18778,23,0.000327728697634654,0.18025078369906,0.540752351097179,0.0582099410260935,0.0455883727177806,0.00134906896551724,0.00291652293103448,Medium Risk
4466.0,18777,23,0.000327728697634654,0.18025078369906,0.540752351097179,0.0582099410260935,0.0455883727177806,0.00134906896551724,0.00291652293103448,Medium Risk
4480.0,18776,26,0.000370475919065261,0.203761755485893,0.61128526645768,0.065802542029497,0.0515346822027085,0.00152503448275862,0.00329693896551724,Medium Risk
4494.0,18775,28,0.000398974066685665,0.219435736677116,0.658307210031348,0.070864276031766,0.0554988885259937,0.00164234482758621,0.00355054965517241,Medium Risk
4508.0,18774,36,0.000512966657167284,0.282131661442006,0.846394984326019,0.091111212040842,0.0713557138191348,0.00211158620689655,0.0045649924137931,Medium Risk
4522.0,18773,38,0.000541464804787689,0.297805642633229,0.893416927899686,0.096172946043111,0.0753199201424201,0.00222889655172414,0.00481860310344828,Medium Risk
4536.0,18772,42,0.000598461100028498,0.329153605015674,0.987460815047022,0.106296414047649,0.0832483327889906,0.00246351724137931,0.00532582448275862,Medium Risk
4550.0,18771,40,0.000569962952408094,0.313479623824451,0.940438871473354,0.10123468004538,0.0792841264657053,0.00234620689655172,0.00507221379310345,Medium Risk
4564.0,18770,46,0.000655457395269308,0.360501567398119,1.08150470219436,0.116419882052187,0.0911767454355611,0.00269813793103448,0.00583304586206896,Medium Risk
4578.0,18769,49,0.000698204616699914,0.384012539184953,1.15203761755486,0.12401248305559,0.097123054920489,0.00287410344827586,0.00621346189655172,Medium Risk
4592.0,18768,53,0.000755200911940724,0.415360501567398,1.24608150470219,0.134135951060128,0.10505146756706,0.00310872413793103,0.00672068327586207,Medium Risk
4606.0,18767,61,0.000869193502422343,0.478056426332288,1.43416927899687,0.154382887069204,0.120908292860201,0.00357796551724138,0.00773512603448276,Medium Risk
4620.0,18766,65,0.000926189797663152,0.509404388714733,1.5282131661442,0.164506355073742,0.128836705506771,0.00381258620689655,0.0082423474137931,Medium Risk
4634.0,18765,66,0.000940438871473354,0.517241379310345,1.55172413793103,0.167037222074877,0.130818808668414,0.00387124137931034,0.00836915275862068,Medium Risk
4648.0,18764,67,0.000954687945283557,0.525078369905956,1.57523510971787,0.169568089076011,0.132800911830056,0.00392989655172414,0.00849595810344827,Medium Risk
4662.0,18763,71,0.00101168424052437,0.556426332288401,1.6692789968652,0.179691557080549,0.140729324476627,0.00416451724137931,0.00900317948275862,Medium Risk
4676.0,18762,79,0.00112567683100598,0.619122257053292,1.85736677115987,0.199938493089625,0.156586149769768,0.00463375862068965,0.0100176222413793,Medium Risk
4690.0,18761,86,0.0012254203476774,0.673981191222571,2.02194357366771,0.217654562097567,0.170460871901266,0.00504434482758621,0.0109052596551724,Medium Risk
4704.0,18760,88,0.00125391849529781,0.689655172413793,2.06896551724138,0.222716296099836,0.174425078224552,0.00516165517241379,0.0111588703448276,Medium Risk
4718.0,18759,91,0.00129666571672841,0.713166144200627,2.13949843260188,0.230308897103239,0.18037138770948,0.00533762068965517,0.0115392863793103,Medium Risk
4732.0,18758,91,0.00129666571672841,0.713166144200627,2.13949843260188,0.230308897103239,0.18037138770948,0.00533762068965517,0.0115392863793103,Medium Risk
4746.0,18757,94,0.00133941293815902,0.736677115987461,2.21003134796238,0.237901498106643,0.186317697194408,0.00551358620689655,0.0119197024137931,Medium Risk
4760.0,18756,95,0.00135366201196922,0.744514106583072,2.23354231974922,0.240432365107777,0.18829980035605,0.00557224137931034,0.0120465077586207,Medium Risk
4774.0,18755,96,0.00136791108577942,0.752351097178683,2.25705329153605,0.242963232108912,0.190281903517693,0.00563089655172414,0.0121733131034483,Medium Risk
4788.0,18754,102,0.00145340552864064,0.799373040752351,2.39811912225705,0.258148434115719,0.202174522487549,0.0059828275862069,0.0129341451724138,Medium Risk
4802.0,18753,97,0.00138216015958963,0.760188087774295,2.28056426332288,0.245494099110046,0.192264006679335,0.00568955172413793,0.0123001184482759,Medium Risk
4816.0,18752,98,0.00139640923339983,0.768025078369906,2.30407523510972,0.248024966111181,0.194246109840978,0.00574820689655172,0.0124269237931034,Medium Risk
4830.0,18751,98,0.00139640923339983,0.768025078369906,2.30407523510972,0.248024966111181,0.194246109840978,0.00574820689655172,0.0124269237931034,Medium Risk
4844.0,18750,101,0.00143915645483044,0.79153605015674,2.37460815047022,0.255617567114584,0.200192419325906,0.0059241724137931,0.0128073398275862,Medium Risk
4858.0,18749,103,0.00146765460245084,0.807210031347962,2.42163009404389,0.260679301116853,0.204156625649191,0.00604148275862069,0.0130609505172414,Medium Risk
4872.0,18748,102,0.00145340552864064,0.799373040752351,2.39811912225705,0.258148434115719,0.202174522487549,0.00598282758620689,0.0129341451724138,Medium Risk
4886.0,18747,103,0.00146765460245084,0.807210031347962,2.42163009404389,0.260679301116853,0.204156625649191,0.00604148275862069,0.0130609505172414,Medium Risk
4900.0,18746,102,0.00145340552864064,0.799373040752351,2.39811912225705,0.258148434115719,0.202174522487549,0.00598282758620689,0.0129341451724138,Medium Risk
4914.0,18745,102,0.00145340552864064,0.799373040752351,2.39811912225705,0.258148434115719,0.202174522487549,0.0059828275862069,0.0129341451724138,Medium Risk
4928.0,18744,102,0.00145340552864064,0.799373040752351,2.39811912225705,0.258148434115719,0.202174522487549,0.0059828275862069,0.0129341451724138,Medium Risk
4942.0,18743,106,0.00151040182388145,0.830721003134796,2.49216300940439,0.268271902120257,0.210102935134119,0.00621744827586207,0.0134413665517241,Medium Risk
4956.0,18742,108,0.00153889997150185,0.846394984326019,2.53918495297806,0.273333636122526,0.214067141457404,0.00633475862068965,0.0136949772413793,Medium Risk
4970.0,18741,112,0.00159589626674266,0.877742946708464,2.63322884012539,0.283457104127064,0.221995554103975,0.00656937931034483,0.0142021986206897,Medium Risk
4984.0,18740,110,0.00156739811912226,0.862068965517241,2.58620689655172,0.278395370124795,0.21803134778069,0.00645206896551724,0.0139485879310345,Medium Risk
4998.0,18739,114,0.00162439441436307,0.893416927899686,2.68025078369906,0.288518838129333,0.22595976042726,0.00668668965517241,0.0144558093103448,Medium Risk
5012.0,18738,111,0.00158164719293246,0.869905956112853,2.60971786833856,0.280926237125929,0.220013450942332,0.00651072413793103,0.0140753932758621,Medium Risk
5026.0,18737,110,0.00156739811912226,0.862068965517242,2.58620689655172,0.278395370124795,0.21803134778069,0.00645206896551724,0.0139485879310345,Medium Risk
5040.0,18736,134,0.00190937589056711,1.05015673981191,3.15047021943574,0.339136178152023,0.265601823660113,0.00785979310344827,0.0169919162068965,High Risk
5054.0,18735,126,0.00179538330008549,0.987460815047022,2.96238244514107,0.318889242142947,0.249744998366972,0.00739055172413793,0.0159774734482759,Medium Risk
5068.0,18734,125,0.00178113422627529,0.979623824451411,2.93887147335423,0.316358375141812,0.247762895205329,0.00733189655172414,0.0158506681034483,Medium Risk
5082.0,18733,126,0.00179538330008549,0.987460815047022,2.96238244514107,0.318889242142947,0.249744998366972,0.00739055172413793,0.0159774734482759,Medium Risk
5096.0,18732,126,0.00179538330008549,0.987460815047022,2.96238244514107,0.318889242142947,0.249744998366972,0.00739055172413793,0.0159774734482759,Medium Risk
5110.0,18731,138,0.00196637218580792,1.08150470219436,3.24451410658307,0.349259646156561,0.273530236306683,0.00809441379310345,0.0174991375862069,High Risk
5124.0,18730,136,0.00193787403818752,1.06583072100313,3.1974921630094,0.344197912154292,0.269566029983398,0.00797710344827586,0.0172455268965517,High Risk
5138.0,18729,131,0.00186662866913651,1.02664576802508,3.07993730407523,0.331543577148619,0.259655514175185,0.00768382758620689,0.0166115001724138,High Risk
5152.0,18728,137,0.00195212311199772,1.07366771159875,3.22100313479624,0.346728779155426,0.271548133145041,0.00803575862068965,0.0173723322413793,High Risk
5166.0,18727,133,0.00189512681675691,1.0423197492163,3.1269592476489,0.336605311150888,0.26361972049847,0.00780113793103448,0.016865110862069,High Risk
5180.0,18726,148,0.00210886292390995,1.15987460815047,3.47962382445141,0.374568316167906,0.29335126792311,0.00868096551724138,0.0187671910344828,High Risk
5194.0,18725,144,0.00205186662866914,1.12852664576803,3.38557993730408,0.364444848163368,0.285422855276539,0.0084463448275862,0.0182599696551724,High Risk
5208.0,18724,149,0.00212311199772015,1.16771159874608,3.50313479623824,0.37709918316904,0.295333371084752,0.00873962068965517,0.0188939963793103,High Risk
5222.0,18723,156,0.00222285551439156,1.22257053291536,3.66771159874608,0.394815252176982,0.309208093216251,0.00915020689655172,0.0197816337931034,High Risk
5236.0,18722,132,0.00188087774294671,1.03448275862069,3.10344827586207,0.334074444149754,0.261637617336828,0.00774248275862069,0.0167383055172414,High Risk
5250.0,18721,141,0.00200911940723853,1.10501567398119,3.31504702194357,0.356852247159964,0.279476545791611,0.00827037931034483,0.0178795536206896,High Risk
5264.0,18720,147,0.00209461385009974,1.15203761755486,3.45611285266458,0.372037449166771,0.291369164761467,0.00862231034482759,0.0186403856896552,High Risk
5278.0,18719,140,0.00199487033342833,1.09717868338558,3.29153605015674,0.35432138015883,0.277494442629969,0.00821172413793103,0.0177527482758621,High Risk
5292.0,18718,137,0.00195212311199772,1.07366771159875,3.22100313479624,0.346728779155426,0.271548133145041,0.00803575862068965,0.0173723322413793,High Risk
5306.0,18717,126,0.00179538330008549,0.987460815047022,2.96238244514107,0.318889242142947,0.249744998366972,0.00739055172413793,0.0159774734482759,Medium Risk
5320.0,18716,130,0.0018523795953263,1.01880877742947,3.0564263322884,0.329012710147485,0.257673411013542,0.0076251724137931,0.0164846948275862,High Risk
5334.0,18715,131,0.00186662866913651,1.02664576802508,3.07993730407523,0.331543577148619,0.259655514175185,0.00768382758620689,0.0166115001724138,High Risk
5348.0,18714,122,0.00173838700484469,0.956112852664577,2.86833855799373,0.308765774138409,0.241816585720401,0.00715593103448276,0.0154702520689655,Medium Risk
5362.0,18713,122,0.00173838700484469,0.956112852664577,2.86833855799373,0.308765774138409,0.241816585720401,0.00715593103448276,0.0154702520689655,Medium Risk
5376.0,18712,99,0.00141065830721003,0.775862068965517,2.32758620689655,0.250555833112315,0.196228213002621,0.00580686206896552,0.012553729137931,Medium Risk
5390.0,18711,100,0.00142490738102023,0.783699059561128,2.35109717868339,0.25308670011345,0.198210316164263,0.00586551724137931,0.0126805344827586,Medium Risk
5404.0,18710,103,0.00146765460245084,0.807210031347962,2.42163009404389,0.260679301116853,0.204156625649191,0.00604148275862069,0.0130609505172414,Medium Risk
5418.0,18709,95,0.00135366201196922,0.744514106583072,2.23354231974922,0.240432365107777,0.18829980035605,0.00557224137931034,0.0120465077586207,Medium Risk
5432.0,18708,97,0.00138216015958963,0.760188087774294,2.28056426332288,0.245494099110046,0.192264006679335,0.00568955172413793,0.0123001184482759,Medium Risk
5446.0,18707,91,0.00129666571672841,0.713166144200627,2.13949843260188,0.230308897103239,0.18037138770948,0.00533762068965517,0.0115392863793103,Medium Risk
5460.0,18706,83,0.00118267312624679,0.650470219435737,1.95141065830721,0.210061961094163,0.164514562416339,0.00486837931034483,0.0105248436206897,Medium Risk
5474.0,18705,86,0.0012254203476774,0.67398119122257,2.02194357366771,0.217654562097567,0.170460871901266,0.00504434482758621,0.0109052596551724,Medium Risk
5488.0,18704,90,0.00128241664291821,0.705329153605016,2.11598746081505,0.227778030102105,0.178389284547837,0.00527896551724138,0.0114124810344828,Medium Risk
5502.0,18703,88,0.00125391849529781,0.689655172413793,2.06896551724138,0.222716296099836,0.174425078224552,0.00516165517241379,0.0111588703448276,Medium Risk
5516.0,18702,81,0.00115417497862639,0.634796238244514,1.90438871473354,0.205000227091894,0.160550356093053,0.00475106896551724,0.0102712329310345,Medium Risk
5530.0,18701,81,0.00115417497862639,0.634796238244514,1.90438871473354,0.205000227091894,0.160550356093053,0.00475106896551724,0.0102712329310345,Medium Risk
5544.0,18700,79,0.00112567683100598,0.619122257053292,1.85736677115988,0.199938493089625,0.156586149769768,0.00463375862068966,0.0100176222413793,Medium Risk
5558.0,18699,77,0.00109717868338558,0.603448275862069,1.81034482758621,0.194876759087356,0.152621943446483,0.00451644827586207,0.00976401155172413,Medium Risk
5572.0,18698,78,0.00111142775719578,0.61128526645768,1.83385579937304,0.197407626088491,0.154604046608125,0.00457510344827586,0.00989081689655172,Medium Risk
5586.0,18697,77,0.00109717868338558,0.603448275862069,1.81034482758621,0.194876759087356,0.152621943446483,0.00451644827586207,0.00976401155172413,Medium Risk
5600.0,18696,68,0.000968937019093759,0.532915360501567,1.5987460815047,0.172098956077146,0.134783014991699,0.00398855172413793,0.00862276344827586,Medium Risk
5614.0,18695,69,0.000983186092903961,0.540752351097179,1.62225705329154,0.17462982307828,0.136765118153342,0.00404720689655172,0.00874956879310344,Medium Risk
5628.0,18694,63,0.000897691650042747,0.493730407523511,1.48119122257053,0.159444621071473,0.124872499183486,0.00369527586206897,0.00798873672413793,Medium Risk
5642.0,18693,67,0.000954687945283557,0.525078369905956,1.57523510971787,0.169568089076011,0.132800911830056,0.00392989655172414,0.00849595810344827,Medium Risk
5656.0,18692,69,0.000983186092903961,0.540752351097179,1.62225705329154,0.17462982307828,0.136765118153342,0.00404720689655172,0.00874956879310345,Medium Risk
5670.0,18691,69,0.000983186092903961,0.540752351097179,1.62225705329154,0.17462982307828,0.136765118153342,0.00404720689655172,0.00874956879310344,Medium Risk
5684.0,18690,65,0.000926189797663152,0.509404388714733,1.5282131661442,0.164506355073742,0.128836705506771,0.00381258620689655,0.0082423474137931,Medium Risk
5698.0,18689,63,0.000897691650042747,0.493730407523511,1.48119122257053,0.159444621071473,0.124872499183486,0.00369527586206897,0.00798873672413793,Medium Risk
5712.0,18688,69,0.000983186092903961,0.540752351097179,1.62225705329154,0.17462982307828,0.136765118153342,0.00404720689655172,0.00874956879310344,Medium Risk
5726.0,18687,69,0.000983186092903961,0.540752351097179,1.62225705329154,0.17462982307828,0.136765118153342,0.00404720689655172,0.00874956879310344,Medium Risk
5740.0,18686,73,0.00104018238814477,0.572100313479624,1.71630094043887,0.184753291082818,0.144693530799912,0.00428182758620689,0.00925679017241379,Medium Risk
5754.0,18685,79,0.00112567683100598,0.619122257053292,1.85736677115987,0.199938493089625,0.156586149769768,0.00463375862068965,0.0100176222413793,Medium Risk
5768.0,18684,87,0.0012396694214876,0.681818181818182,2.04545454545454,0.220185429098701,0.172442975062909,0.005103,0.011032065,Medium Risk
5782.0,18683,94,0.00133941293815902,0.736677115987461,2.21003134796238,0.237901498106643,0.186317697194408,0.00551358620689655,0.0119197024137931,Medium Risk
5796.0,18682,103,0.00146765460245084,0.807210031347962,2.42163009404389,0.260679301116853,0.204156625649191,0.00604148275862069,0.0130609505172414,Medium Risk
5810.0,18681,106,0.00151040182388145,0.830721003134796,2.49216300940439,0.268271902120257,0.210102935134119,0.00621744827586207,0.0134413665517241,Medium Risk
5824.0,18680,109,0.00155314904531205,0.85423197492163,2.56269592476489,0.27586450312366,0.216049244619047,0.00639341379310344,0.0138217825862069,Medium Risk
5838.0,18679,114,0.00162439441436307,0.893416927899686,2.68025078369906,0.288518838129333,0.22595976042726,0.00668668965517241,0.0144558093103448,Medium Risk
5852.0,18678,114,0.00162439441436307,0.893416927899686,2.68025078369906,0.288518838129333,0.22595976042726,0.00668668965517241,0.0144558093103448,Medium Risk
5866.0,18677,119,0.00169563978341408,0.932601880877743,2.79780564263323,0.301173173135005,0.235870276235473,0.00697996551724138,0.0150898360344828,Medium Risk
5880.0,18676,126,0.00179538330008549,0.987460815047022,2.96238244514107,0.318889242142947,0.249744998366972,0.00739055172413793,0.0159774734482759,Medium Risk
5894.0,18675,126,0.00179538330008549,0.987460815047022,2.96238244514107,0.318889242142947,0.249744998366972,0.00739055172413793,0.0159774734482759,Medium Risk
5908.0,18674,127,0.0018096323738957,0.995297805642633,2.9858934169279,0.321420109144081,0.251727101528614,0.00744920689655172,0.0161042787931034,Medium Risk
5922.0,18673,129,0.0018381305215161,1.01097178683386,3.03291536050157,0.32648184314635,0.2556913078519,0.00756651724137931,0.0163578894827586,High Risk
5936.0,18672,130,0.0018523795953263,1.01880877742947,3.0564263322884,0.329012710147485,0.257673411013542,0.0076251724137931,0.0164846948275862,High Risk
5950.0,18671,134,0.00190937589056711,1.05015673981191,3.15047021943574,0.339136178152023,0.265601823660113,0.00785979310344827,0.0169919162068965,High Risk
5964.0,18670,137,0.00195212311199772,1.07366771159875,3.22100313479624,0.346728779155426,0.271548133145041,0.00803575862068965,0.0173723322413793,High Risk
5978.0,18669,146,0.00208036477628954,1.14420062695925,3.43260188087774,0.369506582165637,0.289387061599824,0.00856365517241379,0.0185135803448276,High Risk
5992.0,18668,145,0.00206611570247934,1.13636363636364,3.40909090909091,0.366975715164502,0.287404958438182,0.008505,0.018386775,High Risk
6006.0,18667,148,0.00210886292390995,1.15987460815047,3.47962382445141,0.374568316167906,0.29335126792311,0.00868096551724138,0.0187671910344827,High Risk
6020.0,18666,151,0.00215161014534055,1.1833855799373,3.55015673981191,0.382160917171309,0.299297577408038,0.00885693103448276,0.0191476070689655,High Risk
6034.0,18665,147,0.00209461385009974,1.15203761755486,3.45611285266458,0.372037449166771,0.291369164761467,0.00862231034482758,0.0186403856896552,High Risk
6048.0,18664,156,0.00222285551439156,1.22257053291536,3.66771159874608,0.394815252176982,0.309208093216251,0.00915020689655173,0.0197816337931034,High Risk
6062.0,18663,157,0.00223710458820177,1.23040752351097,3.69122257053292,0.397346119178116,0.311190196377893,0.00920886206896552,0.019908439137931,High Risk
6076.0,18662,160,0.00227985180963237,1.25391849529781,3.76175548589342,0.40493872018152,0.317136505862821,0.00938482758620689,0.0202888551724138,High Risk
6090.0,18661,177,0.00252208606440581,1.3871473354232,4.16144200626959,0.447963459200806,0.350832259610746,0.0103819655172414,0.0224445460344827,High Risk
6104.0,18660,187,0.00266457680250784,1.46551724137931,4.39655172413793,0.473272129212151,0.370653291227172,0.0109685172413793,0.0237125994827586,High Risk
6118.0,18659,191,0.00272157309774865,1.49686520376176,4.49059561128527,0.483395597216689,0.378581703873743,0.0112031379310345,0.024219820862069,High Risk
6132.0,18658,189,0.00269307495012824,1.48119122257053,4.4435736677116,0.47833386321442,0.374617497550458,0.0110858275862069,0.0239662101724138,High Risk
6146.0,18657,206,0.00293530920490168,1.61442006269592,4.84326018808777,0.521358602233707,0.408313251298382,0.0120829655172414,0.0261219010344828,High Risk
6160.0,18656,216,0.0030777999430037,1.69278996865204,5.07836990595611,0.546667272245052,0.428134282914809,0.0126695172413793,0.0273899544827586,High Risk
6174.0,18655,209,0.00297805642633229,1.63793103448276,4.91379310344828,0.52895120323711,0.41425956078331,0.0122589310344828,0.0265023170689655,High Risk
6188.0,18654,219,0.00312054716443431,1.71630094043887,5.14890282131661,0.554259873248455,0.434080592399737,0.0128454827586207,0.0277703705172414,High Risk
6202.0,18653,229,0.00326303790253634,1.79467084639498,5.38401253918495,0.5795685432598,0.453901624016163,0.0134320344827586,0.0290384239655172,High Risk
6216.0,18652,235,0.00334853234539755,1.84169278996865,5.52507836990596,0.594753745266607,0.465794242986019,0.0137839655172414,0.0297992560344827,High Risk
6230.0,18651,247,0.00351952123111998,1.93573667711599,5.80721003134796,0.625124149280221,0.48957948092573,0.0144878275862069,0.0313209201724138,High Risk
6244.0,18650,248,0.00353377030493018,1.9435736677116,5.8307210031348,0.627655016281356,0.491561584087373,0.0145464827586207,0.0314477255172414,High Risk
6258.0,18649,269,0.00383300085494443,2.10815047021944,6.32445141065831,0.68080322330518,0.533185750481868,0.0157782413793103,0.0341106377586207,High Risk
6272.0,18648,281,0.00400398974066686,2.20219435736677,6.60658307210031,0.711173627318794,0.55697098842158,0.0164821034482759,0.0356323018965517,High Risk
6286.0,18647,277,0.00394699344542605,2.17084639498433,6.51253918495298,0.701050159314256,0.549042575775009,0.0162474827586207,0.0351250805172414,High Risk
6300.0,18646,273,0.00388999715018524,2.13949843260188,6.41849529780564,0.690926691309718,0.541114163128439,0.0160128620689655,0.034617859137931,High Risk
6314.0,18645,271,0.00386149900256483,2.12382445141066,6.37147335423197,0.685864957307449,0.537149956805154,0.0158955517241379,0.0343642484482758,High Risk
6328.0,18644,270,0.00384724992875463,2.11598746081505,6.34796238244514,0.683334090306315,0.535167853643511,0.0158368965517241,0.0342374431034483,High Risk
6342.0,18643,272,0.00387574807637504,2.13166144200627,6.39498432601881,0.688395824308584,0.539132059966796,0.0159542068965517,0.0344910537931034,High Risk
6356.0,18642,248,0.00353377030493018,1.9435736677116,5.8307210031348,0.627655016281356,0.491561584087373,0.0145464827586207,0.0314477255172414,High Risk
6370.0,18641,254,0.00361926474779139,1.99059561128527,5.9717868338558,0.642840218288163,0.503454203057229,0.0148984137931034,0.0322085575862069,High Risk
6384.0,18640,253,0.00360501567398119,1.98275862068966,5.94827586206897,0.640309351287028,0.501472099895586,0.0148397586206897,0.0320817522413793,High Risk
6398.0,18639,250,0.00356226845255058,1.95924764890282,5.87774294670846,0.632716750283625,0.495525790410658,0.0146637931034483,0.0317013362068965,High Risk
6412.0,18638,244,0.00347677400968937,1.91222570532915,5.73667711598746,0.617531548276818,0.483633171440803,0.0143118620689655,0.030940504137931,High Risk
6426.0,18637,237,0.00337703049301795,1.85736677115987,5.57210031347962,0.599815479268876,0.469758449309304,0.013901275862069,0.0300528667241379,High Risk
6440.0,18636,239,0.00340552864063836,1.8730407523511,5.61912225705329,0.604877213271145,0.473722655632589,0.0140185862068965,0.0303064774137931,High Risk
6454.0,18635,203,0.00289256198347107,1.59090909090909,4.77272727272727,0.513766001230303,0.402366941813455,0.011907,0.025741485,High Risk
6468.0,18634,203,0.00289256198347107,1.59090909090909,4.77272727272727,0.513766001230303,0.402366941813455,0.011907,0.025741485,High Risk
6482.0,18633,188,0.00267882587631804,1.47335423197492,4.42006269592476,0.475802996213286,0.372635394388815,0.0110271724137931,0.0238394048275862,High Risk
6496.0,18632,194,0.00276432031917925,1.52037617554859,4.56112852664577,0.490988198220093,0.384528013358671,0.0113791034482759,0.0246002368965517,High Risk
6510.0,18631,189,0.00269307495012824,1.48119122257053,4.4435736677116,0.47833386321442,0.374617497550458,0.0110858275862069,0.0239662101724138,High Risk
6524.0,18630,198,0.00282131661442006,1.55172413793103,4.6551724137931,0.501111666224631,0.392456426005241,0.011613724137931,0.0251074582758621,High Risk
6538.0,18629,184,0.00262182958107723,1.44200626959248,4.32601880877743,0.465679528208748,0.364706981742244,0.0107925517241379,0.0233321834482759,High Risk
6552.0,18628,203,0.00289256198347107,1.59090909090909,4.77272727272727,0.513766001230303,0.402366941813455,0.011907,0.025741485,High Risk
6566.0,18627,226,0.00322029068110573,1.77115987460815,5.31347962382445,0.571975942256397,0.447955314531235,0.0132560689655172,0.0286580079310345,High Risk
6580.0,18626,220,0.00313479623824451,1.72413793103448,5.17241379310345,0.55679074024959,0.436062695561379,0.0129041379310345,0.027897175862069,High Risk
6594.0,18625,234,0.00333428327158735,1.83385579937304,5.50156739811912,0.592222878265473,0.463812139824376,0.0137253103448276,0.0296724506896552,High Risk
6608.0,18624,255,0.0036335138216016,1.99843260188088,5.99529780564263,0.645371085289297,0.505436306218871,0.0149570689655172,0.0323353629310345,High Risk
6622.0,18623,267,0.00380450270732402,2.09247648902821,6.27742946708464,0.675741489302911,0.529221544158583,0.0156609310344828,0.0338570270689655,High Risk
6636.0,18622,284,0.00404673696209746,2.22570532915361,6.67711598746082,0.718766228322198,0.562917297906508,0.0166580689655172,0.0360127179310345,High Risk
6650.0,18621,322,0.00458820176688515,2.52351097178683,7.5705329153605,0.814939174365309,0.638237218048928,0.0188869655172414,0.0408313210344827,High Risk
6664.0,18620,313,0.00445996010259333,2.45297805642633,7.358934169279,0.792161371355098,0.620398289594144,0.0183590689655172,0.0396900729310345,High Risk
6678.0,18619,352,0.00501567398119122,2.75862068965517,8.27586206896552,0.890865184399344,0.697700312898207,0.0206466206896552,0.0446354813793103,High Risk
6692.0,18618,356,0.00507267027643203,2.78996865203762,8.36990595611285,0.900988652403882,0.705628725544777,0.0208812413793103,0.0451427027586207,High Risk
6706.0,18617,373,0.00531490453120547,2.92319749216301,8.76959247648903,0.944013391423168,0.739324479292702,0.0218783793103448,0.0472983936206896,High Risk
6720.0,18616,373,0.00531490453120547,2.92319749216301,8.76959247648903,0.944013391423168,0.739324479292702,0.0218783793103448,0.0472983936206896,High Risk
6734.0,18615,378,0.00538614990025648,2.96238244514107,8.8871473354232,0.956667726428841,0.749234995100915,0.0221716551724138,0.0479324203448276,High Risk
6748.0,18614,376,0.00535765175263608,2.94670846394984,8.84012539184953,0.951605992426572,0.74527078877763,0.0220543448275862,0.0476788096551724,High Risk
6762.0,18613,354,0.00504417212881163,2.7742946708464,8.32288401253918,0.895926918401613,0.701664519221492,0.0207639310344827,0.0448890920689655,High Risk
6776.0,18612,359,0.00511541749786264,2.81347962382445,8.44043887147335,0.908581253407285,0.711575035029705,0.0210572068965517,0.0455231187931034,High Risk
6790.0,18611,343,0.0048874323168994,2.68808777429467,8.06426332288401,0.868087381389133,0.679861384443423,0.020118724137931,0.0434942332758621,High Risk
6804.0,18610,320,0.00455970361926475,2.50783699059561,7.52351097178683,0.80987744036304,0.634273011725643,0.0187696551724138,0.0405777103448276,High Risk
6818.0,18609,304,0.00433171843830151,2.38244514106583,7.14733542319749,0.769383568344888,0.602559361139361,0.0178311724137931,0.0385488248275862,High Risk
6832.0,18608,276,0.00393274437161585,2.16300940438871,6.48902821316614,0.698519292313122,0.547060472613367,0.0161888275862069,0.0349982751724138,High Risk
6846.0,18607,252,0.00359076660017099,1.97492163009404,5.92476489028213,0.637778484285894,0.499489996733944,0.0147811034482759,0.0319549468965517,High Risk
6860.0,18606,235,0.00334853234539755,1.84169278996865,5.52507836990596,0.594753745266607,0.465794242986019,0.0137839655172414,0.0297992560344827,High Risk
6874.0,18605,199,0.00283556568823026,1.55956112852665,4.67868338557994,0.503642533225765,0.394438529166884,0.0116723793103448,0.0252342636206896,High Risk
6888.0,18604,185,0.00263607865488743,1.44984326018809,4.34952978056426,0.468210395209882,0.366689084903887,0.0108512068965517,0.0234589887931034,High Risk
6902.0,18603,168,0.00239384440011399,1.3166144200627,3.94984326018809,0.425185656190596,0.332993331155962,0.00985406896551724,0.0213032979310345,High Risk
6916.0,18602,160,0.00227985180963237,1.25391849529781,3.76175548589342,0.40493872018152,0.317136505862821,0.00938482758620689,0.0202888551724138,High Risk
6930.0,18601,145,0.00206611570247934,1.13636363636364,3.40909090909091,0.366975715164502,0.287404958438182,0.008505,0.018386775,High Risk
6944.0,18600,134,0.00190937589056711,1.05015673981191,3.15047021943574,0.339136178152023,0.265601823660113,0.00785979310344827,0.0169919162068965,High Risk
6958.0,18599,114,0.00162439441436307,0.893416927899686,2.68025078369906,0.288518838129333,0.22595976042726,0.00668668965517241,0.0144558093103448,Medium Risk
6972.0,18598,103,0.00146765460245084,0.807210031347962,2.42163009404389,0.260679301116853,0.204156625649191,0.00604148275862069,0.0130609505172414,Medium Risk
6986.0,18597,91,0.00129666571672841,0.713166144200627,2.13949843260188,0.230308897103239,0.18037138770948,0.00533762068965517,0.0115392863793103,Medium Risk
7000.0,18596,89,0.00126816756910801,0.697492163009404,2.09247648902821,0.22524716310097,0.176407181386194,0.00522031034482759,0.0112856756896552,Medium Risk
7014.0,18595,85,0.0012111712738672,0.666144200626959,1.99843260188088,0.215123695096432,0.168478768739624,0.00498568965517241,0.0107784543103448,Medium Risk
7028.0,18594,83,0.00118267312624679,0.650470219435737,1.95141065830721,0.210061961094163,0.164514562416339,0.00486837931034483,0.0105248436206897,Medium Risk
7042.0,18593,77,0.00109717868338558,0.603448275862069,1.81034482758621,0.194876759087356,0.152621943446483,0.00451644827586207,0.00976401155172413,Medium Risk
7056.0,18592,84,0.001196922200057,0.658307210031348,1.97492163009404,0.212592828095298,0.166496665577981,0.00492703448275862,0.0106516489655172,Medium Risk
7070.0,18591,82,0.00116842405243659,0.642633228840125,1.92789968652038,0.207531094093029,0.162532459254696,0.00480972413793103,0.0103980382758621,Medium Risk
7084.0,18590,79,0.00112567683100598,0.619122257053292,1.85736677115987,0.199938493089625,0.156586149769768,0.00463375862068965,0.0100176222413793,Medium Risk
7098.0,18589,81,0.00115417497862639,0.634796238244514,1.90438871473354,0.205000227091894,0.160550356093053,0.00475106896551724,0.0102712329310345,Medium Risk
7112.0,18588,75,0.00106868053576518,0.587774294670846,1.76332288401254,0.189815025085087,0.148657737123198,0.00439913793103448,0.00951040086206896,Medium Risk
7126.0,18587,71,0.00101168424052437,0.556426332288401,1.6692789968652,0.179691557080549,0.140729324476627,0.00416451724137931,0.00900317948275862,Medium Risk
7140.0,18586,70,0.000997435166714164,0.54858934169279,1.64576802507837,0.177160690079415,0.138747221314984,0.00410586206896552,0.00887637413793103,Medium Risk
7154.0,18585,72,0.00102593331433457,0.564263322884012,1.69278996865204,0.182222424081684,0.14271142763827,0.0042231724137931,0.0091299848275862,Medium Risk
7168.0,18584,68,0.000968937019093759,0.532915360501567,1.5987460815047,0.172098956077146,0.134783014991699,0.00398855172413793,0.00862276344827586,Medium Risk
7182.0,18583,67,0.000954687945283557,0.525078369905956,1.57523510971787,0.169568089076011,0.132800911830056,0.00392989655172414,0.00849595810344827,Medium Risk
7196.0,18582,67,0.000954687945283557,0.525078369905956,1.57523510971787,0.169568089076011,0.132800911830056,0.00392989655172414,0.00849595810344827,Medium Risk
7210.0,18581,66,0.000940438871473354,0.517241379310345,1.55172413793103,0.167037222074877,0.130818808668414,0.00387124137931034,0.00836915275862069,Medium Risk
7224.0,18580,57,0.000812197207181533,0.446708463949843,1.34012539184953,0.144259419064666,0.11297988021363,0.00334334482758621,0.00722790465517241,Medium Risk
7238.0,18579,50,0.000712453690510117,0.391849529780564,1.17554858934169,0.126543350056725,0.0991051580821317,0.00293275862068965,0.00634026724137931,Medium Risk
7252.0,18578,49,0.000698204616699914,0.384012539184953,1.15203761755486,0.12401248305559,0.097123054920489,0.00287410344827586,0.00621346189655172,Medium Risk
7266.0,18577,45,0.000641208321459105,0.352664576802508,1.05799373040752,0.113889015051052,0.0891946422739185,0.00263948275862069,0.00570624051724138,Medium Risk
7280.0,18576,46,0.000655457395269308,0.360501567398119,1.08150470219436,0.116419882052187,0.0911767454355611,0.00269813793103448,0.00583304586206896,Medium Risk
7294.0,18575,46,0.000655457395269308,0.360501567398119,1.08150470219436,0.116419882052187,0.0911767454355611,0.00269813793103448,0.00583304586206896,Medium Risk
7308.0,18574,44,0.000626959247648903,0.344827586206897,1.03448275862069,0.111358148049918,0.0872125391122759,0.0025808275862069,0.00557943517241379,Medium Risk
7322.0,18573,44,0.000626959247648903,0.344827586206897,1.03448275862069,0.111358148049918,0.0872125391122759,0.0025808275862069,0.00557943517241379,Medium Risk
7336.0,18572,39,0.000555713878597891,0.30564263322884,0.91692789968652,0.0987038130442455,0.0773020233040627,0.00228755172413793,0.00494540844827586,Medium Risk
7350.0,18571,45,0.000641208321459105,0.352664576802508,1.05799373040752,0.113889015051052,0.0891946422739185,0.00263948275862069,0.00570624051724138,Medium Risk
7364.0,18570,46,0.000655457395269308,0.360501567398119,1.08150470219436,0.116419882052187,0.0911767454355611,0.00269813793103448,0.00583304586206896,Medium Risk
7378.0,18569,49,0.000698204616699914,0.384012539184953,1.15203761755486,0.12401248305559,0.097123054920489,0.00287410344827586,0.00621346189655172,Medium Risk
7392.0,18568,46,0.000655457395269308,0.360501567398119,1.08150470219436,0.116419882052187,0.0911767454355611,0.00269813793103448,0.00583304586206896,Medium Risk
7406.0,18567,45,0.000641208321459105,0.352664576802508,1.05799373040752,0.113889015051052,0.0891946422739185,0.00263948275862069,0.00570624051724138,Medium Risk
7420.0,18566,47,0.00066970646907951,0.36833855799373,1.10501567398119,0.118950749053321,0.0931588485972038,0.00275679310344828,0.00595985120689655,Medium Risk
7434.0,18565,52,0.000740951838130521,0.407523510971787,1.22257053291536,0.131605084058994,0.103069364405417,0.00305006896551724,0.00659387793103448,Medium Risk
7448.0,18564,46,0.000655457395269308,0.360501567398119,1.08150470219436,0.116419882052187,0.0911767454355611,0.00269813793103448,0.00583304586206896,Medium Risk
7462.0,18563,46,0.000655457395269308,0.360501567398119,1.08150470219436,0.116419882052187,0.0911767454355611,0.00269813793103448,0.00583304586206896,Medium Risk
7476.0,18562,41,0.000584212026218296,0.321316614420063,0.963949843260188,0.103765547046514,0.0812662296273479,0.00240486206896552,0.00519901913793103,Medium Risk
7490.0,18561,35,0.000498717583357082,0.274294670846395,0.822884012539185,0.0885803450397075,0.0693736106574922,0.00205293103448276,0.00443818706896552,Medium Risk
7504.0,18560,35,0.000498717583357082,0.274294670846395,0.822884012539185,0.0885803450397075,0.0693736106574922,0.00205293103448276,0.00443818706896552,Medium Risk
7518.0,18559,32,0.000455970361926475,0.250783699059561,0.752351097178683,0.080987744036304,0.0634273011725643,0.00187696551724138,0.00405777103448276,Medium Risk
7532.0,18558,32,0.000455970361926475,0.250783699059561,0.752351097178683,0.080987744036304,0.0634273011725643,0.00187696551724138,0.00405777103448276,Medium Risk
7546.0,18557,23,0.000327728697634654,0.18025078369906,0.540752351097179,0.0582099410260935,0.0455883727177806,0.00134906896551724,0.00291652293103448,Medium Risk
7560.0,18556,21,0.000299230550014249,0.164576802507837,0.493730407523511,0.0531482070238245,0.0416241663944953,0.00123175862068966,0.00266291224137931,Medium Risk
7574.0,18555,17,0.00024223425477344,0.133228840125392,0.399686520376176,0.0430247390192865,0.0336957537479248,0.000997137931034483,0.00215569086206897,Medium Risk
7588.0,18554,16,0.000227985180963237,0.125391849529781,0.376175548589342,0.040493872018152,0.0317136505862821,0.00093848275862069,0.00202888551724138,Medium Risk
7602.0,18553,19,0.000270732402393844,0.148902821316614,0.446708463949843,0.0480864730215555,0.03765996007121,0.00111444827586207,0.00240930155172414,Medium Risk
7616.0,18552,19,0.000270732402393844,0.148902821316614,0.446708463949843,0.0480864730215555,0.03765996007121,0.00111444827586207,0.00240930155172414,Medium Risk
7630.0,18551,14,0.000199487033342833,0.109717868338558,0.329153605015674,0.035432138015883,0.0277494442629969,0.000821172413793103,0.00177527482758621,Medium Risk
7644.0,18550,14,0.000199487033342833,0.109717868338558,0.329153605015674,0.035432138015883,0.0277494442629969,0.000821172413793103,0.00177527482758621,Medium Risk
7658.0,18549,15,0.000213736107153035,0.117554858934169,0.352664576802508,0.0379630050170175,0.0297315474246395,0.000879827586206897,0.00190208017241379,Medium Risk
7672.0,18548,16,0.000227985180963237,0.125391849529781,0.376175548589342,0.040493872018152,0.0317136505862821,0.000938482758620689,0.00202888551724138,Medium Risk
7686.0,18547,16,0.000227985180963237,0.125391849529781,0.376175548589342,0.040493872018152,0.0317136505862821,0.000938482758620689,0.00202888551724138,Medium Risk
7700.0,18546,17,0.00024223425477344,0.133228840125392,0.399686520376176,0.0430247390192865,0.0336957537479248,0.000997137931034483,0.00215569086206897,Medium Risk
7714.0,18545,18,0.000256483328583642,0.141065830721003,0.423197492163009,0.045555606020421,0.0356778569095674,0.00105579310344828,0.00228249620689655,Medium Risk
7728.0,18544,19,0.000270732402393844,0.148902821316614,0.446708463949843,0.0480864730215555,0.03765996007121,0.00111444827586207,0.00240930155172414,Medium Risk
7742.0,18543,18,0.000256483328583642,0.141065830721003,0.423197492163009,0.045555606020421,0.0356778569095674,0.00105579310344828,0.00228249620689655,Medium Risk
7756.0,18542,16,0.000227985180963237,0.125391849529781,0.376175548589342,0.040493872018152,0.0317136505862821,0.00093848275862069,0.00202888551724138,Medium Risk
7770.0,18541,18,0.000256483328583642,0.141065830721003,0.423197492163009,0.045555606020421,0.0356778569095674,0.00105579310344828,0.00228249620689655,Medium Risk
7784.0,18540,18,0.000256483328583642,0.141065830721003,0.423197492163009,0.045555606020421,0.0356778569095674,0.00105579310344828,0.00228249620689655,Medium Risk
7798.0,18539,12,0.000170988885722428,0.0940438871473354,0.282131661442006,0.030370404013614,0.0237852379397116,0.000703862068965517,0.00152166413793103,Low Risk
7812.0,18538,12,0.000170988885722428,0.0940438871473354,0.282131661442006,0.030370404013614,0.0237852379397116,0.000703862068965517,0.00152166413793103,Low Risk
7826.0,18537,14,0.000199487033342833,0.109717868338558,0.329153605015674,0.035432138015883,0.0277494442629969,0.000821172413793103,0.00177527482758621,Medium Risk
7840.0,18536,15,0.000213736107153035,0.117554858934169,0.352664576802508,0.0379630050170175,0.0297315474246395,0.000879827586206897,0.00190208017241379,Medium Risk
7854.0,18535,14,0.000199487033342833,0.109717868338558,0.329153605015674,0.035432138015883,0.0277494442629969,0.000821172413793103,0.00177527482758621,Medium Risk
7868.0,18534,14,0.000199487033342833,0.109717868338558,0.329153605015674,0.035432138015883,0.0277494442629969,0.000821172413793103,0.00177527482758621,Medium Risk
7882.0,18533,14,0.000199487033342833,0.109717868338558,0.329153605015674,0.035432138015883,0.0277494442629969,0.000821172413793103,0.00177527482758621,Medium Risk
7896.0,18532,12,0.000170988885722428,0.0940438871473354,0.282131661442006,0.030370404013614,0.0237852379397116,0.000703862068965517,0.00152166413793103,Low Risk
7910.0,18531,10,0.000142490738102023,0.0783699059561129,0.235109717868339,0.025308670011345,0.0198210316164263,0.000586551724137931,0.00126805344827586,Low Risk
7924.0,18530,9,0.000128241664291821,0.0705329153605016,0.211598746081505,0.0227778030102105,0.0178389284547837,0.000527896551724138,0.00114124810344828,Low Risk
7938.0,18529,8,0.000113992590481619,0.0626959247648903,0.188087774294671,0.020246936009076,0.0158568252931411,0.000469241379310345,0.00101444275862069,Low Risk
7952.0,18528,8,0.000113992590481619,0.0626959247648903,0.188087774294671,0.020246936009076,0.0158568252931411,0.000469241379310345,0.00101444275862069,Low Risk
7966.0,18527,7,9.97435166714164e-05,0.054858934169279,0.164576802507837,0.0177160690079415,0.0138747221314984,0.000410586206896552,0.000887637413793103,Low Risk
7980.0,18526,7,9.97435166714164e-05,0.054858934169279,0.164576802507837,0.0177160690079415,0.0138747221314984,0.000410586206896552,0.000887637413793103,Low Risk
7994.0,18525,7,9.97435166714164e-05,0.054858934169279,0.164576802507837,0.0177160690079415,0.0138747221314984,0.000410586206896552,0.000887637413793103,Low Risk
8008.0,18524,7,9.97435166714164e-05,0.054858934169279,0.164576802507837,0.0177160690079415,0.0138747221314984,0.000410586206896552,0.000887637413793103,Low Risk
8022.0,18523,6,8.5494442861214e-05,0.0470219435736677,0.141065830721003,0.015185202006807,0.0118926189698558,0.000351931034482759,0.000760832068965517,Low Risk
8036.0,18522,5,7.12453690510117e-05,0.0391849529780564,0.117554858934169,0.0126543350056725,0.00991051580821317,0.000293275862068965,0.000634026724137931,Low Risk
8050.0,18521,5,7.12453690510117e-05,0.0391849529780564,0.117554858934169,0.0126543350056725,0.00991051580821317,0.000293275862068965,0.000634026724137931,Low Risk
8064.0,18520,5,7.12453690510117e-05,0.0391849529780564,0.117554858934169,0.0126543350056725,0.00991051580821317,0.000293275862068965,0.000634026724137931,Low Risk
8078.0,18519,7,9.97435166714164e-05,0.054858934169279,0.164576802507837,0.0177160690079415,0.0138747221314984,0.000410586206896552,0.000887637413793103,Low Risk
8092.0,18518,7,9.97435166714164e-05,0.054858934169279,0.164576802507837,0.0177160690079415,0.0138747221314984,0.000410586206896552,0.000887637413793103,Low Risk
8106.0,18517,9,0.000128241664291821,0.0705329153605016,0.211598746081505,0.0227778030102105,0.0178389284547837,0.000527896551724138,0.00114124810344828,Low Risk
8120.0,18516,9,0.000128241664291821,0.0705329153605016,0.211598746081505,0.0227778030102105,0.0178389284547837,0.000527896551724138,0.00114124810344828,Low Risk
8134.0,18515,11,0.000156739811912226,0.0862068965517241,0.258620689655172,0.0278395370124795,0.021803134778069,0.000645206896551724,0.00139485879310345,Low Risk
8148.0,18514,14,0.000199487033342833,0.109717868338558,0.329153605015674,0.035432138015883,0.0277494442629969,0.000821172413793103,0.00177527482758621,Medium Risk
8162.0,18513,15,0.000213736107153035,0.117554858934169,0.352664576802508,0.0379630050170175,0.0297315474246395,0.000879827586206897,0.00190208017241379,Medium Risk
8176.0,18512,16,0.000227985180963237,0.125391849529781,0.376175548589342,0.040493872018152,0.0317136505862821,0.00093848275862069,0.00202888551724138,Medium Risk
8190.0,18511,16,0.000227985180963237,0.125391849529781,0.376175548589342,0.040493872018152,0.0317136505862821,0.00093848275862069,0.00202888551724138,Medium Risk
8204.0,18510,14,0.000199487033342833,0.109717868338558,0.329153605015674,0.035432138015883,0.0277494442629969,0.000821172413793103,0.00177527482758621,Medium Risk
8218.0,18509,15,0.000213736107153035,0.117554858934169,0.352664576802508,0.0379630050170175,0.0297315474246395,0.000879827586206896,0.00190208017241379,Medium Risk
8232.0,18508,-19,-0.000270732402393844,-0.148902821316614,-0.446708463949843,-0.0480864730215555,-0.03765996007121,-0.00111444827586207,-0.00240930155172414,Low Risk
8246.0,18507,-19,-0.000270732402393844,-0.148902821316614,-0.446708463949843,-0.0480864730215555,-0.03765996007121,-0.00111444827586207,-0.00240930155172414,Low Risk
8260.0,18506,-20,-0.000284981476204047,-0.156739811912226,-0.470219435736677,-0.05061734002269,-0.0396420632328527,-0.00117310344827586,-0.00253610689655172,Low Risk
8274.0,18505,-22,-0.000313479623824451,-0.172413793103448,-0.517241379310345,-0.055679074024959,-0.0436062695561379,-0.00129041379310345,-0.0027897175862069,Low Risk
8288.0,18504,-22,-0.000313479623824451,-0.172413793103448,-0.517241379310345,-0.055679074024959,-0.0436062695561379,-0.00129041379310345,-0.0027897175862069,Low Risk
8302.0,18503,-24,-0.000341977771444856,-0.188087774294671,-0.564263322884012,-0.060740808027228,-0.0475704758794232,-0.00140772413793103,-0.00304332827586207,Low Risk
8316.0,18502,-24,-0.000341977771444856,-0.188087774294671,-0.564263322884013,-0.060740808027228,-0.0475704758794232,-0.00140772413793103,-0.00304332827586207,Low Risk
8330.0,18501,-26,-0.000370475919065261,-0.203761755485893,-0.61128526645768,-0.065802542029497,-0.0515346822027085,-0.00152503448275862,-0.00329693896551724,Low Risk
8344.0,18500,-29,-0.000413223140495868,-0.227272727272727,-0.681818181818182,-0.0733951430329004,-0.0574809916876364,-0.001701,-0.003677355,Low Risk
8358.0,18499,-30,-0.00042747221430607,-0.235109717868339,-0.705329153605016,-0.075926010034035,-0.059463094849279,-0.00175965517241379,-0.00380416034482758,Low Risk
8372.0,18498,-31,-0.000441721288116272,-0.24294670846395,-0.72884012539185,-0.0784568770351695,-0.0614451980109216,-0.00181831034482759,-0.00393096568965517,Low Risk
8386.0,18497,-31,-0.000441721288116272,-0.24294670846395,-0.72884012539185,-0.0784568770351695,-0.0614451980109216,-0.00181831034482759,-0.00393096568965517,Low Risk
8400.0,18496,-30,-0.00042747221430607,-0.235109717868339,-0.705329153605016,-0.075926010034035,-0.059463094849279,-0.00175965517241379,-0.00380416034482758,Low Risk
8414.0,18495,-32,-0.000455970361926475,-0.250783699059561,-0.752351097178683,-0.080987744036304,-0.0634273011725643,-0.00187696551724138,-0.00405777103448276,Low Risk
8428.0,18494,4,5.69962952408093e-05,0.0313479623824451,0.0940438871473354,0.010123468004538,0.00792841264657053,0.000234620689655172,0.000507221379310345,Low Risk
8442.0,18493,5,7.12453690510117e-05,0.0391849529780564,0.117554858934169,0.0126543350056725,0.00991051580821317,0.000293275862068965,0.000634026724137931,Low Risk
8456.0,18492,6,8.5494442861214e-05,0.0470219435736677,0.141065830721003,0.015185202006807,0.0118926189698558,0.000351931034482759,0.000760832068965517,Low Risk
8470.0,18491,6,8.5494442861214e-05,0.0470219435736677,0.141065830721003,0.015185202006807,0.0118926189698558,0.000351931034482759,0.000760832068965517,Low Risk
8484.0,18490,7,9.97435166714164e-05,0.054858934169279,0.164576802507837,0.0177160690079415,0.0138747221314984,0.000410586206896552,0.000887637413793103,Low Risk
8498.0,18489,9,0.000128241664291821,0.0705329153605016,0.211598746081505,0.0227778030102105,0.0178389284547837,0.000527896551724138,0.00114124810344828,Low Risk
8512.0,18488,13,0.00018523795953263,0.101880877742947,0.30564263322884,0.0329012710147485,0.0257673411013542,0.00076251724137931,0.00164846948275862,Medium Risk
8526.0,18487,14,0.000199487033342833,0.109717868338558,0.329153605015674,0.035432138015883,0.0277494442629969,0.000821172413793103,0.00177527482758621,Medium Risk
8540.0,18486,13,0.00018523795953263,0.101880877742947,0.30564263322884,0.0329012710147485,0.0257673411013542,0.00076251724137931,0.00164846948275862,Medium Risk
8554.0,18485,15,0.000213736107153035,0.117554858934169,0.352664576802508,0.0379630050170175,0.0297315474246395,0.000879827586206897,0.00190208017241379,Medium Risk
8568.0,18484,15,0.000213736107153035,0.117554858934169,0.352664576802508,0.0379630050170175,0.0297315474246395,0.000879827586206897,0.00190208017241379,Medium Risk
8582.0,18483,18,0.000256483328583642,0.141065830721003,0.423197492163009,0.045555606020421,0.0356778569095674,0.00105579310344828,0.00228249620689655,Medium Risk
8596.0,18482,19,0.000270732402393844,0.148902821316614,0.446708463949843,0.0480864730215555,0.03765996007121,0.00111444827586207,0.00240930155172414,Medium Risk
8610.0,18481,18,0.000256483328583642,0.141065830721003,0.423197492163009,0.045555606020421,0.0356778569095674,0.00105579310344828,0.00228249620689655,Medium Risk
8624.0,18480,17,0.00024223425477344,0.133228840125392,0.399686520376176,0.0430247390192865,0.0336957537479248,0.000997137931034483,0.00215569086206897,Medium Risk
8638.0,18479,16,0.000227985180963237,0.125391849529781,0.376175548589342,0.040493872018152,0.0317136505862821,0.00093848275862069,0.00202888551724138,Medium Risk
8652.0,18478,15,0.000213736107153035,0.117554858934169,0.352664576802508,0.0379630050170175,0.0297315474246395,0.000879827586206897,0.00190208017241379,Medium Risk
8666.0,18477,14,0.000199487033342833,0.109717868338558,0.329153605015674,0.035432138015883,0.0277494442629969,0.000821172413793103,0.00177527482758621,Medium Risk
8680.0,18476,13,0.00018523795953263,0.101880877742947,0.30564263322884,0.0329012710147485,0.0257673411013542,0.00076251724137931,0.00164846948275862,Medium Risk
8694.0,18475,13,0.00018523795953263,0.101880877742947,0.30564263322884,0.0329012710147485,0.0257673411013542,0.00076251724137931,0.00164846948275862,Medium Risk
8708.0,18474,12,0.000170988885722428,0.0940438871473354,0.282131661442006,0.030370404013614,0.0237852379397116,0.000703862068965517,0.00152166413793103,Low Risk
8722.0,18473,12,0.000170988885722428,0.0940438871473354,0.282131661442006,0.030370404013614,0.0237852379397116,0.000703862068965517,0.00152166413793103,Low Risk
8736.0,18472,13,0.00018523795953263,0.101880877742947,0.30564263322884,0.0329012710147485,0.0257673411013542,0.00076251724137931,0.00164846948275862,Medium Risk
