"","X.18566.","X.512.","X.0.000297111461480834.","X.0.163411303814459.","X.3.88040576583583.","X.0.000615671262188287.","X.0.0044923252938466.","X.0.000112943090220418.","X.3.08472972571157e.05.","X.Medium.Risk."
"1","19094","341","0.000197880875712821","0.216101119610988","5.13159133406206","0.000814186325948812","0.00594081622871867","0.00014936009736921","4.07936006789627e-05","Medium Risk"
"2","19093","345","0.00020020205900564","0.218593772617364","5.19078249692753","0.000823577688644108","0.00600934152585502","0.000151082915355573","4.12641410054374e-05","Medium Risk"
"3","19092","355","0.000206005017237687","0.224942795027777","5.34154797393997","0.000847498375584583","0.00618388192361037","0.000155471095329497","4.2462651616481e-05","Medium Risk"
"4","19091","351","0.000203683833944868","0.222646484315508","5.28701920438695","0.000838846755521602","0.00612075425462752","0.000153883980962886","4.20291749996095e-05","Medium Risk"
"5","19090","333","0.000193238509127183","0.211311993216137","5.01786753869361","0.000796142730288838","0.00580915879048266","0.000146050052581216","3.98895530270841e-05","Medium Risk"
"6","19089","334","0.000193818804950388","0.211976399310793","5.03364469229527","0.000798645958213431","0.00582742391801507","0.000146509262413946","4.00149735568938e-05","Medium Risk"
"7","19088","318","0.000184534071779112","0.201816397347655","4.79238273991889","0.000760366958618747","0.00554811622791575","0.000139487092028079","3.80970609439105e-05","Medium Risk"
"8","19087","236","0.000136949814276322","0.149800374203371","3.55719722084304","0.000564390487739974","0.00411814846557725","0.000103535782309858","2.82779499607034e-05","Medium Risk"
"9","19086","166","9.6329106651989e-05","0.10537723797217","2.50231429693089","0.000397021109273478","0.00289691606692993","7.28323599264705e-05","1.98921549977484e-05","Medium Risk"
"10","19085","174","0.000100971473237627","0.110423341720075","2.62214034091525","0.000416032897265407","0.00303563804621126","7.63200167626792e-05","2.08447124932726e-05","Medium Risk"
"11","19084","164","9.51685150055795e-05","0.104095174165018","2.47187008852362","0.000392190783439643","0.00286167096738812","7.19462507965685e-05","1.96501386718354e-05","Medium Risk"
"12","19083","155","8.99458525967368e-05","0.0984594773946085","2.33804342089458","0.000370957634551192","0.00270674053993798","6.80510918085576e-05","1.85862831767151e-05","Low Risk"
"13","19082","160","9.28473317127605e-05","0.101557149287007","2.41160151382534","0.000382628476893921","0.00279189835625442","7.01920736614002e-05","1.91710334567712e-05","Medium Risk"
"14","19081","174","0.000100971473237627","0.110492762515705","2.62378882452255","0.000416294448258946","0.00303754648699137","7.63679975265534e-05","2.08578171186483e-05","Medium Risk"
"15","19080","161","9.34276275359653e-05","0.102272471731957","2.42858773983933","0.000385323538142891","0.00281156322054284","7.06864747557634e-05","1.93060655113414e-05","Medium Risk"
"16","19079","159","9.22670358895558e-05","0.101000412812219","2.3983811099955","0.000380530906896387","0.00277659316445118","6.9807280587529e-05","1.906593781693e-05","Medium Risk"
"17","19078","152","8.82049651271225e-05","0.0965592919010143","2.29292114004045","0.000363798462731834","0.00265450271332125","6.67377627020174e-05","1.82275834699242e-05","Low Risk"
"18","19077","173","0.000100391177414422","0.109780302712258","2.60687057551156","0.000413610172347747","0.0030179603193202","7.58755749708396e-05","2.07233254474624e-05","Medium Risk"
"19","19076","149","8.64640776575082e-05","0.0945661784283669","2.24559216811076","0.000356289173847005","0.0025997102120825","6.53602056450318e-05","1.78513416658216e-05","Low Risk"
"20","19075","134","7.77596403094369e-05","0.0850901064011078","2.02057098736175","0.000320586960539693","0.0023392043776593","5.8810739158151e-05","1.60625351155318e-05","Low Risk"
"21","19074","149","8.64640776575082e-05","0.0945607138312171","2.2454624044176","0.000356268585336015","0.00259955998533916","6.53564287429786e-05","1.78503101089542e-05","Low Risk"
"22","19073","169","9.80699941216033e-05","0.107164598293446","2.54475740297319","0.000403755199016955","0.00294605222699388","7.40677089709378e-05","2.02295565963463e-05","Medium Risk"
"23","19072","165","9.57488108287843e-05","0.104609852964634","2.48409178026086","0.000394129896210819","0.00287581995546759","7.23019753562726e-05","1.9747295046903e-05","Medium Risk"
"24","19071","178","0.000103292656530446","0.112945601218113","2.68203454695014","0.000425535805892137","0.00310497725271773","7.80632975235307e-05","2.13208416635282e-05","Medium Risk"
"25","19070","183","0.00010619413564647","0.116055875316065","2.75589189501195","0.000437254128523059","0.00319048151512107","8.02129894962177e-05","2.19079708731425e-05","Medium Risk"
"26","19069","205","0.000118960643756974","0.129954248076584","3.08592613705483","0.000489617878766116","0.0035725604168737","8.9818966145118e-05","2.45315790686976e-05","Medium Risk"
"27","19068","192","0.000111416798055313","0.121811566098576","2.89256797051889","0.000458939368932485","0.00334871068704662","8.41910833499229e-05","2.2994477744722e-05","Medium Risk"
"28","19067","178","0.000103292656530446","0.1128860289051","2.68061992787879","0.000425311360212506","0.00310333955567773","7.802212362084e-05","2.13095961449815e-05","Medium Risk"
"29","19066","205","0.000118960643756974","0.130000143577926","3.08701598312959","0.000489790795452908","0.00357382212592772","8.98506872049698e-05","2.45402428033329e-05","Medium Risk"
"30","19065","202","0.00011721975628736","0.128089276783448","3.041640061428","0.0004825913805791","0.00352129066063966","8.85299756279233e-05","2.41795267778678e-05","Medium Risk"
"31","19064","209","0.000121281827049793","0.132556033874408","3.14770879453108","0.00049942041205909","0.00364408587365608","9.16172121736216e-05","2.50227204893421e-05","Medium Risk"
"32","19063","212","0.000123022714519408","0.134499446404184","3.19385755541794","0.000506742446809626","0.00369751205079376","9.29604180079945e-05","2.53895802022251e-05","Medium Risk"
"33","19062","249","0.000144493659977984","0.157827146899164","3.74780297652046","0.000594632295751788","0.00433881174386679","0.000109083553434605","2.97931709863159e-05","Medium Risk"
"34","19061","270","0.000156679872265283","0.171234021537319","4.06616598099673","0.000645144269145289","0.0047073789154304","0.000118349827042891","3.23239986438789e-05","Medium Risk"
"35","19060","321","0.000186274959248726","0.203482807678169","4.83195373717451","0.000766645355079471","0.00559392736278188","0.000140638845474201","3.84116307051068e-05","Medium Risk"
"36","19059","302","0.000175249338607835","0.191405242126711","4.54515683935197","0.000721141709654362","0.00526190410644395","0.000132291334966178","3.61317379069248e-05","Medium Risk"
"37","19058","299","0.000173508451138221","0.189450740560146","4.49874475541897","0.000713777895656511","0.00520817308160424","0.000130940464851225","3.57627849066979e-05","Medium Risk"
"38","19057","287","0.000166544901259764","0.181750133345292","4.315884206978","0.000684764954367159","0.00499647638889231","0.000125618125728302","3.43091344292095e-05","Medium Risk"
"39","19056","426","0.000247206020685225","0.269652503310789","6.40323590959971","0.00101594744788332","0.00741299244847547","0.000186372584384809","5.09025430407056e-05","Medium Risk"
"40","19055","404","0.00023443951257472","0.255450600965851","6.06599397799077","0.000962440114314089","0.00702256924251816","0.000176556820723399","4.82216372953585e-05","Medium Risk"
"41","19054","501","0.000290728207425581","0.316607276222386","7.51823571246844","0.00119285506461142","0.00870382184089677","0.000218825768647106","5.97662373129756e-05","Medium Risk"
"42","19053","761","0.000441605121458817","0.480020018583568","11.3986756383954","0.00180853174669329","0.0131961866817005","0.000331769853131136","9.06138061258367e-05","Medium Risk"
"43","19052","755","0.000438123346519589","0.47598676465602","11.302900980032","0.00179333598924973","0.0130853088647302","0.000328982235924811","8.98524451923373e-05","Medium Risk"
"44","19051","765","0.000443926304751636","0.482041392956038","11.4466757007336","0.0018161475118344","0.0132517561007665","0.000333166942945552","9.0995382765151e-05","Medium Risk"
"45","19050","754","0.000437543050696384","0.474204851260187","11.2605872180463","0.00178662242143702","0.0130363224455983","0.000327750651568455","8.9516071814703e-05","Medium Risk"
"46","19049","1187","0.000688811142144042","0.74495793272217","17.6899577321925","0.00280671642664939","0.0204795707879504","0.000514883909753195","0.000140626371972524","Medium Risk"
"47","19048","1557","0.000903520596729801","0.974810091543518","23.1480846888986","0.00367271140640257","0.0267984155851916","0.000673748152955082","0.000184015768561651","Medium Risk"
"48","19047","1521","0.00088262994709443","0.950193985395493","22.5635444643272","0.003579967337978","0.026121696449468","0.000656734525178707","0.000179368964295754","Medium Risk"
"49","19046","1856","0.00107702904786802","1.15641651155765","27.4605562431051","0.00435693490393091","0.0317909411639651","0.000799266950011817","0.000218297774097433","High Risk"
"50","19045","1853","0.00107528816039841","1.15421721074184","27.4083310948609","0.0043486487800362","0.0317304803852244","0.000797746884847022","0.000217882610125054","High Risk"
"51","19044","1992","0.00115594927982387","1.23934842059639","29.4298781351272","0.00466939060265991","0.0340708147341847","0.000856586033001011","0.000233952904376074","High Risk"
"52","19043","2169","0.00125866164053111","1.34843248314225","32.0202156171923","0.00508037760848231","0.037069634778401","0.000931980395754","0.000254544799947672","High Risk"
"53","19042","2719","0.00157782434329372","1.69044139111941","40.1416448421171","0.00636893630141713","0.046471770568047","0.00116836271477466","0.000319106125894448","High Risk"
"54","19041","4060","0.0023560010422113","2.51831855587527","59.8006234349935","0.00948806066469149","0.0692308664238243","0.00174055694569892","0.00047538523509609","High Risk"
"55","19040","4592","0.00266471842015623","2.84309226852893","67.5127813931977","0.0107116837368266","0.0781591910260627","0.00196502701523041","0.000536693057882325","High Risk"
"56","19039","4332","0.00251384150612299","2.67265650646965","63.4655710817836","0.0100695470039345","0.0734737569893556","0.00184722891190639","0.000504519747390566","High Risk"
"57","19038","5300","0.00307556786298519","3.26136113166834","77.4450986216226","0.012287560759358","0.0896577823086038","0.00225411704048095","0.000615650043436439","High Risk"
"58","19037","5635","0.00326996696375879","3.46465700889721","82.2726134615095","0.0130535018320349","0.0952465707834021","0.00239462668741069","0.000654026387114264","High Risk"
"59","19036","5891","0.0034185226944992","3.60651773588185","85.6412738300841","0.0135879787672214","0.0991464511292573","0.00249267491609843","0.000680805562803203","High Risk"
"60","19035","6407","0.00371795533927285","3.90419048875367","92.7098856067061","0.014709495793288","0.107329745710478","0.00269841393046879","0.000736997513291566","High Risk"
"61","19034","8270","0.00479904645790331","4.99911938065534","99","0.0188347688750628","0.137430336313672","0.00345518319756553","0.000943688214702557","High Risk"
"62","19033","9223","0.00535206837741744","5.54977386455591","99","0.0209094242582525","0.152568328658469","0.00383577265254029","0.00104763575171096","High Risk"
"63","19032","8822","0.00511936975231233","5.25391482882347","99","0.0197947406243343","0.144434894810203","0.00363128720394981","0.000991786178221203","High Risk"
"64","19031","9657","0.0056039167646883","5.70419594627864","99","0.0214912275713937","0.1568135320652","0.00394250276668122","0.00107678614551341","High Risk"
"65","19030","10019","0.00581398385268842","5.90141055017474","99","0.0222342567331984","0.16223514080779","0.00407880929065286","0.00111401452181188","High Risk"
"66","19029","11479","0.00666121575456736","6.67847626331505","99","0.0251619429901757","0.18359738366759","0.00461588476155203","0.00126070190806986","High Risk"
"67","19028","10776","0.00625326779085442","6.19531473649444","99","0.0233415752425674","0.170314834068609","0.00428194362871158","0.00116949507663817","High Risk"
"68","19027","11537","0.00669487291231324","6.5513844844454","99","0.0246831098000356","0.180103515131395","0.00452804421495529","0.00123671067986095","High Risk"
"69","19026","10881","0.00631419885229092","6.09446022477217","99","0.0229615940351478","0.167542251857755","0.00421223718888342","0.00115045668069984","High Risk"
"70","19025","12989","0.00753746244760654","7.1424426921014","99","0.0269099909535419","0.196352242571961","0.00493655904174234","0.00134828526376198","High Risk"
"71","19024","12000","0.00696354987845704","6.56741843465317","99","0.0247435195889049","0.180544302998557","0.00453912621382951","0.00123973742291189","High Risk"
"72","19023","11998","0.00696238928681063","6.54014680889969","99","0.0246407705387618","0.179794581214832","0.00452027720145378","0.00123458933384665","High Risk"
"73","19022","12081","0.00701055384013662","6.47219753824151","99","0.0243847636882296","0.177926593993931","0.00447331349437099","0.00122176248954966","High Risk"
"74","19021","12930","0.00750322499403746","6.69415787322174","99","0.0252210252956162","0.184028485379575","0.00462672323747842","0.00126366213952858","High Risk"
"75","19020","10660","0.00618595347536267","5.39680841550815","99","0.0203331089796389","0.148363169408152","0.00373004930226323","0.00101876032775496","High Risk"
"76","19019","10714","0.00621728944981573","5.2430478149256","99","0.0197537978743131","0.144136150719296","0.00362377637634827","0.000989734802336061","High Risk"
"77","19018","11913","0.00691306414183823","5.59112973089062","99","0.0210652373374633","0.153705239019305","0.00386435610566474","0.00105544253540568","High Risk"
"78","19017","12403","0.00719740909520856","5.66513393195557","99","0.0213440568488027","0.155739681781432","0.00391550472857187","0.00106941237430445","High Risk"
"79","19016","11902","0.00690668088778297","5.34283566776671","99","0.0201297603192337","0.146879409507842","0.00369274558596386","0.00100857184412807","High Risk"
"80","19015","10630","0.00616854460066653","4.6272599889594","99","0.0174337449819914","0.127207583590478","0.00319816946690397","0.000873491986377256","High Risk"
"81","19014","11442","0.00663974480910879","4.79320012264387","99","0.0180589439074538","0.131769428716329","0.00331286037905282","0.000904816653099592","High Risk"
"82","19013","10001","0.00580353852787074","3.98477111729288","94.6233734028332","0.0150130927668302","0.109544980442291","0.00275410790626286","0.00075220879025767","High Risk"
"83","19012","10766","0.00624746483262237","4.10611136511047","97.5047493313552","0.0154702563888335","0.112880734161333","0.00283797323403842","0.000775114296831019","High Risk"
"84","19011","9479","0.00550062410815786","3.51302943739433","83.4212772691297","0.0132357506325325","0.0965763728166147","0.00242805969619529","0.000663157693493126","High Risk"
"85","19010","10115","0.00586969225171608","3.68273863650211","87.4512344346448","0.0138751499542482","0.10124183297729","0.00254535562945477","0.00069519385004989","High Risk"
"86","19009","9881","0.00573390302908617","3.5254544405397","83.7163245071137","0.0132825632898618","0.0969179474482536","0.00243664734110405","0.00066550317239513","High Risk"
"87","19008","9589","0.00556445664871038","3.33438735717843","79.1791976705374","0.0125626956330366","0.0916653396336811","0.00230458972739866","0.00062943526901932","High Risk"
"88","19007","8320","0.00482806124906355","2.85059919181903","67.6910426746305","0.0107399669512021","0.0783655631716114","0.0019702154880878","0.00053811014647296","High Risk"
"89","19006","9247","0.00536599547717435","3.1173495105205","74.0253625813058","0.0117449800780206","0.0856987719268932","0.00215458220329149","0.000588464841542018","High Risk"
"90","19005","8588","0.00498358052968242","2.83289204194905","67.2705642569928","0.0106732531862683","0.0778787775246821","0.00195797704326403","0.000534767552032639","High Risk"
"91","19004","7657","0.0044433251182788","2.50591222605931","59.5060196185685","0.00944131836132188","0.068889805138986","0.00173198220701806","0.000473043281175097","High Risk"
"92","19003","6360","0.00369068143558223","2.07279305058698","49.2210631524898","0.00780949104450559","0.0569829652704691","0.00143262826411637","0.00039128298894512","High Risk"
"93","19002","6365","0.00369358291469826","2.07050606703441","49.1667558680082","0.00780087456561126","0.0569200940135854","0.00143104759629425","0.000390851273024486","High Risk"
"94","19001","5983","0.00347190991023404","1.94323939201912","46.1446495142836","0.00732138243371972","0.0534214174233534","0.00134308616876274","0.000366827029514509","High Risk"
"95","19000","5287","0.00306802401728353","1.70870548975207","40.5753487046262","0.00643774843616806","0.0469738672427667","0.00118098609939685","0.000322553856048385","High Risk"
"96","18999","4813","0.00279296379708448","1.55542214602154","36.9354440166744","0.00586023545203464","0.0427599687786315","0.00107504303354933","0.000293618422830195","High Risk"
"97","18998","4093","0.00237515080437706","1.32055429636827","31.3582132087077","0.00497534326851923","0.0363032380808168","0.000912712153652647","0.000249282209818762","High Risk"
"98","18997","3304","0.0019172973998685","1.06443062544424","25.276236342841","0.00401036728415809","0.0292621655332819","0.000735690134994731","0.000200933516508366","High Risk"
"99","18996","2668","0.00154822925631028","0.858036229280828","20.3751432959484","0.00323275217780782","0.0235881959562088","0.000593038920771874","0.000161972262653586","Medium Risk"
"100","18995","2603","0.00151051002780197","0.834536870296169","19.817121629338","0.00314421558536298","0.0229421772152053","0.000576797142143513","0.000157536267743622","Medium Risk"
"101","18994","2584","0.00149948440716108","0.827194910562002","19.6427776138387","0.00311655389054165","0.0227403400677724","0.000571722685228391","0.000156150319470259","Medium Risk"
"102","18993","2066","0.00119889117074102","0.66087637263162","15.6933359382296","0.00248992928267993","0.0181680922652056","0.000456770235818111","0.000124754221041643","Medium Risk"
"103","18992","1139","0.000660956942630214","0.36434815639337","8.65190261529136","0.00137272443268293","0.0100162620365036","0.00025182227752067","6.87783257522356e-05","Medium Risk"
"104","18991","807","0.000468298729326236","0.25835498202315","6.134962138319","0.000973382710754379","0.0071024133180632","0.000178564207997913","4.87698998924441e-05","Medium Risk"
"105","18990","583","0.000338312464928371","0.186537035349881","4.42955518141799","0.000702800169375802","0.00512807267661787","0.000128926633110352","3.52127621809584e-05","Medium Risk"
"106","18989","556","0.000322644477701843","0.17790753796002","4.22463697413221","0.000670287525353953","0.00489083994857068","0.000122962283769092","3.35837642784218e-05","Medium Risk"
"107","18988","562","0.000326126252641071","0.179827014051958","4.27021733436848","0.000677519376766174","0.00494360809127234","0.000124288945734129","3.39461054886306e-05","Medium Risk"
"108","18987","568","0.0003296080275803","0.181732399720654","4.31546309988385","0.000684698140855428","0.00499598887542992","0.000125605868985219","3.43057868371036e-05","Medium Risk"
"109","18986","461","0.000267516374497391","0.147482114820506","3.50214725265856","0.000555656173485011","0.00405441740768686","0.00010193349793588","2.78403300737491e-05","Medium Risk"
"110","18985","274","0.000159001055558102","0.0875820851893728","2.07974614007514","0.000329975783039143","0.00240771113992688","6.0533091153027e-05","1.65329481692537e-05","Low Risk"
"111","18984","260","0.000150876914033236","0.083105788287801","1.97345087223875","0.000313110809203248","0.0022846536688444","5.74392610873811e-05","1.56879536192398e-05","Low Risk"
"112","18983","236","0.000136949814276322","0.0754334928340595","1.79126262197122","0.000284204535796056","0.00207373529218276","5.21364898750942e-05","1.4239647578094e-05","Low Risk"
"113","18982","236","0.000136949814276322","0.0754371311312641","1.79134901788827","0.000284218243507701","0.00207383531228037","5.21390045146561e-05","1.42403343826954e-05","Low Risk"
"114","18981","193","0.000111997093878517","0.0616939030310655","1.46499887982346","0.000232439018977444","0.00169602147827703","4.26402573961418e-05","1.16460129827479e-05","Low Risk"
"115","18980","199","0.000115478868817746","0.063561096390594","1.50933772119555","0.000239473889060335","0.0017473523211362","4.39307837131178e-05","1.19984847350282e-05","Low Risk"
"116","18979","164","9.51685150055795e-05","0.0523804213087667","1.24383860919583","0.0001973493837228","0.00143998539914284","3.62031665592539e-05","9.88789874903085e-06","Low Risk"
"117","18978","177","0.000102712360707241","0.056530254344319","1.34238158426864","0.000212984366635427","0.00155406808177059","3.9071358391723e-05","1.06712664245035e-05","Low Risk"
"118","18977","161","9.34276275359653e-05","0.0513851951447809","1.22020571933505","0.000193599752367801","0.00141262572716661","3.55153076669658e-05","9.70002902030397e-06","Low Risk"
"119","18976","129","7.48581611934132e-05","0.0411719886563773","0.977680358970342","0.000155120298481033","0.00113185539630119","2.84563645281908e-05","7.77207294173423e-06","Low Risk"
"120","18975","125","7.25369779005942e-05","0.0398953378453268","0.947364688924763","0.000150310366745187","0.00109675910494302","2.75739966358441e-05","7.53107843191302e-06","Low Risk"
"121","18974","125","7.25369779005942e-05","0.0398953378453268","0.947364688924763","0.000150310366745187","0.00109675910494302","2.75739966358441e-05","7.53107843191302e-06","Low Risk"
"122","18973","127","7.36975695470037e-05","0.040533663250852","0.96252252394759","0.00015271533261311","0.00111430725062211","2.80151805820185e-05","7.65157568682363e-06","Low Risk"
"123","18972","118","6.84749071381609e-05","0.0376611989259885","0.894312266344982","0.000141892986207457","0.00103534059506621","2.6029852824237e-05","7.10933803972589e-06","Low Risk"
"124","18971","127","7.36975695470037e-05","0.040533663250852","0.962522523947515","0.00015271533261311","0.00111430725062211","2.80151805820164e-05","7.65157568682363e-06","Low Risk"
"125","18970","111","6.44128363757276e-05","0.0354270600066502","0.8412598437652","0.000133475605669726","0.0009739220851894","2.44857090126299e-05","6.68759764753876e-06","Low Risk"
"126","18969","115","6.67340196685466e-05","0.0367037108177007","0.871575513810779","0.000138285537405572","0.00100901837654758","2.53680769049765e-05","6.92859215735998e-06","Low Risk"
"127","18968","115","6.67340196685466e-05","0.0367037108177007","0.871575513810779","0.000138285537405572","0.00100901837654758","2.53680769049765e-05","6.92859215735998e-06","Low Risk"
"128","18967","131","7.60187528398227e-05","0.0418103140619025","0.992838193993094","0.000157525264348956","0.00114940354198028","2.8897548474363e-05","7.89257019664484e-06","Low Risk"
"129","18966","103","5.97704697900896e-05","0.0328737583845493","0.780628503673969","0.000123855742198034","0.000903729502473047","2.27209732279345e-05","6.20560862789633e-06","Low Risk"
"130","18965","114","6.61537238453419e-05","0.036384548114938","0.863996596299329","0.000137083054471611","0.00100024430370803","2.51474849318883e-05","6.86834352990467e-06","Low Risk"
"131","18964","101","5.86098781436801e-05","0.0322354329790241","0.765470668651216","0.000121450776330111","0.000886181356793959","2.22797892817623e-05","6.08511137298572e-06","Low Risk"
"132","18963","116","6.73143154917514e-05","0.0370228735204633","0.87915443132223","0.000139488020339534","0.00101779244938712","2.55886688780648e-05","6.98884078481528e-06","Low Risk"
"133","18962","119","6.90552029613656e-05","0.0379803616287511","0.901891183856358","0.000143095469141418","0.00104411466790575","2.62504447973231e-05","7.16958666718119e-06","Low Risk"
"134","18961","128","7.42778653702084e-05","0.0408528259536146","0.970101441458966","0.000153917815547072","0.00112308132346165","2.82357725551047e-05","7.71182431427893e-06","Low Risk"
"135","18960","125","7.25369779005942e-05","0.0398953378453268","0.947364688924763","0.000150310366745187","0.00109675910494302","2.75739966358441e-05","7.53107843191302e-06","Low Risk"
"136","18959","124","7.19566820773894e-05","0.0395761751425642","0.939785771413313","0.000149107883811226","0.00108798503210347","2.73534046627559e-05","7.47082980445772e-06","Low Risk"
"137","18958","133","7.71793444862322e-05","0.0424486394674277","1.00799602901592","0.000159930230216879","0.00116695168765937","2.93387324205374e-05","8.01306745155545e-06","Low Risk"
"138","18957","124","7.19566820773894e-05","0.0395761751425642","0.939785771413387","0.000149107883811226","0.00108798503210347","2.7353404662758e-05","7.47082980445772e-06","Low Risk"
"139","18956","151","8.76246693039177e-05","0.0481935681171548","1.14441654422106","0.000181574923028186","0.00132488499877117","3.33093879360982e-05","9.09754274575093e-06","Low Risk"
"140","18955","139","8.06611194254607e-05","0.0443636156840034","1.05346953408433","0.000167145127820648","0.00121959612469664","3.06622842590584e-05","8.37455921628728e-06","Low Risk"
"141","18954","169","9.80699941216033e-05","0.0539384967668818","1.28083705942628","0.000203219615839493","0.00148281830988296","3.72800434516612e-05","1.01820180399464e-05","Low Risk"
"142","18953","152","8.82049651271225e-05","0.0485127308199174","1.15199546173251","0.000182777405962148","0.00133365907161071","3.35299799091865e-05","9.15779137320623e-06","Low Risk"
"143","18952","165","9.57488108287843e-05","0.0526618459558314","1.2505213893807","0.000198409684103647","0.00144772201852478","3.63976755593146e-05","9.94102353012519e-06","Low Risk"
"144","18951","190","0.000110256206408903","0.0606409135248967","1.4399943271657","0.000228471757452685","0.00166707383951339","4.19124748864848e-05","1.14472392165078e-05","Low Risk"
"145","18950","209","0.000121281827049793","0.0667050048773864","1.58399375988221","0.000251318933197953","0.00183378122346473","4.61037223751317e-05","1.25919631381586e-05","Low Risk"
"146","18949","203","0.000117800052110565","0.0647900286608107","1.53852025481381","0.000244104035594184","0.00178113678642746","4.47801705366107e-05","1.22304713734267e-05","Low Risk"
"147","18948","204","0.00011838034793377","0.0651091913635733","1.54609917232526","0.000245306518528145","0.001789910859267","4.5000762509699e-05","1.2290720000882e-05","Low Risk"
"148","18947","205","0.000118960643756974","0.0654283540663359","1.55367808983664","0.000246509001462107","0.00179868493210655","4.52213544827851e-05","1.23509686283374e-05","Low Risk"
"149","18946","197","0.000114318277171336","0.062875052444235","1.49304674974548","0.000236889137990415","0.0017284923493902","4.34566186980919e-05","1.18689796086949e-05","Low Risk"
"150","18945","210","0.000121862122872998","0.067024167580149","1.59157267739359","0.000252521416131915","0.00184255529630427","4.63243143482178e-05","1.26522117656139e-05","Low Risk"
"151","18944","233","0.000135208926806708","0.0743649097436891","1.76588778015576","0.000280178523613029","0.00204435897161379","5.13979297292136e-05","1.40379301970859e-05","Low Risk"
"152","18943","274","0.000159001055558102","0.0874505805569563","2.07662339812307","0.00032948032390545","0.0024040959580351","6.04422006257702e-05","1.65081239227533e-05","Low Risk"
"153","18942","326","0.00018917643836475","0.104047041100612","2.47072710871582","0.000392009436471448","0.00286034774569139","7.19129832262826e-05","1.96410525504291e-05","Medium Risk"
"154","18941","365","0.000211807975469735","0.116494386508354","2.76630489166031","0.000438906270895947","0.00320253658643361","8.05160701766648e-05","2.1990749021186e-05","Medium Risk"
"155","18940","335","0.000194399100773592","0.106919505425476","2.53893736631835","0.000402831782877102","0.00293931440124729","7.3898310984062e-05","2.01832901975269e-05","Medium Risk"
"156","18939","388","0.000225154779403444","0.123835128671894","2.94061999442248","0.000466563378377061","0.00340434026174313","8.55896855576606e-05","2.3376467452658e-05","Medium Risk"
"157","18938","369","0.000214129158762554","0.117771037319405","2.79662056170588","0.000443716202631793","0.00323763287779179","8.13984380690115e-05","2.22317435310072e-05","Medium Risk"
"158","18937","352","0.000204264129768073","0.11234527137244","2.66777896401212","0.000423273992754447","0.00308847363951954","7.76483745265367e-05","2.12075168642671e-05","Medium Risk"
"159","18936","360","0.000208906496353711","0.114898572994541","2.72841030410335","0.000432893856226139","0.00315866622223589","7.94131103112321e-05","2.16895058839095e-05","Medium Risk"
"160","18935","417","0.000241983358276382","0.13309084705201","3.16040860225298","0.000501435383461945","0.00365878837408991","9.19868527771752e-05","2.51236776488618e-05","Medium Risk"
"161","18934","455","0.000264034599558163","0.145219029756989","3.44840746768609","0.000547129734952481","0.00399220314199258","0.000100369347754471","2.74131254921634e-05","Medium Risk"
"162","18933","518","0.000300593236420062","0.165326280031034","3.92587927090419","0.000622886159792056","0.00454496973088387","0.000114266642058937","3.12087890218476e-05","Medium Risk"
"163","18932","541","0.000313940040353772","0.172667022194574","4.10019437366637","0.00065054326727317","0.00474677340619338","0.000119340257439933","3.25945074533195e-05","Medium Risk"
"164","18931","569","0.000330188323403505","0.181603577871928","4.31240406398556","0.000684212789424092","0.00499244744570062","0.000125516832686364","3.42814690220681e-05","Medium Risk"
"165","18930","583","0.000338312464928371","0.186071855710604","4.41850890914505","0.000701047550499553","0.00511528446545424","0.000128605120309576","3.51249498064423e-05","Medium Risk"
"166","18929","574","0.000333089802519528","0.183199391385741","4.35029865154252","0.0006902252040939","0.00503631780989834","0.000126619792551797","3.45827121593446e-05","Medium Risk"
"167","18928","551","0.000319742998585819","0.175858649222201","4.17598354878035","0.000662568096612785","0.00483451413458882","0.000121546177170801","3.31969937278726e-05","Medium Risk"
"168","18927","565","0.000327867140110686","0.180326927060877","4.28208839393999","0.000679402857688246","0.00495735115434244","0.000124634464794017","3.40404745122468e-05","Medium Risk"
"169","18926","623","0.000361524297856561","0.198838363821109","4.72166560960106","0.000749146867858013","0.005466247379036","0.000137428799233049","3.75348949046545e-05","Medium Risk"
"170","18925","591","0.000342954831514009","0.188625157332705","4.47914024923628","0.000710667413971245","0.00518547704817059","0.000130369856094271","3.56069388260847e-05","Medium Risk"
"171","18924","708","0.000410849442828965","0.225967193555931","5.36587359806989","0.00085135791724474","0.00621204357039725","0.000156179116945422","4.26560282383553e-05","Medium Risk"
"172","18923","689","0.000399823822188075","0.219903102203441","5.2218741653533","0.000828510741499472","0.00604533618644591","0.000151987869456773","4.15113043167046e-05","Medium Risk"
"173","18922","734","0.000425937134232289","0.234265423827759","5.56292545336619","0.000882622473527739","0.0064401694642254","0.000161914508245676","4.42224925521932e-05","Medium Risk"
"174","18921","816","0.000473521391735079","0.260436765454293","6.18439668930089","0.000981226074112582","0.00715964343706802","0.000180003050038792","4.91628800035282e-05","Medium Risk"
"175","18920","820","0.000475842575027898","0.261713416265344","6.21471235934647","0.000986036005848428","0.0071947397284262","0.000180885417931138","4.94038745133494e-05","Medium Risk"
"176","18919","747","0.000433480979933951","0.238414538963673","5.66145138101438","0.000898254751669239","0.00655423241113947","0.000164782203895804","4.50057247091122e-05","Medium Risk"
"177","18918","786","0.000456112517038936","0.250861884371415","5.95702916395886","0.000945151586093737","0.0068964212518817","0.000173385290846187","4.73554211798691e-05","Medium Risk"
"178","18917","738","0.000428258317525108","0.235542074638809","5.59324112341177","0.000887432405263585","0.00647526575558358","0.000162796876138023","4.44634870620145e-05","Medium Risk"
"179","18916","768","0.000445667192221251","0.245116955721688","5.8206086487538","0.00092350689328243","0.0067384879407699","0.000169414635330628","4.62709458856736e-05","Medium Risk"
"180","18915","815","0.000472941095911874","0.260117602751531","6.17681777178944","0.000980023591178621","0.00715086936422848","0.000179782458065703","4.91026313760729e-05","Medium Risk"
"181","18914","852","0.00049441204137045","0.271926622753747","6.45723771971117","0.0010245154597352","0.00747551005929161","0.000187944361069913","5.13318305919192e-05","Medium Risk"
"182","18913","876","0.000508339141127364","0.27958652762005","6.63913173998472","0.00105337505015027","0.00768608780744067","0.000193238568423995","5.27777976508464e-05","Medium Risk"
"183","18912","894","0.000518784465945049","0.285331456269777","6.77555225518986","0.00107501974296158","0.00784402111855246","0.000197209223939556","5.38622729450419e-05","Medium Risk"
"184","18911","890","0.00051646328265223","0.284054805458727","6.74523658514428","0.00107020981122573","0.00780892482719429","0.000196326856047209","5.36212784352207e-05","Medium Risk"
"185","18910","928","0.000538514523934011","0.296182988163706","7.03323545057739","0.00111590416271627","0.00814233959509696","0.000204709351024505","5.59107262785222e-05","Medium Risk"
"186","18909","928","0.000538514523934011","0.296182988163706","7.03323545057739","0.00111590416271627","0.00814233959509696","0.000204709351024505","5.59107262785222e-05","Medium Risk"
"187","18908","966","0.000560565765215792","0.308311170868685","7.32123431601057","0.00116159851420681","0.00847575436299964","0.000213091846001804","5.82001741218238e-05","Medium Risk"
"188","18907","934","0.00054199629887324","0.298097964380282","7.0787089556458","0.00112311906032004","0.00819498403213423","0.000206032902863027","5.62722180432541e-05","Medium Risk"
"189","18906","1009","0.000585518485613596","0.322035167087478","7.64712776900064","0.00121330528036715","0.00885303949510004","0.000222577300844533","6.07908651024019e-05","Medium Risk"
"190","18905","1118","0.000648770730342914","0.356823901688603","8.47322977774309","0.00134437592016895","0.00980941343461035","0.00024662182591099","6.735796549503e-05","Medium Risk"
"191","18904","1131","0.000656314576044576","0.360973016824517","8.57175570539128","0.00136000819831045","0.00992347638152442","0.000249489521561118","6.8141197651949e-05","Medium Risk"
"192","18903","1401","0.000812994448309859","0.447146946570423","10.6180634334688","0.00168467859048006","0.0122924760482013","0.000309049354294542","8.44083270648811e-05","Medium Risk"
"193","18902","1325","0.000768891965746298","0.422890581160464","10.0420657026025","0.00159328988749898","0.011625646512396","0.000292284364339948","7.9829431378278e-05","Medium Risk"
"194","18901","1287","0.000746840724464517","0.410762398455485","9.75406683716936","0.00154759553600845","0.0112922317444933","0.000283901869362652","7.75399835349764e-05","Medium Risk"
"195","18900","1249","0.000724789483182737","0.398634215750505","9.46606797173625","0.00150190118451791","0.0109588169765906","0.000275519374385355","7.52505356916749e-05","Medium Risk"
"196","18899","1309","0.000759607232575022","0.417783977916262","9.92080302242008","0.0015740501605556","0.0114852613469633","0.000288754892770559","7.88654533389931e-05","Medium Risk"
"197","18898","1344","0.000779917586387188","0.428954672512954","10.1860651353191","0.00161613706324425","0.0117923538963473","0.000296475611828597","8.09741552999288e-05","Medium Risk"
"198","18897","1393","0.000808352081724221","0.444593644948322","10.5574320933776","0.00167505872700837","0.012222283465485","0.000307284618509849","8.39263380452387e-05","Medium Risk"
"199","18896","1398","0.000811253560840245","0.446189458462135","10.5953266809346","0.00168107114167817","0.0122661538296827","0.000308387578375281","8.42275811825152e-05","Medium Risk"
"200","18895","1592","0.000923830950541967","0.508107022798082","12.0656366781458","0.0019143528308667","0.0139683239605543","0.000351182421154111","9.59158149088442e-05","Medium Risk"
"201","18894","1482","0.000859998409989444","0.472999125494194","11.2319557518919","0.00178207970813094","0.0130031759482044","0.000326917304114567","8.92884658887608e-05","Medium Risk"
"202","18893","1548","0.000898297934320958","0.494063863876527","11.7321643076443","0.0018614435817724","0.0135822647556143","0.000341476374338294","9.32648753008108e-05","Medium Risk"
"203","18892","1625","0.000942980712707724","0.518639391989248","12.3157409560219","0.00195403476768743","0.0142578683642592","0.000358461956265974","9.79040196148692e-05","Medium Risk"
"204","18891","1643","0.00095342603752541","0.524384320638975","12.4521614712271","0.00197567946049874","0.014415801675371","0.000362432611781535","9.89884949090647e-05","Medium Risk"
"205","18890","1631","0.000946462487646953","0.520554368205824","12.3612144610903","0.0019612496652912","0.0143105128012965","0.000359785508104493","9.82655113796011e-05","Medium Risk"
"206","18889","1533","0.000889593496972887","0.489276423335088","11.6184805449732","0.00184340633776298","0.0134506536630212","0.000338167494741991","9.23611458889813e-05","Medium Risk"
"207","18888","1718","0.000996948224265766","0.548321523346171","13.0205802845819","0.00206586568054585","0.0150738571383368","0.000378977009763041","0.000103507141968213","Medium Risk"
"208","18887","1876","0.00108863496433212","0.598749230382664","14.2180492513828","0.00225585798411177","0.0164601606469848","0.000413830541510748","0.000113026425106151","Medium Risk"
"209","18886","2026","0.00117567933781283","0.646623635797057","15.3548868780925","0.00243623042420599","0.0177762715729164","0.00044691933747376","0.000122063719224446","Medium Risk"
"210","18885","2156","0.00125111779482945","0.688114787156196","16.3401461545743","0.00259255320562099","0.0189169010420572","0.00047559629397504","0.000129896040793636","Medium Risk"
"211","18884","2134","0.00123835128671894","0.681093207695419","16.1734099693235","0.00256609858107384","0.0187238714395872","0.00047074327056713","0.000128570570989619","Medium Risk"
"212","18883","2213","0.00128419465675212","0.706307061213665","16.7721444527239","0.00266109473285679","0.0194170231939112","0.000488170036440983","0.000133330212558588","Medium Risk"
"213","18882","2197","0.00127490992358084","0.701200457969464","16.6508817725416","0.00264185500591341","0.0192766380284785","0.000484640564871596","0.000132366234519303","Medium Risk"
"214","18881","2226","0.00129173850245378","0.710456176349579","16.8706703803722","0.00267672701099829","0.0195310861408253","0.000491037732091113","0.000134113444715507","Medium Risk"
"215","18880","2474","0.00143565186660856","0.789608526634708","18.7502419231989","0.00297494277862075","0.0217070562050322","0.000545744541416627","0.000149055104324422","Medium Risk"
"216","18879","2665","0.00154648836884067","0.850568602862367","20.197815167876","0.00320461701900739","0.0233829041173851","0.000587877608276198","0.000160562592168386","Medium Risk"
"217","18878","2869","0.00166486871677444","0.915677794225941","21.7439143402011","0.00344992353753554","0.0251728149766521","0.000632878370785894","0.000172853312169268","Medium Risk"
"218","18877","2966","0.0017211574116253","0.946636576393914","22.4790693388067","0.0035665643821298","0.0260239000420879","0.000654275792175308","0.000178697429032432","Medium Risk"
"219","18876","3120","0.00181052296839883","0.995787632619357","23.6462226355621","0.00375174675395987","0.0273751072593777","0.000688246956030671","0.000187975717660549","Medium Risk"
"220","18875","3115","0.00180762148928281","0.994191819105544","23.6083280480051","0.00374573433929007","0.02733123689518","0.000687143996165236","0.000187674474523272","Medium Risk"
"221","18874","3542","0.00205540780579124","1.13047429318518","26.8445258253721","0.00425919455209163","0.0310777659976654","0.000781336768673279","0.000213400638446687","High Risk"
"222","18873","3574","0.00207397727213379","1.14068749967358","27.0870511857368","0.00429767400597839","0.0313585363285308","0.000788395711812056","0.000215328594525257","High Risk"
"223","18872","3782","0.00219467880336038","1.20707334184821","28.6634660281076","0.00454779045624238","0.0331835434791559","0.0008342788422141","0.00022786030903596","High Risk"
"224","18871","4350","0.00252428683094068","1.38835775701737","32.9682911745817","0.00523080076273252","0.038167216852017","0.000959575082927375","0.000262081529430573","High Risk"
"225","18870","4427","0.00256896960932744","1.41293328513009","33.5518678229594","0.00532339194864755","0.0388428204606619","0.000976560664855055","0.000266720673744631","High Risk"
"226","18869","4850","0.00281443474254305","1.54793910839868","36.7577499302808","0.00583204222971326","0.0425542532717891","0.00106987106947075","0.000292205843158225","High Risk"
"227","18868","4706","0.00273087214400157","1.50197967920086","35.6663858086394","0.00565888468722281","0.0412907867828947","0.00103810582534626","0.000283530040804661","High Risk"
"228","18867","5019","0.00291250473666466","1.60187760516556","38.038586989707","0.00603526184555276","0.044037071581672","0.00110715111292241","0.000302387861198172","High Risk"
"229","18866","5183","0.00300767325167024","1.65422028841863","39.2815294615764","0.00623246904672244","0.0454760195273573","0.00114332819650864","0.000312268636100841","High Risk"
"230","18865","5395","0.00313069596618964","1.7218827814043","40.8882599739927","0.00648739542872228","0.0473361229693407","0.00119009369480303","0.000325041345121366","High Risk"
"231","18864","5555","0.0032235432979024","1.77294881384632","42.1008867758165","0.00667979269815612","0.0487399746236677","0.00122538841049691","0.000334681125514215","High Risk"
"232","18863","5701","0.0033082664880903","1.81954656844966","43.2074087324806","0.0068553552065145","0.0500209892582412","0.00125759483856758","0.000343477425122689","High Risk"
"233","18862","5565","0.00322934625613445","1.77614044087395","42.1766759509304","0.00669181752749573","0.0488277153520632","0.00122759433022778","0.000335283611788768","High Risk"
"234","18861","5697","0.00330594530479748","1.81826991763861","43.177093062435","0.00685054527477865","0.049985892966883","0.00125671247067523","0.000343236430612868","High Risk"
"235","18860","5490","0.0031858240693941","1.75220323816675","41.6082571375756","0.00660163130744862","0.0481696598890973","0.00121104993224628","0.00033076496472962","High Risk"
"236","18859","5749","0.00333612068760413","1.83486637818227","43.5711967730277","0.00691307438734465","0.0504421447545393","0.00126818325327574","0.000346369359240544","High Risk"
"237","18858","5792","0.00336107340800193","1.84859037440106","43.8970902260178","0.006964781153505","0.0508194298866397","0.00127766870811847","0.000348960050221122","High Risk"
"238","18857","5437","0.00315506839076424","1.73528761492033","41.2065745094715","0.00653789971194866","0.0477046340286015","0.00119935855767268","0.000327571787474489","High Risk"
"239","18856","5659","0.0032838940635157","1.80614173493363","42.8890941970019","0.00680485092328812","0.0496524781989803","0.00124832997569794","0.000340946982769566","High Risk"
"240","18855","5288","0.00306860431310674","1.6877323722087","40.0773158002732","0.0063587297547884","0.0463972971755094","0.00116649035368275","0.000318594741983648","High Risk"
"241","18854","5599","0.00324907631412341","1.78699197276788","42.434359146318","0.00673270194725043","0.0491260338286077","0.00123509445731273","0.000337332065122248","High Risk"
"242","18853","5479","0.00317944081533884","1.74869244843636","41.5248890449502","0.00658840399517505","0.0480731450878624","0.00120862342054232","0.000330102229827611","High Risk"
"243","18852","5485","0.00318292259027807","1.75060742465294","41.5703625500186","0.00659561889277882","0.0481257895248996","0.00120994697238084","0.000330463721592343","High Risk"
"244","18851","5414","0.00314172158683053","1.72794687275679","41.0322594067093","0.00651024260446755","0.047502830353292","0.00119428494229168","0.000326186069043017","High Risk"
"245","18850","5325","0.00309007525856531","1.69954139221092","40.3577357481949","0.00640322162334498","0.0467219378705726","0.00117465225668696","0.000320823941199495","High Risk"
"246","18849","5512","0.0031985905775046","1.75922481762753","41.7749933228264","0.00662808593199578","0.0483626894915673","0.00121590295565418","0.000332090434533636","High Risk"
"247","18848","5552","0.00322180241043279","1.77199132573803","42.0781500232823","0.00667618524935423","0.0487136524051491","0.00122472663457765","0.000334500379631849","High Risk"
"248","18847","5555","0.0032235432979024","1.77294881384632","42.1008867758164","0.00667979269815612","0.0487399746236677","0.00122538841049691","0.000334681125514215","High Risk"
"249","18846","5699","0.00330710589644389","1.81890824304414","43.1922508974577","0.00685295024064657","0.0500034411125621","0.0012571536546214","0.000343356927867778","High Risk"
"250","18845","5739","0.00333031772937208","1.83167475115464","43.4954075979137","0.00690104955800504","0.0503544040261438","0.00126597733354488","0.000345766872965991","High Risk"
"251","18844","5703","0.00330942707973671","1.82018489385519","43.2225665675034","0.00685776017238242","0.0500385374039203","0.00125803602251375","0.0003435979223776","High Risk"
"252","18843","5598","0.00324849601830021","1.78667281006512","42.4267802288066","0.00673149946431646","0.0491172597557681","0.00123487386533964","0.000337271816494793","High Risk"
"253","18842","5493","0.00318756495686371","1.75316072627504","41.6309938901097","0.00660523875625051","0.048195982107616","0.00121171170816553","0.000330945710611986","High Risk"
"254","18841","5414","0.00314172158683053","1.72794687275679","41.0322594067093","0.00651024260446755","0.047502830353292","0.00119428494229168","0.000326186069043017","High Risk"
"255","18840","5382","0.00312315212048798","1.71773366626839","40.7897340463446","0.00647176315058078","0.0472220600224266","0.0011872259991529","0.000324258112964447","High Risk"
"256","18839","5361","0.00311096590820068","1.71103124951038","40.6305767786052","0.00644651100896759","0.0470378044927961","0.00118259356771808","0.000322992891787885","High Risk"
"257","18838","5276","0.00306164076322828","1.68390241977555","39.9863687901364","0.00634429995958086","0.0462920083014349","0.00116384325000571","0.000317871758454185","High Risk"
"258","18837","5234","0.00303726833865368","1.67049758625952","39.6680542546577","0.00629379567635448","0.045923497242174","0.00115457838713607","0.000315341316101062","High Risk"
"259","18836","5151","0.00298910378532768","1.64400708193023","39.0390041012116","0.00619398959283568","0.0451952491964919","0.00113626925336986","0.000310340680022272","High Risk"
"260","18835","4997","0.00289973822855415","1.59485602570478","37.8718508044563","0.0060088072210056","0.0438440419792021","0.0011022980895145","0.000301062391394155","High Risk"
"261","18834","5019","0.00291250473666466","1.60187760516556","38.0385869897071","0.00603526184555276","0.044037071581672","0.00110715111292241","0.000302387861198172","High Risk"
"262","18833","4934","0.00286317959169225","1.57474877543074","37.3943790012382","0.00593305079616603","0.0432912753903108","0.00108840079521004","0.000297266727864471","High Risk"
"263","18832","4707","0.00273145243982477","1.50229884190363","35.6739647261509","0.00566008717015677","0.0412995608557343","0.00103832641731935","0.000283590289432117","High Risk"
"264","18831","4591","0.00266413812433302","1.46527596838316","34.7948102948287","0.00552059914981724","0.0402817684063472","0.00101273774844128","0.000276601448647301","High Risk"
"265","18830","4488","0.00260436765454293","1.43240220999861","34.0141817911547","0.0053967434076192","0.0393780389038741","0.000990016775213347","0.000270395840019405","High Risk"
"266","18829","4444","0.00257883463832192","1.41835905107706","33.6807094206532","0.0053438341585249","0.0389919796989342","0.00098031072839753","0.000267744900411372","High Risk"
"267","18828","4477","0.00259798440048768","1.42889142026822","33.9308136985293","0.00538351609534562","0.0392815241026391","0.000987590263509394","0.000269733105117397","High Risk"
"268","18827","4445","0.00257941493414513","1.41867821377982","33.6882883381646","0.00534503664145886","0.0390007537717737","0.000980531320370618","0.000267805149038827","High Risk"
"269","18826","4423","0.00256664842603462","1.41165663431904","33.5215521529138","0.0053185820169117","0.0388077241693037","0.000975678296962709","0.00026647967923481","High Risk"
"270","18825","4293","0.00249120996901801","1.3701654829599","32.5362928764321","0.00516225923549671","0.037667094700163","0.000947001340461431","0.000258647357665621","High Risk"
"271","18824","4208","0.0024418848240456","1.34303665322508","31.8920848879632","0.00506004818610998","0.0369212985088017","0.000928251022749057","0.00025352622433192","High Risk"
"272","18823","4141","0.00240300500389088","1.32165275213999","31.3842974146995","0.00497948182953456","0.0363334356285523","0.000913471360552243","0.000249489566292414","High Risk"
"273","18822","4063","0.00235774192968091","1.2967580613245","30.7931418488105","0.00488568816068556","0.0356490579470678","0.000896265186651478","0.000244790173350901","High Risk"
"274","18821","3862","0.00224110246921676","1.23260635806922","29.2697794290194","0.0046439890909593","0.0338854693063195","0.00085192620006104","0.000232680199232385","High Risk"
"275","18820","3831","0.00222311329869741","1.22271231428358","29.0348329861661","0.0046067121200065","0.0336134730482936","0.000845087848895351","0.00023081249178127","High Risk"
"276","18819","3847","0.00223239803186869","1.22781891752778","29.1560956663485","0.00462595184694988","0.0337538582137263","0.000848617320464739","0.000231776469820555","High Risk"
"277","18818","3800","0.00220512412817806","1.21281827049793","28.7998865433127","0.00456943514905369","0.0333414767902677","0.00083824949772966","0.000228944784330156","High Risk"
"278","18817","3719","0.00215812016649848","1.18696609157416","28.1859942248895","0.00447203403140281","0.0326307768902647","0.000820381547909634","0.000224064645506276","High Risk"
"279","18816","3720","0.00215870046232168","1.18728525427692","28.1935731424009","0.00447323651433677","0.0326395509631042","0.000820602139882721","0.000224124894133731","High Risk"
"280","18815","3621","0.00210125117582441","1.15568814670343","27.4432603087725","0.00435419070387458","0.0317709177519893","0.000798763534547133","0.000218160280015656","High Risk"
"281","18814","3468","0.00201246591487408","1.10685625318075","26.2836859295286","0.00417021081497847","0.0304284846075391","0.000765012962664859","0.000208942240014995","High Risk"
"282","18813","3440","0.00199621763182435","1.09791969750339","26.0714762392095","0.00413654129282755","0.0301828105680319","0.000758836387418431","0.000207255278446246","High Risk"
"283","18812","3512","0.00203799893109509","1.1208994121023","26.6171583000301","0.00422312006407278","0.030814543812479","0.000774719009480676","0.000211593179623028","High Risk"
"284","18811","3247","0.00188422053794583","1.03632129587021","24.6087451595096","0.00390446208657298","0.0284894145099998","0.000716262136612687","0.000195627293347373","High Risk"
"285","18810","3212","0.00186391018413367","1.02515060127352","24.3434830466107","0.00386237518388433","0.0281823219606158","0.00070854141755465","0.000193518591386437","High Risk"
"286","18809","3047","0.00176816137330488","0.972488755317686","23.09296165723","0.00366396549978068","0.026734599942091","0.000672143741995336","0.000183577567856312","Medium Risk"
"287","18808","2956","0.00171535445339325","0.943444949366288","22.4032801636928","0.00355453955279019","0.0259361593136925","0.000652069872444441","0.000178094942757879","Medium Risk"
"288","18807","2892","0.00167821552070815","0.923018536389481","21.9182294429633","0.00347758064501665","0.0253746186519617","0.00063795198616689","0.00017423903060074","Medium Risk"
"289","18806","2852","0.00165500368777996","0.910252028278976","21.6150727425074","0.00342948132765819","0.0250236557383799","0.00062912830724342","0.000171829085502527","Medium Risk"
"290","18805","2759","0.00160103617622191","0.880569896922053","20.9102334139473","0.00331765041479977","0.0242076669643023","0.000608613253746351","0.000166225963149184","Medium Risk"
"291","18804","2626","0.00152385683173568","0.838121257454625","19.9022373849314","0.00315772018458289","0.0230407152766429","0.000579274521325813","0.000158212895697629","Medium Risk"
"292","18803","2496","0.00144841837471906","0.796630106095485","18.9169781084497","0.0030013974031679","0.0219000858075022","0.000550597564824536","0.000150380574128439","Medium Risk"
"293","18802","2437","0.00141418092114998","0.777799506632491","18.4698219752772","0.00293045091006417","0.0213824155099691","0.000537582638412417","0.000146825905108576","Medium Risk"
"294","18801","2463","0.00142926861255331","0.786097736904319","18.6668738305735","0.00296171546634717","0.0216105414037972","0.000543318029712672","0.000148392369422414","Medium Risk"
"295","18800","2452","0.00142288535849806","0.78258694717393","18.5835057379481","0.00294848815407359","0.0215140266025622","0.000540891518008718","0.000147729634520406","Medium Risk"
"296","18799","2445","0.00141882328773562","0.780352808254592","18.5304533153684","0.00294007077353586","0.0214526080926854","0.000539347374197111","0.000147307894128219","Medium Risk"
"297","18798","2276","0.00132075329361402","0.72641431148771","17.2496162559421","0.00273685115769637","0.0199697897828025","0.00050206733074545","0.000137125876088272","Medium Risk"
"298","18797","2472","0.00143449127496215","0.788970201229183","18.7350840881761","0.00297253781275282","0.0216895080593531","0.000545303357470454","0.000148934607069512","Medium Risk"
"299","18796","2497","0.00144899867054227","0.796949268798248","18.9245570259611","0.00300259988610186","0.0219088598803417","0.000550818156797622","0.000150440822755894","Medium Risk"
"300","18795","2488","0.00144377600813343","0.794076804473384","18.8563467683585","0.00299177753969621","0.0218298932247858","0.000548832829039842","0.000149898585108797","Medium Risk"
"301","18794","2454","0.00142404595014446","0.783225272579456","18.598663572971","0.00295089311994152","0.0215315747482413","0.000541332701954893","0.000147850131775316","Medium Risk"
"302","18793","2460","0.00142752772508369","0.785140248796031","18.6441370780393","0.00295810801754528","0.0215842191852786","0.000542656253793413","0.000148211623540048","Medium Risk"
"303","18792","2457","0.00142578683761408","0.784182760687743","18.6214003255051","0.0029545005687434","0.02155789696676","0.000541994477874152","0.000148030877657682","Medium Risk"
"304","18791","2442","0.00141708240026601","0.779395320146304","18.5077165628342","0.00293646332473398","0.0214262858741668","0.000538685598277852","0.000147127148245853","Medium Risk"
"305","18790","2416","0.00140199470886268","0.771097089874476","18.3106647075378","0.00290519876845098","0.0211981599803386","0.000532950206977596","0.000145560683932015","Medium Risk"
"306","18789","2358","0.00136833755111681","0.752585653114245","17.8710874918767","0.00283545475828121","0.0206892637556451","0.000520155872538563","0.000142066263539607","Medium Risk"
"307","18788","2286","0.00132655625184607","0.729605938515337","17.3254054310561","0.00274887598703598","0.0200575305111979","0.000504273250476318","0.000137728362362825","Medium Risk"
"308","18787","2204","0.00127897199434328","0.703434596888802","16.7039341951214","0.00265027238645114","0.0193380565383553","0.000486184708683204","0.00013278797491149","Medium Risk"
"309","18786","2201","0.00127723110687366","0.702477108780514","16.6811974425872","0.00264666493764926","0.0193117343198367","0.000485522932763944","0.000132607229029124","Medium Risk"
"310","18785","2200","0.00127665081105046","0.702157946077752","16.6736185250758","0.0026454624547153","0.0193029602469971","0.000485302340790857","0.000132546980401669","Medium Risk"
"311","18784","2172","0.00126040252800072","0.693221390400398","16.4614088347567","0.00261179293256437","0.0190572862074899","0.000479125765544428","0.000130860018832921","Medium Risk"
"312","18783","2140","0.00124183306165817","0.683008183911995","16.2188834743919","0.00257331347867761","0.0187765158766245","0.000472066822405652","0.000128932062754351","Medium Risk"
"313","18782","2038","0.00118264288769129","0.650453588230208","15.4458338882293","0.00245066021941353","0.017881560446991","0.000449566441150803","0.00012278670275391","Medium Risk"
"314","18781","1988","0.00115362809653105","0.634495453092077","15.0668880126594","0.00239053607271546","0.0174428568050138","0.000438536842496464","0.000119774271381145","Medium Risk"
"315","18780","1947","0.00112983596777965","0.62140978227881","14.7561523946921","0.00234123427242304","0.0170831198185924","0.000429492571599908","0.000117304077655477","Medium Risk"
"316","18779","1939","0.00112519360119402","0.618856480656709","14.6955210546009","0.00233161440895134","0.0170129272358761","0.000427727835815214","0.000116822088635835","Medium Risk"
"317","18778","1909","0.00110778472649787","0.609281599573831","14.4681535292589","0.0022955399209325","0.0167497050506898","0.000421110076622611","0.000115014629812176","Medium Risk"
"318","18777","1920","0.00111416798055313","0.61279238930422","14.5515216218843","0.00230876723320608","0.0168462198519248","0.000423536588326565","0.000115677364714184","Medium Risk"
"319","18776","1966","0.00114086158842055","0.6274738736313","14.9001518274087","0.0023640814481683","0.0172498272025438","0.000433683819088557","0.000118448801577128","Medium Risk"
"320","18775","1981","0.00114956602576862","0.632261314172739","15.0138355900796","0.00238211869217773","0.0173814382951369","0.000436992698684857","0.000119352530988957","Medium Risk"
"321","18774","1967","0.00114144188424375","0.627793036334062","14.9077307449201","0.00236528393110227","0.0172586012753833","0.000433904411061643","0.000118509050204583","Medium Risk"
"322","18773","1963","0.00113912070095093","0.626516385523012","14.8774150748744","0.00236047399936642","0.0172235049840252","0.000433022043169295","0.000118268055694762","Medium Risk"
"323","18772","1845","0.00107064579381277","0.588855186597023","13.9831028085295","0.00221858101315896","0.0161881643889589","0.000406992190345059","0.000111158717655036","Medium Risk"
"324","18771","1813","0.00105207632747022","0.57864198010862","13.7405774481647","0.0021801015592722","0.0159073940580935","0.000399933247206282","0.000109230761576466","Medium Risk"
"325","18770","1780","0.00103292656530446","0.568109610917454","13.4904731702886","0.00214041962245147","0.0156178496543886","0.00039265371209442","0.000107242556870441","Medium Risk"
"326","18769","1722","0.000999269407558585","0.549598174157222","13.0508959546275","0.0020706756122817","0.015108953429695","0.000379859377655389","0.000103748136478034","Medium Risk"
"327","18768","1712","0.000993466449326538","0.546406547129596","12.9751067795135","0.00205865078294208","0.0150212127012996","0.000377653457924521","0.000103145650203481","Medium Risk"
"328","18767","1722","0.000999269407558585","0.549598174157222","13.0508959546275","0.0020706756122817","0.015108953429695","0.000379859377655389","0.000103748136478034","Medium Risk"
"329","18766","1718","0.000996948224265766","0.548321523346171","13.0205802845819","0.00206586568054585","0.0150738571383368","0.000378977009763042","0.000103507141968213","Medium Risk"
"330","18765","1718","0.000996948224265766","0.548321523346171","13.0205802845819","0.00206586568054585","0.0150738571383368","0.000378977009763042","0.000103507141968213","Medium Risk"
"331","18764","1703","0.000988243786917695","0.543534082804732","12.906896521911","0.00204782843653643","0.0149422460457437","0.000375668130166741","0.000102603412556383","Medium Risk"
"332","18763","1618","0.000938918641945291","0.51640525306991","12.2626885334421","0.0019456173871497","0.0141964498543824","0.000356917812454366","9.74822792226821e-05","Medium Risk"
"333","18762","1539","0.000893075271912115","0.491191399551663","11.6639540500416","0.00185062123536675","0.0135032981000584","0.000339491046580512","9.27226376537131e-05","Medium Risk"
"334","18761","1507","0.000874505805569563","0.48097819306326","11.4214286896769","0.00181214178147998","0.013222527769193","0.000332432103441737","9.07946815751434e-05","Medium Risk"
"335","18760","1433","0.000831563914652412","0.457360153058826","10.8605887938335","0.00172315804436683","0.0125732463790668","0.000316108297433317","8.63362831434508e-05","Medium Risk"
"336","18759","1361","0.000789782615381669","0.434380438459918","10.3149067330128","0.0016365792731216","0.0119415131346196","0.000300225675371071","8.19983819666689e-05","Medium Risk"
"337","18758","1410","0.000818217110718702","0.450019410895286","10.6862736910713","0.00169550093688571","0.0123714427037572","0.000311034682052321","8.49505647119789e-05","Medium Risk"
"338","18757","1416","0.000821698885657931","0.451934387111862","10.7317471961397","0.00170271583448948","0.0124240871407945","0.000312358233890842","8.53120564767106e-05","Medium Risk"
"339","18756","1401","0.000812994448309859","0.447146946570423","10.6180634334687","0.00168467859048006","0.0122924760482013","0.000309049354294541","8.44083270648811e-05","Medium Risk"
"340","18755","1396","0.000810092969193836","0.44555113305661","10.5801688459117","0.00167866617581025","0.0122486056840036","0.000307946394429107","8.41070839276046e-05","Medium Risk"
"341","18754","1361","0.000789782615381669","0.434380438459918","10.3149067330128","0.0016365792731216","0.0119415131346196","0.000300225675371071","8.19983819666689e-05","Medium Risk"
"342","18753","1253","0.000727110666475556","0.399910866561556","9.49638364178183","0.00150671111625376","0.0109939132679488","0.000276401742277702","7.54915302014961e-05","Medium Risk"
"343","18752","1186","0.000688230846320837","0.378526965476461","8.98859616851811","0.00142614475967834","0.0104060503876994","0.000261622080080888","7.14548721619907e-05","Medium Risk"
"344","18751","1161","0.000673723450740719","0.370547897907395","8.79912323073319","0.0013960826863293","0.0101866985667107","0.00025610728075372","6.99486564756081e-05","Medium Risk"
"345","18750","1168","0.000677785521503152","0.372782036826733","8.85217565331297","0.00140450006686703","0.0102481170765876","0.000257651424565327","7.03703968677952e-05","Medium Risk"
"346","18749","1148","0.000666179605039057","0.366398782771481","8.70059730308504","0.0013804504081878","0.0100726356197967","0.000253239585103593","6.91654243186892e-05","Medium Risk"
"347","18748","1154","0.000669661379978285","0.368313758988057","8.74607080815341","0.00138766530579157","0.0101252800568339","0.000254563136942113","6.9526916083421e-05","Medium Risk"
"348","18747","1098","0.000637164813878819","0.350440647633351","8.32165142751512","0.00132032626148972","0.00963393197781947","0.000242209986449255","6.6152992945924e-05","Medium Risk"
"349","18746","1074","0.000623237714121905","0.342780742767048","8.13975740724155","0.00129146667107465","0.00942335422967041","0.000236915779095173","6.47070258869967e-05","Medium Risk"
"350","18745","1034","0.000600025881193715","0.330014234656543","7.83660070678564","0.00124336735371619","0.00907239131608864","0.000228092100171703","6.22970807887845e-05","Medium Risk"
"351","18744","1025","0.000594803218784872","0.32714177033168","7.76839044918307","0.00123254500731054","0.00899342466053274","0.000226106772413922","6.17548431416867e-05","Medium Risk"
"352","18743","1018","0.000590741148022439","0.324907631412341","7.71533802660329","0.0012241276267728","0.00893200615065594","0.000224562628602315","6.13331027494996e-05","Medium Risk"
"353","18742","962","0.000558244581922973","0.307034520057635","7.29091864596498","0.00115678858247096","0.00844065807164146","0.000212209478109457","5.79591796120026e-05","Medium Risk"
"354","18741","964","0.000559405173569382","0.30767284546316","7.30607648098777","0.00115919354833888","0.00845820621732056","0.00021265066205563","5.80796768669132e-05","Medium Risk"
"355","18740","924","0.000536193340641192","0.294906337352656","7.00291978053183","0.00111109423098042","0.00810724330373879","0.000203826983132159","5.5669731768701e-05","Medium Risk"
"356","18739","897","0.000520525353414664","0.286288944378065","6.79828900772408","0.00107862719176346","0.0078703433370711","0.000197870999858817","5.40430188274078e-05","Medium Risk"
"357","18738","866","0.000502536182895316","0.276394900592424","6.56334256487077","0.00104135022081066","0.00759834707904523","0.000191032648693129","5.21753113762934e-05","Medium Risk"
"358","18737","820","0.000475842575027898","0.261713416265344","6.21471235934645","0.000986036005848428","0.00719473972842619","0.000180885417931138","4.94038745133494e-05","Medium Risk"
"359","18736","807","0.000468298729326236","0.25756430112943","6.11618643169828","0.000970403727706929","0.00708067678151212","0.00017801772228101","4.86206423564304e-05","Medium Risk"
"360","18735","812","0.00047120020844226","0.259160114643243","6.15408101925525","0.000976416142376736","0.00712454714570984","0.000179120682146443","4.8921885493707e-05","Medium Risk"
"361","18734","736","0.000427097725878698","0.234903749233284","5.57808328838902","0.000885027439395663","0.00645771760990449","0.000162355692191851","4.43429898071039e-05","Medium Risk"
"362","18733","681","0.000395181455602437","0.21734980058134","5.1612428252621","0.00081889087802778","0.00597514360372956","0.000150223133672079","4.10293152970621e-05","Medium Risk"
"363","18732","629","0.00036500607279579","0.200753340037684","4.76713911466939","0.000756361765461782","0.00551889181607327","0.000138752351071567","3.78963866693863e-05","Medium Risk"
"364","18731","633","0.000367327256088609","0.202029990848735","4.79745478471499","0.000761171697197628","0.00555398810743144","0.000139634718963915","3.81373811792075e-05","Medium Risk"
"365","18730","617","0.000358042522917333","0.196923387604533","4.67619210453262","0.000741931970254244","0.00541360294199873","0.000136105247394526","3.71734031399227e-05","Medium Risk"
"366","18729","616","0.000357462227094128","0.19660422490177","4.66861318702123","0.000740729487320283","0.00540482886915919","0.00013588465542144","3.71131545124674e-05","Medium Risk"
"367","18728","607","0.000352239564685285","0.193731760576907","4.60040292941864","0.000729907140914629","0.0053258622136033","0.000133899327663659","3.65709168653696e-05","Medium Risk"
"368","18727","558","0.000323805069348252","0.178092788141539","4.22903597136013","0.000670985477150516","0.00489593264446563","0.000123090320982408","3.36187341200597e-05","Medium Risk"
"369","18726","550","0.000319162702762614","0.175539486519438","4.16840463126895","0.000661365613678824","0.00482574006174928","0.000121325585197714","3.31367451004173e-05","Medium Risk"
"370","18725","538","0.000312199152884157","0.171709534086287","4.07745762113218","0.000646935818471286","0.00472045118767475","0.000118678481520673","3.24137615709536e-05","Medium Risk"
"371","18724","547","0.000317421815293","0.17458199841115","4.14566787873475","0.000657758164876939","0.00479941784323065","0.000120663809278454","3.29559992180514e-05","Medium Risk"
"372","18723","536","0.000311038561237748","0.171071208680761","4.06229978610937","0.000644530852603363","0.00470290304199566","0.000118237297574499","3.2293264316043e-05","Medium Risk"
"373","18722","527","0.000305815898828905","0.168198744355898","3.9940895285068","0.000633708506197709","0.00462393638643976","0.000116251969816719","3.17510266689453e-05","Medium Risk"
"374","18721","517","0.000300012940596857","0.165007117328272","3.91830035339282","0.000621683676858094","0.00453619565804432","0.000114046050085851","3.11485403943922e-05","Medium Risk"
"375","18720","547","0.000317421815293","0.17458199841115","4.14566787873475","0.000657758164876939","0.00479941784323064","0.000120663809278454","3.29559992180514e-05","Medium Risk"
"376","18719","572","0.000331929210873119","0.182561065980215","4.33514081651971","0.000687820238225977","0.00501876966421925","0.000126178608605623","3.4462214904434e-05","Medium Risk"
"377","18718","595","0.000345276014806828","0.189901808143756","4.50945591928186","0.000715477345707091","0.00522057333952877","0.000131252223986618","3.5847933335906e-05","Medium Risk"
"378","18717","592","0.000343535127337214","0.188944320035468","4.48671916674768","0.000711869896905207","0.00519425112101013","0.000130590448067358","3.56671874535401e-05","Medium Risk"
"379","18716","545","0.000316261223646591","0.173943673005625","4.13051004371196","0.000655353199009016","0.00478186969755156","0.00012022262533228","3.28355019631408e-05","Medium Risk"
"380","18715","534","0.000309877969591338","0.170432883275236","4.04714195108658","0.00064212588673544","0.00468535489631657","0.000117796113628326","3.21727670611324e-05","Medium Risk"
"381","18714","531","0.000308137082121724","0.169475395166948","4.0244051985524","0.000638518437933555","0.00465903267779794","0.000117134337709066","3.19920211787665e-05","Medium Risk"
"382","18713","527","0.000305815898828905","0.168198744355898","3.9940895285068","0.000633708506197709","0.00462393638643976","0.000116251969816719","3.17510266689453e-05","Medium Risk"
"383","18712","520","0.000301753828066472","0.165964605436559","3.94103710592702","0.000625291125659979","0.00456251787656295","0.000114707826005112","3.13292862767582e-05","Medium Risk"
"384","18711","508","0.000294790278188015","0.162537973035755","3.85966743433699","0.00061238088600083","0.00446831663682297","0.000112339480343812","3.06824378287554e-05","Medium Risk"
"385","18710","493","0.000286085840839943","0.158577555565494","3.7656223687388","0.000597459548456908","0.00435944116027672","0.000109602204664511","2.99348262981228e-05","Medium Risk"
"386","18709","473","0.000274479924375848","0.152165263115523","3.61335446551378","0.000573300484218142","0.00418316141161715","0.000105170295073244","2.87243721454015e-05","Medium Risk"
"387","18708","473","0.000274479924375848","0.152219666008991","3.61464633025362","0.000573505453503044","0.00418465699661449","0.000105207896088362","2.87346418280199e-05","Medium Risk"
"388","18707","475","0.000275640516022258","0.152920564541044","3.63129004241769","0.000576146170967639","0.00420392533442506","0.000105692327974609","2.88669510677153e-05","Medium Risk"
"389","18706","464","0.000269257261967006","0.149454299242116","3.54897923809814","0.000563086609714191","0.00410863455028666","0.000103296589704084","2.82126210822605e-05","Medium Risk"
"390","18705","459","0.000266355782850982","0.14789235548871","3.5118889303584","0.000557201803341076","0.00406569529659245","0.000102217039207012","2.79177715698001e-05","Medium Risk"
"391","18704","437","0.000253589274740477","0.140871948445754","3.34518058563502","0.000530751596015641","0.00387269792495421","9.7364826125493e-05","2.65925230841391e-05","Medium Risk"
"392","18703","444","0.00025765134550291","0.143226542598314","3.40109336836497","0.000539622805779036","0.00393742785869429","9.89922235796308e-05","2.70370019179067e-05","Medium Risk"
"393","18702","447","0.000259392232972525","0.144199768222361","3.42420382789167","0.000543289547518217","0.00396418271582759","9.96648766146149e-05","2.72207185851287e-05","Medium Risk"
"394","18701","442","0.000256490753856501","0.142643185044359","3.38724081371868","0.00053742493774196","0.00392139082922437","9.85890311240958e-05","2.69268809932583e-05","Medium Risk"
"395","18700","428","0.000248366612331634","0.138263008040563","3.28322803305933","0.000520922106899872","0.00380097578151128","9.55616351302248e-05","2.61000310818943e-05","Medium Risk"
"396","18699","423","0.000245465133215611","0.137047928158363","3.25437444171786","0.000516344150863346","0.00376757213095935","9.472182250064e-05","2.58706593711102e-05","Medium Risk"
"397","18698","416","0.000241403062453177","0.135261153430796","3.21194524133051","0.000509612267412883","0.00371845206939881","9.34868781941657e-05","2.55333683155579e-05","Medium Risk"
"398","18697","446","0.00025881193714932","0.144375257576052","3.42837104205622","0.000543950724250583","0.00396900707769232","9.97861675500884e-05","2.72538458666105e-05","Medium Risk"
"399","18696","495","0.000287246432486353","0.157985537867494","3.75156416814206","0.000595229052310941","0.00434316605557435","0.000109193026677943","2.98230705903756e-05","Medium Risk"
"400","18695","498","0.000288987319955967","0.158943025975782","3.77430092067624","0.000598836501112826","0.00436948827409298","0.000109854802597203","3.00038164727415e-05","Medium Risk"
"401","18694","510","0.000295950869834424","0.162772978408933","3.86524793081302","0.000613266296320364","0.00447477714816751","0.000112501906274244","3.07268000022051e-05","Medium Risk"
"402","18693","506","0.000293629686541605","0.161496327597883","3.83493226076744","0.000608456364584518","0.00443968085680933","0.000111619538381897","3.04858054923839e-05","Medium Risk"
"403","18692","511","0.000296531165657629","0.163092141111696","3.87282684832441","0.000614468779254325","0.00448355122100706","0.00011272249824733","3.07870486296604e-05","Medium Risk"
"404","18691","525","0.000304655307182496","0.167560418950372","3.97893169348401","0.000631303540329786","0.00460638824076067","0.000115810785870546","3.16305294140347e-05","Medium Risk"
"405","18690","532","0.000308717377944929","0.169794557869711","4.03198411606378","0.000639720920867517","0.00466780675063748","0.000117354929682152","3.20522698062218e-05","Medium Risk"
"406","18689","551","0.000319742998585819","0.175858649222201","4.17598354878035","0.000662568096612785","0.00483451413458882","0.000121546177170801","3.31969937278726e-05","Medium Risk"
"407","18688","588","0.000341213944044395","0.187667669224417","4.45640349670208","0.000707059965169361","0.00515915482965195","0.000129708080175011","3.54261929437188e-05","Medium Risk"
"408","18687","593","0.000344115423160419","0.18926348273823","4.49429808425907","0.000713072379839168","0.00520302519384968","0.000130811040040445","3.57274360809954e-05","Medium Risk"
"409","18686","646","0.000374871101790271","0.206179105984649","4.89598071236318","0.000776803975339127","0.00566805105434552","0.000142502414614043","3.89206133361265e-05","Medium Risk"
"410","18685","644","0.000373710510143861","0.205540780579124","4.88082287734037","0.000774399009471205","0.00565050290866643","0.000142061230667869","3.88001160812159e-05","Medium Risk"
"411","18684","680","0.000394601159779232","0.217030637878578","5.15366390775071","0.000817688395093818","0.00596636953089002","0.000150002541698992","4.09690666696068e-05","Medium Risk"
"412","18683","675","0.000391699680663208","0.216880695669226","5.1501033424769","0.000817123470225514","0.00596224748324728","0.000149898907886133","4.09407619452989e-05","Medium Risk"
"413","18682","622","0.000360944002033357","0.199923818107391","4.74744107906195","0.000753236444251345","0.00549608750411766","0.000138179020047177","3.77397970763303e-05","Medium Risk"
"414","18681","620","0.000359783410386947","0.199297683892149","4.73257273909833","0.000750877410123357","0.00547887450534208","0.000137746262144196","3.76216011632596e-05","Medium Risk"
"415","18680","610","0.0003539804521549","0.196100040342334","4.6566406941409","0.000738829912830401","0.00539096837728223","0.000135536184043665","3.70179791444582e-05","Medium Risk"
"416","18679","643","0.000373130214320656","0.206756941700872","4.9097021440671","0.000778981039204604","0.00568393628347646","0.000142901790605217","3.90296918985518e-05","Medium Risk"
"417","18678","690","0.00040040411801128","0.22409552082164","5.32142838834221","0.00084430617059181","0.00616058958545379","0.000154885494671088","4.23027109105144e-05","Medium Risk"
"418","18677","839","0.000486868195668788","0.272710251179215","6.47584595665364","0.00102746787178095","0.00749705271707923","0.000188485972414361","5.14797568272239e-05","Medium Risk"
"419","18676","793","0.000460174587801369","0.260540023975775","6.18684869202513","0.000981615112708864","0.00716248210769258","0.000180074418030083","4.91823722065284e-05","Medium Risk"
"420","18675","759","0.000440444529812408","0.242244491396824","5.75239839115117","0.000912684546876777","0.006659521285214","0.000167429307572846","4.57287082385758e-05","Medium Risk"
"421","18674","723","0.000419553880177037","0.23075463409737","5.47955736074083","0.000869395161254163","0.00634365466299042","0.000159487996541723","4.35597576501849e-05","Medium Risk"
"422","18673","770","0.00044682778386766","0.245755281127213","5.83576648377653","0.000925911859150353","0.00675603608644899","0.0001698558192768","4.63914431405842e-05","Medium Risk"
"423","18672","794","0.000460754883624574","0.253415185993516","6.01766050405009","0.000954771449565429","0.00696661383459805","0.000175150026630882","4.78374101995115e-05","Medium Risk"
"424","18671","838","0.000486287899845583","0.267458344915071","6.35113287455161","0.00100768069865974","0.00735267303953799","0.000184856073446699","5.04883498075449e-05","Medium Risk"
"425","18670","919","0.000533291861525168","0.293310523838843","6.96502519297486","0.00110508181631062","0.00806337293954107","0.000202724023266726","5.53684886314245e-05","Medium Risk"
"426","18669","945","0.000548379552928492","0.301608754110671","7.16207704827121","0.00113634637259362","0.00829149883336922","0.000208459414566982","5.69349529452624e-05","Medium Risk"
"427","18668","1040","0.000603507656132943","0.331929210873119","7.88207421185402","0.00125058225131996","0.00912503575312591","0.000229415652010223","6.26585725535163e-05","Medium Risk"
"428","18667","1088","0.000631361855646772","0.347249020605724","8.24586225240113","0.00130830143215011","0.00954619124942403","0.000240004066718387","6.55505066713709e-05","Medium Risk"
"429","18666","1182","0.000685909663028018","0.37725031466541","8.95828049847255","0.00142133482794249","0.0103709540963412","0.000260739712188542","7.12138776521695e-05","Medium Risk"
"430","18665","1276","0.000740457470409265","0.407251608725096","9.67069874454397","0.00153436822373487","0.0111957169432583","0.000281475357658697","7.68772486329681e-05","Medium Risk"
"431","18664","1338","0.00077643581144796","0.427039696296378","10.1405916302507","0.00160892216564048","0.0117397094593101","0.000295152059990076","8.0612663535197e-05","Medium Risk"
"432","18663","1320","0.000765990486630274","0.421294767646651","10.0041711150455","0.00158727747282918","0.0115817761481983","0.000291181404474514","7.95281882410015e-05","Medium Risk"
"433","18662","1519","0.00088146935544802","0.484808145496411","11.5123756998137","0.00182657157668752","0.0133278166432676","0.000335079207118778","9.1517665104607e-05","Medium Risk"
"434","18661","1599","0.000927893021304401","0.51034116171742","12.1186891007255","0.00192277021140444","0.0140297424704311","0.000352726564965718","9.63375553010313e-05","Medium Risk"
"435","18660","1737","0.00100797384490666","0.554385614698661","13.1645797172985","0.00208871285629112","0.0152405645222882","0.00038316825725169","0.000104651865889863","Medium Risk"
"436","18659","1791","0.00103930981935971","0.571620400647842","13.573841262914","0.00215364693472504","0.0157143644556236","0.000395080223798375","0.00010790529177245","Medium Risk"
"437","18658","1818","0.00105497780658624","0.580237793622433","13.7784720357217","0.002186113973942","0.0159512644222912","0.000401036207071717","0.000109532004713743","Medium Risk"
"438","18657","1841","0.00106832461051995","0.587578535785973","13.9527871384839","0.00221377108142312","0.0161530680976008","0.000406109822452712","0.000110917723145215","Medium Risk"
"439","18656","1812","0.00105149603164701","0.578322817405857","13.7329985306533","0.00217889907633823","0.015898619985254","0.000399712655233196","0.000109170512949011","Medium Risk"
"440","18655","1814","0.00105265662329342","0.578961142811382","13.7481563656761","0.00218130404220616","0.0159161681309331","0.00040015383917937","0.000109291010203922","Medium Risk"
"441","18654","1693","0.000982440828685647","0.540342455777106","12.831107346797","0.00203580360719682","0.0148545053173482","0.000373462210435873","0.00010200092628183","Medium Risk"
"442","18653","1648","0.000956327516641433","0.525980134152788","12.4900560587841","0.00198169187516855","0.0144596720395687","0.000363535571646969","9.92897380463413e-05","Medium Risk"
"443","18652","1616","0.000937758050298881","0.515766927664385","12.2475306984193","0.00194321242128178","0.0141789017087033","0.000356476628508193","9.73617819677715e-05","Medium Risk"
"444","18651","1493","0.000866381664044697","0.476509915224583","11.3153238445174","0.00179530702040452","0.0130996907494394","0.000329343815818522","8.99512007907691e-05","Medium Risk"
"445","18650","1468","0.000851874268464578","0.468530847655518","11.1258509067324","0.00176524494705548","0.0128803389284508","0.000323829016491353","8.84449851043865e-05","Medium Risk"
"446","18649","1359","0.00078862202373526","0.433742113054393","10.29974889799","0.00163417430725368","0.0119239649889405","0.000299784491424898","8.18778847117583e-05","Medium Risk"
"447","18648","1222","0.000709121495956209","0.390016822775915","9.26143719892847","0.00146943414530095","0.0107219170099229","0.000269563391112012","7.36238227503817e-05","Medium Risk"
"448","18647","1127","0.000653993392751757","0.359696366013466","8.54144003534566","0.00135519826657461","0.00988838009016625","0.000248607153668771","6.79002031421278e-05","Medium Risk"
"449","18646","1025","0.000594803218784872","0.32714177033168","7.76839044918305","0.00123254500731054","0.00899342466053274","0.000226106772413922","6.17548431416867e-05","Medium Risk"
"450","18645","1014","0.00058841996472962","0.323630980601291","7.68502235655767","0.00121931769503696","0.00889690985929776","0.000223680260709968","6.10921082396784e-05","Medium Risk"
"451","18644","961","0.000557664286099768","0.306715357354872","7.28333972845356","0.001155586099537","0.00843188399880192","0.000211988886136369","5.78989309845473e-05","Medium Risk"
"452","18643","853","0.000494992337193655","0.27224578545651","6.46481663722257","0.00102571794266916","0.00748428413213115","0.000188164953043","5.13920792193744e-05","Medium Risk"
"453","18642","849","0.000492671153900836","0.27096913464546","6.43450096717699","0.00102090801093331","0.00744918784077298","0.000187282585150653","5.11510847095532e-05","Medium Risk"
"454","18641","848","0.000492090858077631","0.270649971942697","6.42692204966559","0.00101970552799935","0.00744041376793343","0.000187061993177567","5.10908360820979e-05","Medium Risk"
"455","18640","843","0.000489189378961607","0.269054158428884","6.38902746210858","0.00101369311332954","0.00739654340373571","0.000185959033312132","5.07895929448214e-05","Medium Risk"
"456","18639","851","0.000493831745547245","0.271607460050985","6.44965880219978","0.00102331297680123","0.00746673598645207","0.000187723769096827","5.12715819644638e-05","Medium Risk"
"457","18638","810","0.00047003961679585","0.258521789237718","6.13892318423246","0.000974011176508813","0.00710699900003076","0.00017867949820027","4.88013882387964e-05","Medium Risk"
"458","18637","821","0.000476422870851102","0.262032578968106","6.22229127685784","0.00098723848878239","0.00720351380126574","0.000181106009904224","4.94641231408047e-05","Medium Risk"
"459","18636","723","0.000419553880177037","0.23075463409737","5.47955736074083","0.000869395161254163","0.00634365466299042","0.000159487996541723","4.35597576501849e-05","Medium Risk"
"460","18635","700","0.000406207076243327","0.22341389193383","5.30524225797866","0.000841738053773048","0.0061418509876809","0.000154414381160727","4.21740392187129e-05","Medium Risk"
"461","18634","714","0.000414331217768194","0.227882169772507","5.41134710313824","0.000858572814848509","0.00626468800743452","0.000157502668783942","4.30175200030872e-05","Medium Risk"
"462","18633","699","0.000405626780420123","0.223094729231067","5.29766334046726","0.000840535570839087","0.00613307691484136","0.00015419378918764","4.21137905912576e-05","Medium Risk"
"463","18632","694","0.000402725301304099","0.221498915717254","5.25976875291027","0.000834523156169279","0.00608920655064363","0.000153090829322206","4.18125474539811e-05","Medium Risk"
"464","18631","631","0.000366166664442199","0.20139166544321","4.7822969496922","0.000758766731329705","0.00553643996175235","0.000139193535017741","3.80168839242969e-05","Medium Risk"
"465","18630","637","0.000369648439381428","0.203306641659785","4.82777045476059","0.000765981628933474","0.00558908439878962","0.000140517086856262","3.83783756890287e-05","Medium Risk"
"466","18629","716","0.000415491809414603","0.228520495178032","5.42650493816105","0.000860977780716433","0.00628223615311361","0.000157943852730115","4.31380172579978e-05","Medium Risk"
"467","18628","676","0.000392279976486413","0.215753987067527","5.12334823770511","0.000812878463357972","0.00593127323953184","0.000149120173806645","4.07280721597856e-05","Medium Risk"
"468","18627","643","0.000373130214320656","0.205221617876361","4.87324395982898","0.000773196526537243","0.00564172883582688","0.000141840638694782","3.87398674537606e-05","Medium Risk"
"469","18626","673","0.000390539089016799","0.214796498959239","5.10061148517093","0.000809271014556088","0.00590495102101321","0.000148458397887385","4.05473262774197e-05","Medium Risk"
"470","18625","653","0.000378933172552704","0.208413244903987","4.94903313494296","0.000785221355876858","0.00572946956422233","0.00014404655842565","3.93423537283136e-05","Medium Risk"
"471","18624","650","0.00037719228508309","0.207455756795699","4.92629638240876","0.000781613907074974","0.00570314734570369","0.000143384782506389","3.91616078459477e-05","Medium Risk"
"472","18623","662","0.000384155834961547","0.211285709228851","5.01724339254553","0.000796043702282512","0.00580843621977822","0.00014603188618343","3.98845913754113e-05","Medium Risk"
"473","18622","712","0.000413170626121784","0.227243844366981","5.39618926811545","0.000856167848980586","0.00624713986175543","0.000157061484837768","4.28970227481766e-05","Medium Risk"
"474","18621","688","0.00039924352636487","0.219583939500679","5.21429524784189","0.00082730825856551","0.00603656211360637","0.000151767277483686","4.14510556892493e-05","Medium Risk"
"475","18620","659","0.000382414947491932","0.210328221120563","4.99450664001135","0.000792436253480627","0.00578211400125959","0.00014537011026417","3.97038454930454e-05","Medium Risk"
"476","18619","655","0.000380093764199113","0.209051570309512","4.96419096996577","0.000787626321744781","0.00574701770990141","0.000144487742371824","3.94628509832242e-05","Medium Risk"
"477","18618","642","0.000372549918497452","0.204902455173598","4.86566504231758","0.000771994043603281","0.00563295476298734","0.000141620046721696","3.86796188263053e-05","Medium Risk"
"478","18617","642","0.000372549918497452","0.204902455173598","4.86566504231758","0.000771994043603281","0.00563295476298734","0.000141620046721696","3.86796188263053e-05","Medium Risk"
"479","18616","623","0.000361524297856561","0.198838363821109","4.72166560960101","0.000749146867858013","0.005466247379036","0.000137428799233047","3.75348949046545e-05","Medium Risk"
"480","18615","607","0.000352239564685285","0.193731760576907","4.60040292941864","0.000729907140914629","0.0053258622136033","0.000133899327663659","3.65709168653696e-05","Medium Risk"
"481","18614","588","0.000341213944044395","0.187667669224417","4.45640349670208","0.000707059965169361","0.00515915482965196","0.000129708080175011","3.54261929437188e-05","Medium Risk"
"482","18613","601","0.000348757789746057","0.191816784360331","4.55492942435025","0.00072269224331086","0.00527321777656603","0.000132575775825138","3.62094251006378e-05","Medium Risk"
"483","18612","598","0.000347016902276442","0.190859296252043","4.53219267181607","0.000719084794508976","0.0052468955580474","0.000131913999905878","3.60286792182719e-05","Medium Risk"
"484","18611","604","0.000350498677215671","0.192774272468619","4.57766617688445","0.000726299692112745","0.00529953999508466","0.000133237551744399","3.63901709830037e-05","Medium Risk"
"485","18610","616","0.000357462227094128","0.19660422490177","4.66861318702123","0.000740729487320283","0.00540482886915919","0.00013588465542144","3.71131545124674e-05","Medium Risk"
"486","18609","604","0.000350498677215671","0.192774272468619","4.57766617688445","0.000726299692112745","0.00529953999508466","0.000133237551744399","3.63901709830037e-05","Medium Risk"
"487","18608","596","0.000345856310630033","0.190220970846518","4.51703483679326","0.000716679828641053","0.00522934741236831","0.000131472815959705","3.59081819633613e-05","Medium Risk"
"488","18607","634","0.000367907551911814","0.202349153551497","4.8050337022264","0.00076237418013159","0.00556276218027099","0.000139855310937002","3.81976298066628e-05","Medium Risk"
"489","18606","634","0.000367907551911814","0.202349153551497","4.8050337022264","0.00076237418013159","0.00556276218027099","0.000139855310937002","3.81976298066628e-05","Medium Risk"
"490","18605","670","0.000388798201547185","0.213839010850952","5.07787473263673","0.000805663565754203","0.00587862880249458","0.000147796621968124","4.03665803950538e-05","Medium Risk"
"491","18604","673","0.000390539089016799","0.214796498959239","5.10061148517093","0.000809271014556088","0.00590495102101321","0.000148458397887385","4.05473262774197e-05","Medium Risk"
"492","18603","679","0.000394020863956028","0.216711475175815","5.14608499023931","0.000816485912159857","0.00595759545805047","0.000149781949725905","4.09088180421515e-05","Medium Risk"
"493","18602","673","0.000390539089016799","0.214796498959239","5.10061148517093","0.000809271014556088","0.00590495102101321","0.000148458397887385","4.05473262774197e-05","Medium Risk"
"494","18601","653","0.000378933172552704","0.208413244903987","4.94903313494296","0.000785221355876858","0.00572946956422233","0.00014404655842565","3.93423537283136e-05","Medium Risk"
"495","18600","624","0.000362104593679766","0.199157526523871","4.72924452711242","0.000750349350791974","0.00547502145187555","0.000137649391206134","3.75951435321098e-05","Medium Risk"
"496","18599","582","0.000337732169105166","0.185752693007842","4.4109299916337","0.000699845067565592","0.00510651039261469","0.00012838452833649","3.5064701178987e-05","Medium Risk"
"497","18598","569","0.000330188323403505","0.181603577871928","4.31240406398551","0.000684212789424092","0.00499244744570062","0.000125516832686362","3.42814690220681e-05","Medium Risk"
"498","18597","542","0.000314520336176976","0.172986184897337","4.10777329117776","0.000651745750207132","0.00475554747903293","0.00011956084941302","3.26547560807748e-05","Medium Risk"
"499","18596","513","0.000297691757304038","0.163730466517221","3.88798468334722","0.000616873745122248","0.00450109936668614","0.000113163682193504","3.0907545884571e-05","Medium Risk"
"500","18595","488","0.00028318436172392","0.155751398948156","3.69851174556228","0.000586811671773211","0.00428174754569754","0.000107648882866336","2.94013301981884e-05","Medium Risk"
"501","18594","473","0.000274479924375848","0.150963958406717","3.5848279828913","0.000568774427763788","0.00415013645310438","0.000104340003270034","2.84976007863589e-05","Medium Risk"
"502","18593","433","0.000251268091447658","0.138197450296212","3.28167128243537","0.000520675110405329","0.00379917353952261","9.55163243465638e-05","2.60876556881467e-05","Medium Risk"
"503","18592","422","0.000244884837392406","0.134686660565823","3.19830318980999","0.000507447798131752","0.00370265873828763","9.30898126426095e-05","2.54249207861384e-05","Medium Risk"
"504","18591","379","0.000219932116994602","0.120962664347031","2.87240973681987","0.000455741031971408","0.00332537360618723","8.36043577998791e-05","2.28342298055603e-05","Medium Risk"
"505","18590","288","0.000167125197082969","0.0919188583956329","2.18272824328265","0.000346315084980911","0.00252693297778871","6.35304882489849e-05","1.73516047071276e-05","Low Risk"
"506","18589","278","0.000161322238850921","0.0887272313680068","2.10693906816867","0.000334290255641296","0.00243919224939327","6.13245685181173e-05","1.67491184325746e-05","Low Risk"
"507","18588","266","0.000154358688972464","0.0848972789348554","2.0159920580319","0.000319860460433759","0.00233390337531874","5.86774648410764e-05","1.60261349031109e-05","Low Risk"
"508","18587","232","0.000134628630983503","0.0740457470409265","1.75830886264437","0.000278976040679067","0.00203558489877424","5.11773377561269e-05","1.39776815696306e-05","Low Risk"
"509","18586","318","0.000184534071779112","0.101493739478511","2.41009576862459","0.000382389572999756","0.00279015516297504","7.01482474415872e-05","1.91590635307867e-05","Medium Risk"
"510","18585","353","0.000204844425591278","0.112664434075203","2.67535788152353","0.000424476475688409","0.00309724771235908","7.78689664996239e-05","2.12677654917224e-05","Medium Risk"
"511","18584","340","0.000197300579889616","0.108515318939289","2.57683195387536","0.000408844197546909","0.00298318476544501","7.50012708494964e-05","2.04845333348034e-05","Medium Risk"
"512","18583","383","0.000222253300287421","0.122239315158081","2.90272540686547","0.000460550963707254","0.00336046989754541","8.44867256922262e-05","2.30752243153815e-05","Medium Risk"
"513","18582","380","0.000220512412817806","0.121281827049793","2.87998865433128","0.000456943514905369","0.00333414767902677","8.38249497729663e-05","2.28944784330156e-05","Medium Risk"
"514","18581","394","0.000228636554342673","0.12575010488847","2.98609349949084","0.00047377827598083","0.00345698469878039","8.69132373961805e-05","2.37379592173898e-05","Medium Risk"
"515","18580","403","0.000233859216751516","0.128622569213334","3.05430375709343","0.000484600622386484","0.00353595135433629","8.88985651539615e-05","2.42801968644876e-05","Medium Risk"
"516","18579","434","0.000251848387270863","0.138516612998975","3.28925019994678","0.00052187759333929","0.00380794761236216","9.5736916319651e-05","2.6147904315602e-05","Medium Risk"
"517","18578","428","0.000248366612331634","0.136601636782399","3.24377669487839","0.000514662695735521","0.00375530317532489","9.44133644811305e-05","2.57864125508702e-05","Medium Risk"
"518","18577","424","0.000246045429038815","0.135324985971348","3.2134610248328","0.000509852763999675","0.00372020688396672","9.35309965887834e-05","2.5545418041049e-05","Medium Risk"
"519","18576","514","0.000298272053127243","0.164049629219984","3.89556360085862","0.00061807622805621","0.00450987343952569","0.000113384274166591","3.09677945120263e-05","Medium Risk"
"520","18575","503","0.000291888799071991","0.160538839489595","3.81219550823324","0.000604848915782633","0.0044133586382907","0.000110957762462637","3.0305059610018e-05","Medium Risk"
"521","18574","517","0.000300012940596857","0.165007117328272","3.91830035339282","0.000621683676858094","0.00453619565804432","0.000114046050085851","3.11485403943922e-05","Medium Risk"
"522","18573","548","0.000318002111116205","0.174901161113913","4.15324679624615","0.000658960647810901","0.00480819191607019","0.00012088440125154","3.30162478455067e-05","Medium Risk"
"523","18572","494","0.000286666136663148","0.157666375164731","3.74398525063067","0.00059402656937698","0.0043343919827348","0.000108972434704856","2.97628219629202e-05","Medium Risk"
"524","18571","458","0.000265775487027777","0.146176517865277","3.47114422022033","0.000550737183754366","0.00401852536051122","0.000101031123673733","2.75938713745293e-05","Medium Risk"
"525","18570","498","0.000288987319955967","0.158943025975782","3.77430092067624","0.000598836501112826","0.00436948827409298","0.000109854802597203","3.00038164727415e-05","Medium Risk"
"526","18569","461","0.000267516374497391","0.147134005973565","3.49388097275453","0.00055434463255625","0.00404484757902985","0.000101692899592993","2.77746172568952e-05","Medium Risk"
"527","18568","491","0.000284925249193534","0.156708887056444","3.72124849809646","0.000590419120575095","0.00430806976421618","0.000108310658785596","2.95820760805543e-05","Medium Risk"
"528","18567","516","0.000299432644773653","0.164687954625509","3.91072143588142","0.000620481193924133","0.00452742158520478","0.000113825458112765","3.10882917669369e-05","Medium Risk"
"529","18566","512","0.000297111461480834","0.163411303814459","3.88040576583583","0.000615671262188287","0.0044923252938466","0.000112943090220418","3.08472972571157e-05","Medium Risk"
